data_venda,id_pedido,id_item,produto,categoria,quantidade,valor_unitario,desconto,canal,forma_pagamento,custo_unitario,status
01/01/2025,PED-1000,,Brigadeiro,Doces,5,"9,19","0,72",WhatsApp,Dinheiro,"2,92",Cancelado
01/01/2025,PED-1000,,Torta Holandesa,Tortas,5,"13,14",,Balcão,PIX,"4,67",Concluído
01/01/2025,PED-1000,,Bolo Red Velvet,Bolos,3,"18,93",,iFood,Dinheiro,,Concluído
01/01/2025,PED-1001,,Bolo de Cenoura,Bolos,4,"6,77",,Encomenda,Dinheiro,,Cancelado
01/01/2025,PED-1001,,Trufa de Maracujá,Doces,5,"17,00",,Balcão,PIX,"7,49",Concluído
01/01/2025,PED-1001,,Torta de Limão,Tortas,2,"8,26",,iFood,PIX,"3,22",Concluído
01/01/2025,PED-1001,,Brigadeiro Gourmet,Doces,2,"19,55",,Balcão,PIX,,Cancelado
01/01/2025,PED-1002,,Bolo Red Velvet,Bolos,3,"20,54",,Balcão,PIX,,Concluído
01/01/2025,PED-1002,,Coxinha,Salgados,4,"17,92",,iFood,PIX,"8,75",Concluído
01/01/2025,PED-1003,,Torta de Limão,Tortas,2,"10,71",,Encomenda,Cartão Crédito,,Concluído
01/01/2025,PED-1003,,Coxinha,Salgados,2,"13,98","1,80",Balcão,PIX,"4,32",Concluído
01/01/2025,PED-1003,,Bolo Red Velvet,Bolos,4,"32,87",,Encomenda,Cartão Débito,"13,77",Cancelado
01/01/2025,PED-1003,,Brigadeiro Gourmet,Doces,1,"5,47",,iFood,Dinheiro,,Concluído
01/01/2025,PED-1004,,Bolo Red Velvet,Bolos,2,"25,50",,iFood,PIX,,Concluído
01/01/2025,PED-1004,,Coxinha,Salgados,2,"20,31",,Balcão,Cartão Débito,"8,07",Concluído
01/01/2025,PED-1004,,Bolo de Chocolate,Bolos,1,"14,80",,Balcão,PIX,"5,87",Concluído
01/01/2025,PED-1004,,Brigadeiro Gourmet,Doces,4,"32,02",,Encomenda,PIX,"15,19",Cancelado
01/01/2025,PED-1005,,Torta Holandesa,Tortas,3,"21,34","1,62",iFood,Dinheiro,"7,36",Cancelado
01/01/2025,PED-1005,,Brigadeiro Gourmet,Doces,2,"27,68",,Balcão,PIX,"12,22",Concluído
01/01/2025,PED-1006,,Trufa de Maracujá,Doces,5,"7,90",,WhatsApp,PIX,,Cancelado
01/01/2025,PED-1007,,Brigadeiro,Doces,1,"8,86","2,18",Balcão,Dinheiro,"3,38",Concluído
01/01/2025,PED-1007,,Coxinha,Salgados,3,"21,49",,Encomenda,PIX,"7,26",Concluído
01/01/2025,PED-1007,,Trufa de Morango,Doces,3,"12,51",,Balcão,Cartão Crédito,,Cancelado
01/01/2025,PED-1007,,Torta Holandesa,Tortas,1,"9,01",,WhatsApp,PIX,,Concluído
01/01/2025,PED-1008,,Coxinha,Salgados,4,"11,74","0,50",Encomenda,Cartão Débito,"5,36",Concluído
01/01/2025,PED-1008,,Brigadeiro,Doces,5,"33,53","2,19",Balcão,Dinheiro,"12,04",Concluído
01/01/2025,PED-1008,,Trufa de Morango,Doces,1,"7,34","1,99",WhatsApp,Dinheiro,"3,45",Cancelado
01/01/2025,PED-1008,,Bolo de Chocolate,Bolos,2,"8,28",,WhatsApp,Cartão Crédito,,Concluído
01/01/2025,PED-1009,,Pão de Queijo,Salgados,5,"6,62","0,70",iFood,Cartão Débito,,Concluído
01/01/2025,PED-1009,,Torta Holandesa,Tortas,3,"32,43",,iFood,Cartão Crédito,"14,08",Concluído
01/01/2025,PED-1010,,Bolo de Chocolate,Bolos,5,"23,77",,iFood,PIX,"8,14",Concluído
01/01/2025,PED-1011,,Brigadeiro,Doces,3,"20,13","0,90",iFood,Dinheiro,,Cancelado
01/01/2025,PED-1012,,Torta de Limão,Tortas,1,"15,83",,WhatsApp,Cartão Débito,,Concluído
01/01/2025,PED-1012,,Bolo de Cenoura,Bolos,2,"29,77",,iFood,Cartão Crédito,"12,70",Concluído
01/01/2025,PED-1012,,Bolo Red Velvet,Bolos,1,"7,08","2,12",Balcão,Dinheiro,,Concluído
02/01/2025,PED-1013,,Bolo Red Velvet,Bolos,4,"33,90",,WhatsApp,Dinheiro,"16,57",Concluído
02/01/2025,PED-1013,,Coxinha,Salgados,5,"28,85","0,87",Balcão,Cartão Débito,"10,43",Concluído
02/01/2025,PED-1013,,Empada de Frango,Salgados,2,"32,93",,Encomenda,PIX,"13,56",Concluído
02/01/2025,PED-1014,,Bolo Red Velvet,Bolos,2,"6,01",,Encomenda,PIX,,Concluído
02/01/2025,PED-1014,,Trufa de Morango,Doces,1,"11,52",,WhatsApp,PIX,,Concluído
02/01/2025,PED-1015,,Brigadeiro Gourmet,Doces,2,"5,96",,iFood,Cartão Débito,"1,87",Cancelado
02/01/2025,PED-1015,,Brigadeiro,Doces,5,"21,37",,WhatsApp,Cartão Débito,"10,55",Concluído
02/01/2025,PED-1015,,Torta de Limão,Tortas,5,"9,44",,iFood,Cartão Crédito,,Cancelado
02/01/2025,PED-1016,,Trufa de Morango,Doces,2,"28,61",,Balcão,PIX,,Concluído
02/01/2025,PED-1017,,Bolo de Cenoura,Bolos,1,"32,17",,iFood,Cartão Crédito,"13,94",Concluído
02/01/2025,PED-1017,,Torta de Limão,Tortas,2,"27,70","0,99",Encomenda,PIX,,Cancelado
02/01/2025,PED-1017,,Trufa de Maracujá,Doces,3,"28,31",,iFood,Cartão Crédito,"9,68",Concluído
02/01/2025,PED-1017,,Pão de Queijo,Salgados,2,"23,11","1,80",WhatsApp,Dinheiro,,Concluído
02/01/2025,PED-1018,,Bolo de Cenoura,Bolos,2,"14,20",,Balcão,Cartão Crédito,"7,05",Concluído
02/01/2025,PED-1018,,Brigadeiro,Doces,5,"30,79","0,99",Balcão,Dinheiro,"10,73",Concluído
02/01/2025,PED-1018,,Brigadeiro Gourmet,Doces,2,"13,96","2,55",Balcão,Cartão Crédito,"4,88",Concluído
02/01/2025,PED-1019,,Torta de Limão,Tortas,5,"23,12","2,58",Encomenda,PIX,,Concluído
02/01/2025,PED-1019,,Empada de Frango,Salgados,3,"23,43",,iFood,Cartão Crédito,,Concluído
02/01/2025,PED-1019,,Torta Holandesa,Tortas,4,"16,24",,Balcão,PIX,"5,96",Concluído
02/01/2025,PED-1019,,Trufa de Maracujá,Doces,4,"14,47",,Balcão,Cartão Crédito,,Concluído
02/01/2025,PED-1020,,Empada de Frango,Salgados,2,"7,55","2,63",Balcão,Cartão Crédito,"3,42",Concluído
02/01/2025,PED-1020,,Coxinha,Salgados,3,"5,24","1,26",Encomenda,PIX,,Concluído
02/01/2025,PED-1020,,Trufa de Morango,Doces,3,"13,98","1,61",Encomenda,PIX,"5,13",Concluído
02/01/2025,PED-1021,,Pão de Queijo,Salgados,4,"6,10",,Encomenda,PIX,"2,35",Concluído
02/01/2025,PED-1021,,Empada de Frango,Salgados,4,"15,65",,Encomenda,Cartão Débito,"5,75",Concluído
02/01/2025,PED-1022,,Bolo de Cenoura,Bolos,1,"27,09",,Balcão,Dinheiro,"8,49",Concluído
02/01/2025,PED-1022,,Coxinha,Salgados,1,"13,16",,Balcão,PIX,"5,19",Concluído
02/01/2025,PED-1022,,Bolo de Chocolate,Bolos,3,"33,65",,Balcão,PIX,"14,18",Concluído
02/01/2025,PED-1023,,Pão de Queijo,Salgados,3,"6,05","1,97",Balcão,PIX,"2,68",Concluído
02/01/2025,PED-1024,,Torta de Limão,Tortas,1,"28,18","1,38",Balcão,Cartão Débito,,Concluído
02/01/2025,PED-1024,,Pão de Queijo,Salgados,4,"22,20","0,77",Encomenda,PIX,,Concluído
02/01/2025,PED-1024,,Bolo de Cenoura,Bolos,5,"12,21",,Encomenda,Cartão Crédito,,Concluído
02/01/2025,PED-1025,,Trufa de Maracujá,Doces,4,"16,42","1,12",iFood,Dinheiro,"7,12",Concluído
02/01/2025,PED-1025,,Brigadeiro,Doces,2,"18,31",,iFood,Cartão Débito,"6,43",Cancelado
02/01/2025,PED-1025,,Bolo de Cenoura,Bolos,5,"5,41",,Encomenda,PIX,"2,40",Concluído
02/01/2025,PED-1026,,Coxinha,Salgados,4,"14,07",,Encomenda,Cartão Débito,"5,85",Concluído
02/01/2025,PED-1026,,Bolo de Chocolate,Bolos,3,"27,54","1,40",Balcão,PIX,"9,64",Concluído
02/01/2025,PED-1026,,Bolo de Cenoura,Bolos,5,"9,89",,iFood,Cartão Débito,"4,42",Concluído
02/01/2025,PED-1026,,Brigadeiro Gourmet,Doces,3,"12,95",,WhatsApp,Cartão Débito,"3,92",Concluído
02/01/2025,PED-1027,,Empada de Frango,Salgados,2,"16,96","2,13",iFood,Cartão Crédito,"5,12",Concluído
03/01/2025,PED-1028,,Brigadeiro Gourmet,Doces,1,"24,56",,Balcão,PIX,"7,73",Concluído
03/01/2025,PED-1029,,Bolo de Cenoura,Bolos,4,"27,85",,Encomenda,Cartão Crédito,,Concluído
03/01/2025,PED-1029,,Brigadeiro,Doces,5,"17,17",,Balcão,PIX,"5,35",Concluído
03/01/2025,PED-1029,,Torta Holandesa,Tortas,1,"15,83",,Balcão,Cartão Crédito,"4,98",Concluído
03/01/2025,PED-1030,,Brigadeiro Gourmet,Doces,3,"33,95","2,29",iFood,PIX,"11,76",Concluído
03/01/2025,PED-1030,,Bolo de Chocolate,Bolos,5,"9,70",,WhatsApp,Dinheiro,,Concluído
03/01/2025,PED-1030,,Brigadeiro,Doces,3,"11,79",,iFood,Cartão Crédito,"4,64",Concluído
03/01/2025,PED-1030,,Torta Holandesa,Tortas,5,"25,49","1,76",Encomenda,Cartão Débito,"7,85",Cancelado
03/01/2025,PED-1031,,Bolo de Chocolate,Bolos,5,"32,61",,iFood,Dinheiro,,Concluído
03/01/2025,PED-1031,,Bolo de Cenoura,Bolos,5,"24,27","2,16",WhatsApp,Cartão Crédito,,Concluído
03/01/2025,PED-1031,,Brigadeiro,Doces,4,"8,73","1,39",WhatsApp,Cartão Débito,"3,78",Concluído
03/01/2025,PED-1032,,Brigadeiro Gourmet,Doces,4,"6,50",,Encomenda,Dinheiro,"2,10",Cancelado
03/01/2025,PED-1032,,Torta de Limão,Tortas,4,"23,92",,Encomenda,Cartão Crédito,"10,15",Concluído
03/01/2025,PED-1032,,Trufa de Morango,Doces,3,"13,33",,Encomenda,Cartão Crédito,,Concluído
03/01/2025,PED-1032,,Empada de Frango,Salgados,5,"6,18",,iFood,Dinheiro,,Cancelado
03/01/2025,PED-1033,,Bolo de Cenoura,Bolos,2,"9,81",,Encomenda,Cartão Crédito,"3,47",Concluído
03/01/2025,PED-1033,,Brigadeiro,Doces,5,"23,70","0,87",WhatsApp,Dinheiro,"9,95",Concluído
03/01/2025,PED-1033,,Torta Holandesa,Tortas,3,"21,99",,iFood,Cartão Débito,,Cancelado
03/01/2025,PED-1033,,Coxinha,Salgados,4,"28,75",,iFood,Cartão Crédito,"11,40",Concluído
03/01/2025,PED-1034,,Brigadeiro,Doces,2,"20,68","2,69",Encomenda,Cartão Crédito,"9,28",Concluído
03/01/2025,PED-1034,,Torta Holandesa,Tortas,1,"25,28",,Encomenda,Dinheiro,,Cancelado
03/01/2025,PED-1034,,Pão de Queijo,Salgados,1,"23,71",,WhatsApp,Dinheiro,"10,21",Concluído
03/01/2025,PED-1035,,Trufa de Maracujá,Doces,1,"31,61",,Encomenda,Cartão Débito,,Concluído
03/01/2025,PED-1035,,Pão de Queijo,Salgados,1,"27,16",,iFood,PIX,"11,86",Concluído
03/01/2025,PED-1035,,Trufa de Morango,Doces,1,"22,77",,Balcão,Dinheiro,"9,99",Concluído
03/01/2025,PED-1036,,Brigadeiro Gourmet,Doces,3,"19,68",,WhatsApp,PIX,"7,52",Concluído
03/01/2025,PED-1037,,Pão de Queijo,Salgados,5,"20,66",,WhatsApp,Cartão Crédito,"8,60",Concluído
04/01/2025,PED-1038,,Coxinha,Salgados,5,"16,78",,iFood,Cartão Crédito,"6,19",Concluído
04/01/2025,PED-1039,,Brigadeiro Gourmet,Doces,2,"9,36",,iFood,Dinheiro,"4,66",Concluído
04/01/2025,PED-1039,,Brigadeiro,Doces,1,"16,24",,Encomenda,Cartão Débito,,Concluído
04/01/2025,PED-1039,,Trufa de Morango,Doces,3,"29,86",,WhatsApp,Dinheiro,,Concluído
04/01/2025,PED-1039,,Coxinha,Salgados,4,"17,65",,Balcão,Cartão Débito,,Concluído
04/01/2025,PED-1040,,Bolo Red Velvet,Bolos,5,"19,98",,iFood,Cartão Crédito,,Concluído
04/01/2025,PED-1040,,Brigadeiro,Doces,1,"18,87",,Encomenda,Cartão Débito,"9,30",Concluído
04/01/2025,PED-1040,,Torta Holandesa,Tortas,1,"21,16",,iFood,Cartão Crédito,"9,19",Concluído
04/01/2025,PED-1040,,Empada de Frango,Salgados,2,"9,43",,iFood,PIX,,Concluído
04/01/2025,PED-1041,,Torta Holandesa,Tortas,1,"10,72",,Balcão,PIX,"4,27",Cancelado
04/01/2025,PED-1041,,Brigadeiro Gourmet,Doces,4,"10,55",,Encomenda,PIX,,Concluído
04/01/2025,PED-1041,,Trufa de Morango,Doces,1,"31,82","2,63",iFood,Dinheiro,,Concluído
04/01/2025,PED-1041,,Bolo de Cenoura,Bolos,4,"13,89",,Balcão,Cartão Débito,,Cancelado
04/01/2025,PED-1042,,Bolo de Chocolate,Bolos,1,"12,77","2,92",Balcão,Dinheiro,"4,37",Concluído
04/01/2025,PED-1042,,Trufa de Morango,Doces,2,"14,97",,WhatsApp,PIX,"6,78",Concluído
04/01/2025,PED-1042,,Brigadeiro Gourmet,Doces,2,"18,45",,WhatsApp,Cartão Débito,"9,16",Concluído
04/01/2025,PED-1043,,Torta de Limão,Tortas,2,"6,05",,WhatsApp,Cartão Débito,,Concluído
04/01/2025,PED-1044,,Brigadeiro Gourmet,Doces,4,"10,19",,Encomenda,Cartão Crédito,,Concluído
04/01/2025,PED-1044,,Bolo de Chocolate,Bolos,5,"26,02","0,77",Balcão,Cartão Débito,"12,72",Concluído
04/01/2025,PED-1045,,Bolo de Chocolate,Bolos,4,"24,61",,Balcão,Dinheiro,"11,86",Concluído
04/01/2025,PED-1046,,Bolo de Cenoura,Bolos,5,"16,26",,iFood,Cartão Crédito,"6,82",Cancelado
04/01/2025,PED-1046,,Bolo Red Velvet,Bolos,4,"29,79",,WhatsApp,Cartão Crédito,,Concluído
04/01/2025,PED-1047,,Trufa de Morango,Doces,4,"23,57",,iFood,Cartão Débito,"8,54",Concluído
04/01/2025,PED-1047,,Trufa de Maracujá,Doces,4,"33,13",,Balcão,Cartão Crédito,,Concluído
04/01/2025,PED-1048,,Bolo Red Velvet,Bolos,5,"29,02",,Encomenda,Cartão Débito,,Concluído
04/01/2025,PED-1048,,Empada de Frango,Salgados,1,"34,53",,iFood,Dinheiro,,Cancelado
04/01/2025,PED-1048,,Bolo de Chocolate,Bolos,2,"25,78","0,89",iFood,Dinheiro,"8,29",Concluído
04/01/2025,PED-1049,,Trufa de Morango,Doces,5,"30,46",,iFood,Dinheiro,,Concluído
04/01/2025,PED-1049,,Empada de Frango,Salgados,3,"16,19",,WhatsApp,Cartão Crédito,"5,44",Concluído
04/01/2025,PED-1050,,Torta Holandesa,Tortas,1,"6,25",,WhatsApp,Cartão Débito,"2,44",Concluído
04/01/2025,PED-1050,,Torta de Limão,Tortas,3,"34,55",,WhatsApp,PIX,,Cancelado
04/01/2025,PED-1051,,Torta de Limão,Tortas,3,"8,34","1,63",iFood,PIX,"3,23",Cancelado
04/01/2025,PED-1052,,Trufa de Maracujá,Doces,1,"22,60","1,22",WhatsApp,Cartão Crédito,"8,17",Cancelado
04/01/2025,PED-1053,,Bolo de Chocolate,Bolos,3,"13,37",,iFood,Cartão Débito,,Concluído
04/01/2025,PED-1054,,Bolo de Chocolate,Bolos,4,"25,37",,iFood,Dinheiro,"11,18",Concluído
04/01/2025,PED-1055,,Trufa de Morango,Doces,4,"5,76",,Encomenda,Cartão Crédito,,Concluído
04/01/2025,PED-1056,,Bolo de Cenoura,Bolos,2,"18,30","2,55",iFood,Dinheiro,,Concluído
04/01/2025,PED-1056,,Trufa de Morango,Doces,2,"9,33","1,61",iFood,Cartão Débito,"3,53",Concluído
04/01/2025,PED-1056,,Bolo de Chocolate,Bolos,2,"18,64",,iFood,Cartão Débito,"6,31",Concluído
05/01/2025,PED-1057,,Brigadeiro,Doces,1,"11,26","0,95",Encomenda,Cartão Débito,"4,64",Concluído
05/01/2025,PED-1057,,Bolo Red Velvet,Bolos,4,"11,18","0,67",iFood,Dinheiro,"4,03",Concluído
05/01/2025,PED-1057,,Pão de Queijo,Salgados,1,"25,78","1,29",iFood,Dinheiro,"8,02",Concluído
05/01/2025,PED-1058,,Coxinha,Salgados,5,"23,42",,WhatsApp,Dinheiro,"9,25",Concluído
05/01/2025,PED-1058,,Pão de Queijo,Salgados,3,"9,23",,WhatsApp,Cartão Crédito,"3,08",Concluído
05/01/2025,PED-1058,,Empada de Frango,Salgados,5,"26,46",,Encomenda,Cartão Crédito,"12,79",Concluído
05/01/2025,PED-1058,,Bolo de Chocolate,Bolos,5,"32,80",,Encomenda,Cartão Débito,"10,45",Concluído
05/01/2025,PED-1059,,Trufa de Maracujá,Doces,2,"28,86",,Encomenda,PIX,"12,44",Cancelado
05/01/2025,PED-1059,,Bolo de Cenoura,Bolos,1,"34,03","1,29",iFood,PIX,,Cancelado
05/01/2025,PED-1060,,Torta de Limão,Tortas,4,"32,46",,WhatsApp,Cartão Débito,"11,74",Concluído
05/01/2025,PED-1061,,Brigadeiro,Doces,1,"11,34",,Balcão,Cartão Débito,"4,62",Cancelado
05/01/2025,PED-1061,,Bolo Red Velvet,Bolos,5,"10,36",,WhatsApp,Cartão Crédito,"4,83",Concluído
05/01/2025,PED-1062,,Trufa de Maracujá,Doces,3,"30,00","2,42",Encomenda,PIX,"10,43",Concluído
05/01/2025,PED-1062,,Torta de Limão,Tortas,5,"32,78","1,62",Encomenda,Cartão Crédito,,Concluído
05/01/2025,PED-1062,,Brigadeiro,Doces,5,"13,17",,iFood,Dinheiro,"5,21",Cancelado
05/01/2025,PED-1062,,Coxinha,Salgados,3,"10,10",,WhatsApp,Cartão Crédito,"4,85",Concluído
05/01/2025,PED-1063,,Coxinha,Salgados,4,"6,09","0,63",Balcão,Cartão Débito,"2,11",Concluído
05/01/2025,PED-1063,,Trufa de Maracujá,Doces,3,"6,15",,iFood,PIX,,Concluído
05/01/2025,PED-1064,,Brigadeiro Gourmet,Doces,2,"24,35","2,44",Balcão,Dinheiro,"7,33",Concluído
05/01/2025,PED-1065,,Bolo Red Velvet,Bolos,5,"34,78","1,85",iFood,Dinheiro,"12,43",Concluído
05/01/2025,PED-1065,,Empada de Frango,Salgados,4,"14,76","2,13",Encomenda,Dinheiro,"6,89",Cancelado
05/01/2025,PED-1066,,Torta Holandesa,Tortas,4,"16,93",,Balcão,Cartão Débito,"6,48",Concluído
05/01/2025,PED-1066,,Bolo Red Velvet,Bolos,5,"26,54",,Encomenda,Cartão Débito,"10,45",Concluído
05/01/2025,PED-1067,,Trufa de Maracujá,Doces,3,"7,76",,iFood,PIX,,Concluído
05/01/2025,PED-1068,,Empada de Frango,Salgados,4,"33,04","2,28",WhatsApp,Dinheiro,,Concluído
05/01/2025,PED-1068,,Trufa de Maracujá,Doces,3,"6,51",,Balcão,Cartão Débito,,Concluído
05/01/2025,PED-1068,,Bolo Red Velvet,Bolos,4,"26,11","2,58",WhatsApp,Cartão Débito,"11,76",Concluído
07/01/2025,PED-1069,,Trufa de Maracujá,Doces,4,"22,89","2,40",Encomenda,Cartão Débito,,Concluído
07/01/2025,PED-1070,,Torta Holandesa,Tortas,1,"15,92","2,36",WhatsApp,Cartão Débito,"6,69",Concluído
07/01/2025,PED-1070,,Coxinha,Salgados,1,"9,20",,Encomenda,PIX,"3,86",Concluído
07/01/2025,PED-1070,,Trufa de Maracujá,Doces,4,"19,39",,Encomenda,Cartão Débito,,Concluído
07/01/2025,PED-1070,,Empada de Frango,Salgados,4,"8,07",,WhatsApp,Cartão Crédito,,Concluído
07/01/2025,PED-1071,,Bolo de Cenoura,Bolos,3,"31,42","1,42",Balcão,PIX,,Concluído
07/01/2025,PED-1071,,Brigadeiro,Doces,3,"20,19",,Encomenda,Cartão Débito,"8,19",Concluído
07/01/2025,PED-1072,,Bolo de Cenoura,Bolos,4,"12,62","1,82",Balcão,Cartão Débito,,Concluído
07/01/2025,PED-1072,,Bolo de Chocolate,Bolos,4,"33,83",,Encomenda,PIX,,Concluído
07/01/2025,PED-1073,,Bolo de Cenoura,Bolos,4,"12,07",,Balcão,Cartão Débito,,Concluído
07/01/2025,PED-1073,,Coxinha,Salgados,2,"11,45",,WhatsApp,PIX,"3,71",Concluído
07/01/2025,PED-1074,,Bolo de Chocolate,Bolos,5,"24,14",,Encomenda,Cartão Crédito,"9,16",Concluído
07/01/2025,PED-1074,,Trufa de Maracujá,Doces,1,"28,54",,Encomenda,Cartão Crédito,,Cancelado
07/01/2025,PED-1074,,Empada de Frango,Salgados,2,"19,11",,WhatsApp,Cartão Crédito,,Cancelado
07/01/2025,PED-1074,,Torta de Limão,Tortas,1,"7,26",,WhatsApp,Cartão Débito,"2,41",Cancelado
07/01/2025,PED-1075,,Bolo de Cenoura,Bolos,5,"31,01",,Balcão,PIX,,Cancelado
07/01/2025,PED-1075,,Brigadeiro Gourmet,Doces,2,"28,78",,Balcão,Dinheiro,,Concluído
07/01/2025,PED-1075,,Brigadeiro,Doces,5,"6,86",,Encomenda,Dinheiro,,Concluído
07/01/2025,PED-1076,,Torta de Limão,Tortas,4,"15,03","1,26",Encomenda,Cartão Crédito,"4,68",Concluído
07/01/2025,PED-1076,,Brigadeiro Gourmet,Doces,2,"24,02",,iFood,Cartão Crédito,"10,65",Concluído
07/01/2025,PED-1076,,Coxinha,Salgados,5,"20,17",,iFood,Cartão Crédito,"7,93",Concluído
07/01/2025,PED-1077,,Bolo de Cenoura,Bolos,4,"16,88","2,71",WhatsApp,Cartão Débito,"7,98",Cancelado
07/01/2025,PED-1077,,Bolo de Chocolate,Bolos,3,"34,53",,Encomenda,Cartão Débito,"13,91",Concluído
07/01/2025,PED-1078,,Bolo de Cenoura,Bolos,5,"21,10",,Balcão,Cartão Débito,"7,81",Concluído
07/01/2025,PED-1079,,Brigadeiro Gourmet,Doces,2,"22,65",,Encomenda,Cartão Débito,,Concluído
07/01/2025,PED-1079,,Empada de Frango,Salgados,1,"21,40",,Encomenda,Cartão Crédito,"7,65",Cancelado
07/01/2025,PED-1079,,Bolo de Chocolate,Bolos,5,"16,45",,iFood,Cartão Débito,"5,25",Cancelado
07/01/2025,PED-1079,,Bolo de Cenoura,Bolos,2,"19,97","1,00",WhatsApp,Cartão Débito,"6,17",Concluído
07/01/2025,PED-1080,,Bolo Red Velvet,Bolos,5,"18,43",,iFood,Cartão Débito,"7,80",Cancelado
07/01/2025,PED-1080,,Pão de Queijo,Salgados,5,"25,87",,iFood,Dinheiro,"7,84",Concluído
07/01/2025,PED-1080,,Empada de Frango,Salgados,3,"28,90",,WhatsApp,Dinheiro,"10,20",Cancelado
07/01/2025,PED-1080,,Torta Holandesa,Tortas,2,"24,67","1,84",Balcão,Dinheiro,"10,75",Concluído
07/01/2025,PED-1081,,Coxinha,Salgados,4,"17,84","0,88",Encomenda,Cartão Crédito,,Concluído
08/01/2025,PED-1082,,Empada de Frango,Salgados,4,"32,12","1,84",iFood,Cartão Débito,"10,74",Concluído
08/01/2025,PED-1082,,Trufa de Maracujá,Doces,4,"29,98",,iFood,Cartão Débito,"10,78",Concluído
08/01/2025,PED-1083,,Trufa de Maracujá,Doces,3,"34,55",,Encomenda,Cartão Débito,"14,11",Concluído
08/01/2025,PED-1083,,Coxinha,Salgados,1,"16,89",,iFood,Cartão Crédito,"6,56",Concluído
08/01/2025,PED-1083,,Torta Holandesa,Tortas,5,"13,27",,WhatsApp,PIX,"5,61",Concluído
08/01/2025,PED-1083,,Empada de Frango,Salgados,5,"32,43",,Encomenda,Dinheiro,"12,40",Concluído
08/01/2025,PED-1084,,Empada de Frango,Salgados,4,"11,46","2,17",iFood,Cartão Débito,"3,89",Concluído
08/01/2025,PED-1085,,Bolo de Cenoura,Bolos,5,"31,71",,WhatsApp,Cartão Crédito,,Concluído
08/01/2025,PED-1086,,Trufa de Morango,Doces,2,"25,29",,Balcão,Cartão Débito,,Cancelado
08/01/2025,PED-1087,,Trufa de Maracujá,Doces,4,"16,65","2,14",WhatsApp,Cartão Crédito,,Concluído
08/01/2025,PED-1088,,Bolo de Cenoura,Bolos,4,"11,65",,Balcão,Cartão Débito,,Concluído
08/01/2025,PED-1088,,Trufa de Maracujá,Doces,2,"28,25","0,94",iFood,Dinheiro,,Concluído
08/01/2025,PED-1089,,Bolo Red Velvet,Bolos,4,"10,75",,Encomenda,Cartão Débito,"4,04",Concluído
08/01/2025,PED-1090,,Pão de Queijo,Salgados,3,"15,71",,iFood,PIX,"5,08",Concluído
08/01/2025,PED-1090,,Torta Holandesa,Tortas,5,"33,10",,iFood,Cartão Débito,,Cancelado
08/01/2025,PED-1090,,Bolo de Chocolate,Bolos,2,"14,04",,iFood,Cartão Crédito,"5,48",Cancelado
08/01/2025,PED-1091,,Empada de Frango,Salgados,5,"32,86",,iFood,Dinheiro,"13,32",Cancelado
08/01/2025,PED-1091,,Torta de Limão,Tortas,1,"9,59",,iFood,Cartão Crédito,"3,16",Concluído
08/01/2025,PED-1091,,Brigadeiro,Doces,2,"32,86","2,33",Balcão,Cartão Crédito,"13,21",Concluído
08/01/2025,PED-1091,,Pão de Queijo,Salgados,4,"26,02",,iFood,Dinheiro,"11,30",Concluído
08/01/2025,PED-1092,,Bolo de Chocolate,Bolos,1,"7,99",,Balcão,Dinheiro,,Concluído
08/01/2025,PED-1092,,Brigadeiro,Doces,3,"6,29",,Encomenda,Cartão Débito,,Concluído
08/01/2025,PED-1092,,Pão de Queijo,Salgados,4,"23,37",,WhatsApp,Cartão Débito,,Concluído
08/01/2025,PED-1093,,Empada de Frango,Salgados,2,"26,66",,Balcão,Cartão Débito,,Concluído
08/01/2025,PED-1093,,Trufa de Morango,Doces,5,"32,58","1,58",WhatsApp,Cartão Crédito,,Concluído
08/01/2025,PED-1094,,Brigadeiro Gourmet,Doces,1,"34,69","0,58",Balcão,PIX,,Concluído
08/01/2025,PED-1094,,Brigadeiro,Doces,1,"7,75",,Balcão,PIX,"3,36",Concluído
08/01/2025,PED-1095,,Coxinha,Salgados,2,"7,31",,iFood,Cartão Débito,"3,53",Concluído
08/01/2025,PED-1095,,Brigadeiro,Doces,2,"17,36",,WhatsApp,Cartão Crédito,"6,16",Cancelado
08/01/2025,PED-1095,,Empada de Frango,Salgados,1,"25,30",,Encomenda,Cartão Débito,,Concluído
08/01/2025,PED-1095,,Torta de Limão,Tortas,2,"21,72","1,26",WhatsApp,PIX,"8,85",Concluído
09/01/2025,PED-1096,,Bolo de Chocolate,Bolos,5,"27,82","0,84",Balcão,Cartão Crédito,"9,47",Concluído
09/01/2025,PED-1096,,Empada de Frango,Salgados,5,"8,78",,Balcão,Dinheiro,"3,29",Concluído
09/01/2025,PED-1096,,Trufa de Morango,Doces,5,"29,06","1,05",iFood,Dinheiro,"13,98",Concluído
09/01/2025,PED-1096,,Pão de Queijo,Salgados,1,"12,78","2,41",WhatsApp,Cartão Crédito,,Concluído
09/01/2025,PED-1097,,Brigadeiro Gourmet,Doces,3,"26,85",,Encomenda,Dinheiro,"12,79",Concluído
09/01/2025,PED-1097,,Trufa de Morango,Doces,2,"18,11",,WhatsApp,PIX,"7,47",Concluído
09/01/2025,PED-1097,,Coxinha,Salgados,5,"15,68","2,89",WhatsApp,Cartão Crédito,"5,31",Cancelado
09/01/2025,PED-1098,,Coxinha,Salgados,3,"31,81","1,15",Encomenda,Cartão Crédito,,Concluído
09/01/2025,PED-1098,,Empada de Frango,Salgados,2,"19,42","0,85",Balcão,Dinheiro,"9,28",Concluído
09/01/2025,PED-1099,,Bolo de Chocolate,Bolos,2,"21,89",,WhatsApp,Cartão Crédito,"7,22",Concluído
09/01/2025,PED-1100,,Pão de Queijo,Salgados,5,"31,12","2,83",Balcão,Dinheiro,,Cancelado
09/01/2025,PED-1101,,Bolo de Chocolate,Bolos,3,"26,94","0,54",WhatsApp,Dinheiro,,Concluído
09/01/2025,PED-1101,,Torta Holandesa,Tortas,2,"26,47",,iFood,Cartão Débito,,Concluído
09/01/2025,PED-1101,,Empada de Frango,Salgados,1,"21,25","1,45",WhatsApp,Cartão Débito,"7,40",Concluído
09/01/2025,PED-1101,,Brigadeiro Gourmet,Doces,1,"31,77","0,73",Balcão,Dinheiro,"13,04",Concluído
09/01/2025,PED-1102,,Coxinha,Salgados,3,"22,77",,Balcão,PIX,,Concluído
09/01/2025,PED-1103,,Brigadeiro Gourmet,Doces,5,"27,24",,Balcão,PIX,"12,80",Cancelado
09/01/2025,PED-1103,,Bolo de Chocolate,Bolos,4,"10,90",,Encomenda,Cartão Débito,"4,49",Concluído
09/01/2025,PED-1103,,Bolo de Cenoura,Bolos,1,"10,73",,Balcão,Cartão Débito,"4,15",Cancelado
09/01/2025,PED-1103,,Torta Holandesa,Tortas,5,"30,14",,Encomenda,Cartão Crédito,"10,68",Concluído
09/01/2025,PED-1104,,Empada de Frango,Salgados,5,"12,60","2,19",WhatsApp,Dinheiro,"5,33",Concluído
09/01/2025,PED-1104,,Trufa de Morango,Doces,2,"15,97",,iFood,Cartão Débito,,Concluído
09/01/2025,PED-1104,,Torta de Limão,Tortas,1,"8,74",,Balcão,PIX,"3,95",Concluído
09/01/2025,PED-1105,,Trufa de Morango,Doces,5,"27,81","1,81",Balcão,Cartão Débito,"8,84",Concluído
09/01/2025,PED-1105,,Coxinha,Salgados,3,"5,50","1,55",WhatsApp,PIX,,Concluído
09/01/2025,PED-1106,,Bolo Red Velvet,Bolos,3,"17,33",,Encomenda,Cartão Débito,"6,70",Concluído
09/01/2025,PED-1106,,Brigadeiro Gourmet,Doces,3,"8,15",,Encomenda,PIX,,Concluído
09/01/2025,PED-1107,,Bolo Red Velvet,Bolos,1,"17,47","2,92",iFood,Cartão Crédito,"7,40",Concluído
09/01/2025,PED-1108,,Torta de Limão,Tortas,5,"18,13",,Encomenda,Cartão Débito,"6,08",Concluído
09/01/2025,PED-1108,,Pão de Queijo,Salgados,4,"33,46",,Encomenda,Cartão Débito,"11,91",Concluído
09/01/2025,PED-1108,,Bolo Red Velvet,Bolos,2,"28,09",,Balcão,Cartão Crédito,,Concluído
09/01/2025,PED-1108,,Brigadeiro Gourmet,Doces,3,"22,95",,Encomenda,Cartão Crédito,,Concluído
09/01/2025,PED-1109,,Brigadeiro,Doces,4,"34,29","2,52",Encomenda,Cartão Crédito,"17,08",Cancelado
09/01/2025,PED-1109,,Brigadeiro Gourmet,Doces,4,"25,75",,iFood,Dinheiro,,Concluído
09/01/2025,PED-1109,,Bolo Red Velvet,Bolos,3,"15,16",,Encomenda,Cartão Débito,"6,50",Concluído
11/01/2025,PED-1110,,Coxinha,Salgados,4,"21,02",,Balcão,Cartão Débito,"6,40",Concluído
11/01/2025,PED-1110,,Trufa de Maracujá,Doces,1,"8,51",,WhatsApp,Cartão Crédito,"3,13",Concluído
11/01/2025,PED-1111,,Bolo de Cenoura,Bolos,3,"7,75",,Balcão,PIX,"2,85",Concluído
11/01/2025,PED-1111,,Coxinha,Salgados,2,"26,13",,Encomenda,PIX,"10,06",Concluído
11/01/2025,PED-1111,,Torta de Limão,Tortas,2,"30,79","0,97",WhatsApp,Cartão Crédito,"13,77",Cancelado
11/01/2025,PED-1111,,Trufa de Maracujá,Doces,4,"22,59",,Balcão,Dinheiro,"10,17",Cancelado
11/01/2025,PED-1112,,Trufa de Maracujá,Doces,4,"13,07",,Encomenda,Cartão Débito,,Cancelado
11/01/2025,PED-1112,,Torta Holandesa,Tortas,5,"20,91",,WhatsApp,Cartão Débito,"9,80",Cancelado
11/01/2025,PED-1113,,Torta de Limão,Tortas,3,"10,48",,WhatsApp,Cartão Crédito,"3,52",Concluído
11/01/2025,PED-1114,,Pão de Queijo,Salgados,2,"22,32",,WhatsApp,PIX,"8,88",Concluído
11/01/2025,PED-1114,,Trufa de Morango,Doces,5,"23,47",,Encomenda,PIX,,Concluído
11/01/2025,PED-1115,,Empada de Frango,Salgados,4,"33,04","1,56",Balcão,PIX,"10,45",Concluído
11/01/2025,PED-1115,,Torta Holandesa,Tortas,3,"6,33",,Encomenda,Dinheiro,"2,47",Cancelado
11/01/2025,PED-1115,,Coxinha,Salgados,3,"9,67",,Encomenda,PIX,"4,36",Concluído
11/01/2025,PED-1115,,Trufa de Morango,Doces,2,"9,19",,Balcão,Cartão Crédito,"3,39",Concluído
11/01/2025,PED-1116,,Brigadeiro,Doces,3,"33,22","2,70",WhatsApp,PIX,"10,89",Concluído
11/01/2025,PED-1116,,Pão de Queijo,Salgados,3,"28,35",,iFood,Cartão Débito,"9,45",Cancelado
11/01/2025,PED-1117,,Empada de Frango,Salgados,4,"10,55",,WhatsApp,PIX,,Concluído
11/01/2025,PED-1117,,Torta de Limão,Tortas,3,"10,99",,Encomenda,Cartão Crédito,,Concluído
11/01/2025,PED-1117,,Bolo de Cenoura,Bolos,3,"28,65","2,10",Balcão,Cartão Crédito,"9,02",Cancelado
11/01/2025,PED-1118,,Torta Holandesa,Tortas,3,"24,99",,Balcão,Cartão Crédito,,Concluído
11/01/2025,PED-1118,,Trufa de Maracujá,Doces,5,"7,59",,WhatsApp,Cartão Crédito,,Concluído
11/01/2025,PED-1118,,Coxinha,Salgados,3,"18,22",,iFood,Dinheiro,"7,23",Concluído
11/01/2025,PED-1119,,Torta de Limão,Tortas,1,"23,82",,Encomenda,PIX,"7,14",Concluído
11/01/2025,PED-1120,,Bolo Red Velvet,Bolos,3,"31,81",,WhatsApp,Dinheiro,"15,29",Concluído
11/01/2025,PED-1120,,Brigadeiro Gourmet,Doces,3,"30,62",,Balcão,Dinheiro,"9,74",Concluído
11/01/2025,PED-1120,,Bolo de Cenoura,Bolos,1,"24,53",,Balcão,Cartão Débito,"9,54",Concluído
11/01/2025,PED-1121,,Torta Holandesa,Tortas,4,"14,37",,iFood,PIX,"5,36",Concluído
11/01/2025,PED-1121,,Bolo Red Velvet,Bolos,2,"10,45",,WhatsApp,Cartão Crédito,,Concluído
11/01/2025,PED-1121,,Coxinha,Salgados,2,"34,59",,Encomenda,PIX,,Concluído
11/01/2025,PED-1121,,Bolo de Cenoura,Bolos,2,"9,11",,Encomenda,Cartão Débito,"3,43",Concluído
11/01/2025,PED-1122,,Brigadeiro Gourmet,Doces,2,"8,45",,Balcão,Cartão Débito,,Concluído
11/01/2025,PED-1122,,Torta de Limão,Tortas,5,"26,20",,iFood,Dinheiro,,Concluído
12/01/2025,PED-1123,,Coxinha,Salgados,1,"29,32",,iFood,PIX,,Concluído
12/01/2025,PED-1123,,Torta de Limão,Tortas,4,"28,28",,Balcão,Dinheiro,,Cancelado
12/01/2025,PED-1124,,Bolo de Chocolate,Bolos,2,"15,73",,Encomenda,Cartão Débito,,Cancelado
12/01/2025,PED-1125,,Trufa de Morango,Doces,5,"27,02",,WhatsApp,PIX,"8,53",Cancelado
12/01/2025,PED-1125,,Torta Holandesa,Tortas,4,"18,38",,WhatsApp,Dinheiro,"7,12",Concluído
12/01/2025,PED-1125,,Bolo de Cenoura,Bolos,4,"8,53","0,79",Balcão,Cartão Débito,,Concluído
12/01/2025,PED-1125,,Empada de Frango,Salgados,1,"9,89",,WhatsApp,Cartão Crédito,,Concluído
12/01/2025,PED-1126,,Bolo Red Velvet,Bolos,1,"16,00",,Balcão,Cartão Débito,"6,17",Cancelado
12/01/2025,PED-1126,,Trufa de Maracujá,Doces,1,"30,70","1,77",WhatsApp,Cartão Débito,"9,55",Concluído
12/01/2025,PED-1126,,Torta Holandesa,Tortas,1,"15,44",,Balcão,Dinheiro,"6,20",Concluído
12/01/2025,PED-1127,,Coxinha,Salgados,4,"19,90",,Balcão,Cartão Crédito,"9,79",Concluído
12/01/2025,PED-1128,,Brigadeiro,Doces,1,"16,11",,Balcão,PIX,"7,00",Concluído
12/01/2025,PED-1128,,Trufa de Morango,Doces,1,"26,12","2,94",iFood,Cartão Débito,"10,26",Concluído
12/01/2025,PED-1128,,Trufa de Maracujá,Doces,5,"8,53",,iFood,PIX,"3,05",Concluído
12/01/2025,PED-1129,,Pão de Queijo,Salgados,5,"35,00",,Balcão,PIX,"17,02",Cancelado
12/01/2025,PED-1129,,Coxinha,Salgados,1,"19,18",,iFood,Dinheiro,"8,27",Concluído
12/01/2025,PED-1129,,Brigadeiro,Doces,2,"26,70","1,57",WhatsApp,Cartão Débito,,Concluído
12/01/2025,PED-1130,,Brigadeiro,Doces,4,"26,28",,Balcão,PIX,"11,81",Concluído
12/01/2025,PED-1131,,Pão de Queijo,Salgados,1,"28,25",,iFood,Cartão Crédito,"9,94",Concluído
12/01/2025,PED-1132,,Coxinha,Salgados,2,"8,05",,Encomenda,Cartão Débito,"2,67",Concluído
12/01/2025,PED-1132,,Brigadeiro Gourmet,Doces,5,"9,94",,Balcão,Dinheiro,"3,90",Concluído
12/01/2025,PED-1132,,Brigadeiro,Doces,3,"33,10",,WhatsApp,Dinheiro,"15,60",Concluído
12/01/2025,PED-1133,,Trufa de Morango,Doces,3,"32,73",,Encomenda,PIX,"12,46",Concluído
12/01/2025,PED-1133,,Empada de Frango,Salgados,1,"23,92",,WhatsApp,PIX,"7,47",Concluído
12/01/2025,PED-1133,,Bolo de Chocolate,Bolos,3,"21,40",,Balcão,Dinheiro,"7,52",Concluído
12/01/2025,PED-1134,,Torta de Limão,Tortas,1,"10,27",,Balcão,PIX,"5,01",Cancelado
12/01/2025,PED-1134,,Coxinha,Salgados,4,"22,74",,iFood,PIX,"8,76",Concluído
12/01/2025,PED-1135,,Brigadeiro Gourmet,Doces,5,"6,41",,Encomenda,Cartão Crédito,,Cancelado
12/01/2025,PED-1135,,Coxinha,Salgados,1,"24,62",,WhatsApp,Dinheiro,"9,45",Concluído
12/01/2025,PED-1135,,Bolo Red Velvet,Bolos,3,"34,21","1,72",iFood,Cartão Crédito,"14,13",Concluído
12/01/2025,PED-1136,,Bolo de Chocolate,Bolos,2,"29,45",,iFood,PIX,"14,67",Concluído
12/01/2025,PED-1136,,Trufa de Maracujá,Doces,2,"9,10",,Balcão,PIX,"4,21",Cancelado
12/01/2025,PED-1137,,Trufa de Maracujá,Doces,3,"29,26",,Balcão,Cartão Débito,,Cancelado
12/01/2025,PED-1137,,Bolo Red Velvet,Bolos,2,"28,08",,Encomenda,Cartão Débito,,Concluído
12/01/2025,PED-1137,,Torta de Limão,Tortas,1,"25,08",,Encomenda,Dinheiro,"8,62",Concluído
12/01/2025,PED-1137,,Brigadeiro,Doces,2,"30,15",,iFood,Dinheiro,"10,11",Concluído
12/01/2025,PED-1138,,Pão de Queijo,Salgados,5,"9,54",,iFood,Cartão Crédito,,Cancelado
12/01/2025,PED-1138,,Bolo Red Velvet,Bolos,3,"9,13",,Encomenda,Cartão Crédito,"3,02",Concluído
12/01/2025,PED-1139,,Torta Holandesa,Tortas,5,"33,40",,WhatsApp,Cartão Crédito,"13,95",Concluído
12/01/2025,PED-1139,,Empada de Frango,Salgados,3,"33,20",,Encomenda,Dinheiro,,Concluído
12/01/2025,PED-1140,,Pão de Queijo,Salgados,4,"9,26",,WhatsApp,Cartão Débito,,Concluído
12/01/2025,PED-1140,,Brigadeiro,Doces,1,"11,87",,WhatsApp,Dinheiro,"4,19",Concluído
12/01/2025,PED-1140,,Torta Holandesa,Tortas,1,"15,51",,Encomenda,PIX,"6,01",Concluído
12/01/2025,PED-1141,,Trufa de Morango,Doces,4,"9,15",,Balcão,Cartão Débito,"2,87",Concluído
12/01/2025,PED-1141,,Trufa de Maracujá,Doces,3,"18,05",,Encomenda,PIX,"6,02",Concluído
12/01/2025,PED-1141,,Empada de Frango,Salgados,1,"27,40","1,36",Encomenda,PIX,,Cancelado
12/01/2025,PED-1141,,Torta Holandesa,Tortas,2,"22,78",,Encomenda,Cartão Débito,"11,27",Concluído
12/01/2025,PED-1142,,Brigadeiro,Doces,5,"21,09","1,90",Encomenda,Dinheiro,"7,84",Concluído
12/01/2025,PED-1142,,Bolo de Cenoura,Bolos,5,"32,11",,iFood,Dinheiro,"10,96",Concluído
12/01/2025,PED-1142,,Bolo de Chocolate,Bolos,3,"9,73","2,50",iFood,Dinheiro,"4,66",Cancelado
13/01/2025,PED-1143,,Trufa de Maracujá,Doces,4,"15,78",,Balcão,PIX,"5,58",Concluído
13/01/2025,PED-1143,,Bolo Red Velvet,Bolos,3,"8,51","2,56",WhatsApp,Dinheiro,,Concluído
13/01/2025,PED-1143,,Coxinha,Salgados,4,"26,40","2,97",iFood,Dinheiro,"9,16",Concluído
13/01/2025,PED-1143,,Bolo de Chocolate,Bolos,1,"34,25",,WhatsApp,PIX,"15,46",Concluído
13/01/2025,PED-1144,,Bolo Red Velvet,Bolos,1,"22,34","2,24",WhatsApp,Cartão Débito,"10,37",Concluído
13/01/2025,PED-1144,,Bolo de Chocolate,Bolos,1,"34,78","0,72",iFood,Cartão Crédito,"14,27",Concluído
13/01/2025,PED-1145,,Bolo de Cenoura,Bolos,5,"28,20",,Balcão,Cartão Débito,,Cancelado
13/01/2025,PED-1145,,Trufa de Morango,Doces,4,"19,08","1,17",Encomenda,Dinheiro,,Concluído
13/01/2025,PED-1145,,Bolo Red Velvet,Bolos,4,"16,28","0,86",iFood,PIX,"7,78",Concluído
13/01/2025,PED-1145,,Pão de Queijo,Salgados,3,"24,46",,iFood,Cartão Débito,"11,33",Concluído
13/01/2025,PED-1146,,Torta Holandesa,Tortas,3,"10,50","2,99",iFood,Cartão Débito,,Concluído
13/01/2025,PED-1146,,Torta de Limão,Tortas,1,"29,77","0,98",Encomenda,Cartão Débito,"13,83",Concluído
13/01/2025,PED-1146,,Bolo de Cenoura,Bolos,2,"26,10",,Encomenda,PIX,,Cancelado
13/01/2025,PED-1146,,Brigadeiro,Doces,1,"28,29",,WhatsApp,Dinheiro,,Concluído
13/01/2025,PED-1147,,Coxinha,Salgados,3,"7,07",,Encomenda,Dinheiro,"3,28",Concluído
13/01/2025,PED-1148,,Trufa de Maracujá,Doces,4,"29,33","0,95",WhatsApp,Cartão Débito,"10,85",Concluído
13/01/2025,PED-1148,,Coxinha,Salgados,1,"16,67",,WhatsApp,PIX,"6,90",Concluído
13/01/2025,PED-1149,,Brigadeiro Gourmet,Doces,5,"21,77",,WhatsApp,Dinheiro,"7,10",Concluído
13/01/2025,PED-1149,,Torta de Limão,Tortas,5,"15,33",,iFood,Cartão Crédito,,Concluído
13/01/2025,PED-1150,,Coxinha,Salgados,3,"24,11","2,23",iFood,Cartão Débito,"7,26",Concluído
13/01/2025,PED-1150,,Brigadeiro Gourmet,Doces,1,"33,03",,iFood,Cartão Débito,"11,73",Concluído
13/01/2025,PED-1150,,Brigadeiro,Doces,3,"31,87",,Balcão,Cartão Crédito,"11,09",Concluído
13/01/2025,PED-1151,,Torta Holandesa,Tortas,4,"31,84",,Encomenda,Cartão Crédito,,Concluído
13/01/2025,PED-1151,,Bolo de Chocolate,Bolos,5,"28,88",,Encomenda,Cartão Débito,"12,78",Cancelado
14/01/2025,PED-1152,,Brigadeiro Gourmet,Doces,2,"24,28",,WhatsApp,Cartão Débito,,Concluído
14/01/2025,PED-1152,,Bolo de Cenoura,Bolos,3,"14,10",,iFood,Cartão Débito,"6,73",Cancelado
14/01/2025,PED-1153,,Coxinha,Salgados,5,"7,19",,Balcão,Cartão Crédito,"2,43",Cancelado
14/01/2025,PED-1153,,Bolo de Cenoura,Bolos,4,"17,22",,Encomenda,Cartão Crédito,"5,85",Concluído
14/01/2025,PED-1153,,Torta Holandesa,Tortas,2,"17,95",,WhatsApp,Cartão Débito,"7,65",Concluído
14/01/2025,PED-1154,,Coxinha,Salgados,2,"16,20",,Balcão,PIX,"5,37",Cancelado
14/01/2025,PED-1155,,Torta de Limão,Tortas,4,"24,55",,Balcão,Cartão Débito,"10,95",Cancelado
14/01/2025,PED-1155,,Trufa de Morango,Doces,1,"12,80",,WhatsApp,PIX,,Concluído
14/01/2025,PED-1155,,Torta Holandesa,Tortas,2,"17,78","0,76",Balcão,Dinheiro,"6,42",Concluído
14/01/2025,PED-1155,,Pão de Queijo,Salgados,4,"16,91",,WhatsApp,Cartão Débito,"7,39",Concluído
14/01/2025,PED-1156,,Brigadeiro,Doces,2,"5,78",,WhatsApp,Dinheiro,"1,75",Concluído
14/01/2025,PED-1156,,Bolo Red Velvet,Bolos,1,"34,12",,Balcão,Dinheiro,,Concluído
14/01/2025,PED-1156,,Trufa de Morango,Doces,1,"31,77",,iFood,Cartão Crédito,"11,94",Concluído
14/01/2025,PED-1157,,Torta Holandesa,Tortas,1,"30,81","1,27",iFood,PIX,,Concluído
14/01/2025,PED-1157,,Torta de Limão,Tortas,5,"9,29",,Encomenda,PIX,"4,24",Cancelado
14/01/2025,PED-1158,,Brigadeiro Gourmet,Doces,3,"13,26","2,30",Encomenda,PIX,"4,08",Concluído
14/01/2025,PED-1158,,Empada de Frango,Salgados,2,"18,54",,Balcão,Cartão Crédito,,Concluído
15/01/2025,PED-1159,,Torta Holandesa,Tortas,1,"34,63",,Encomenda,Cartão Débito,,Concluído
15/01/2025,PED-1160,,Bolo de Chocolate,Bolos,3,"16,90",,Balcão,Dinheiro,"5,46",Concluído
15/01/2025,PED-1160,,Bolo de Cenoura,Bolos,2,"32,17",,iFood,Dinheiro,,Concluído
15/01/2025,PED-1160,,Bolo Red Velvet,Bolos,2,"19,03","0,79",Encomenda,Cartão Crédito,"7,44",Concluído
15/01/2025,PED-1160,,Torta Holandesa,Tortas,2,"31,57",,Balcão,PIX,,Concluído
15/01/2025,PED-1161,,Pão de Queijo,Salgados,5,"12,42",,WhatsApp,Cartão Crédito,,Concluído
15/01/2025,PED-1161,,Coxinha,Salgados,4,"9,62",,Balcão,PIX,"4,14",Concluído
15/01/2025,PED-1161,,Torta Holandesa,Tortas,5,"26,26",,Encomenda,Cartão Débito,"11,69",Concluído
15/01/2025,PED-1161,,Torta de Limão,Tortas,5,"11,08",,Encomenda,Cartão Crédito,"5,39",Concluído
15/01/2025,PED-1162,,Coxinha,Salgados,2,"18,13",,Encomenda,Cartão Crédito,"6,24",Concluído
16/01/2025,PED-1163,,Bolo de Cenoura,Bolos,4,"9,86",,Balcão,Dinheiro,"3,77",Cancelado
16/01/2025,PED-1163,,Coxinha,Salgados,3,"30,35",,Encomenda,Cartão Débito,,Concluído
16/01/2025,PED-1163,,Torta de Limão,Tortas,2,"7,22","2,66",Encomenda,Cartão Débito,"3,27",Concluído
16/01/2025,PED-1163,,Trufa de Maracujá,Doces,1,"9,67",,iFood,Cartão Débito,"3,58",Concluído
16/01/2025,PED-1164,,Bolo Red Velvet,Bolos,2,"25,16","2,60",WhatsApp,Dinheiro,"10,62",Concluído
16/01/2025,PED-1165,,Coxinha,Salgados,3,"34,35","0,77",Balcão,Cartão Crédito,"14,65",Concluído
16/01/2025,PED-1165,,Brigadeiro,Doces,5,"31,97",,Balcão,Dinheiro,,Cancelado
16/01/2025,PED-1166,,Pão de Queijo,Salgados,5,"33,33",,iFood,Cartão Crédito,"14,38",Concluído
16/01/2025,PED-1166,,Coxinha,Salgados,2,"29,94","1,20",iFood,Cartão Crédito,,Concluído
16/01/2025,PED-1166,,Empada de Frango,Salgados,4,"10,65",,iFood,PIX,,Concluído
16/01/2025,PED-1166,,Bolo Red Velvet,Bolos,5,"13,58",,WhatsApp,PIX,,Cancelado
17/01/2025,PED-1167,,Torta Holandesa,Tortas,4,"28,03","1,99",iFood,Cartão Crédito,,Concluído
17/01/2025,PED-1167,,Bolo de Cenoura,Bolos,1,"26,41","0,56",WhatsApp,Cartão Débito,"11,46",Concluído
17/01/2025,PED-1167,,Trufa de Maracujá,Doces,3,"16,73",,iFood,PIX,,Cancelado
17/01/2025,PED-1168,,Trufa de Maracujá,Doces,1,"23,53",,Encomenda,PIX,,Cancelado
17/01/2025,PED-1169,,Torta Holandesa,Tortas,4,"20,62",,Balcão,Dinheiro,,Concluído
17/01/2025,PED-1169,,Torta de Limão,Tortas,5,"13,31","2,72",iFood,PIX,,Concluído
17/01/2025,PED-1169,,Bolo de Chocolate,Bolos,4,"17,04",,Balcão,Cartão Crédito,"5,70",Concluído
17/01/2025,PED-1170,,Brigadeiro Gourmet,Doces,5,"11,59",,WhatsApp,Dinheiro,"4,55",Concluído
17/01/2025,PED-1170,,Empada de Frango,Salgados,5,"18,21",,iFood,Dinheiro,"7,54",Concluído
17/01/2025,PED-1170,,Torta Holandesa,Tortas,2,"26,52",,WhatsApp,Cartão Crédito,"12,12",Cancelado
17/01/2025,PED-1170,,Bolo Red Velvet,Bolos,4,"26,99",,iFood,Cartão Débito,"9,24",Concluído
17/01/2025,PED-1171,,Brigadeiro,Doces,5,"24,45",,WhatsApp,PIX,"9,02",Concluído
17/01/2025,PED-1171,,Pão de Queijo,Salgados,3,"32,95",,iFood,Dinheiro,"13,44",Cancelado
17/01/2025,PED-1171,,Empada de Frango,Salgados,5,"20,35","2,55",WhatsApp,Cartão Débito,"7,31",Cancelado
17/01/2025,PED-1172,,Bolo de Cenoura,Bolos,5,"11,85",,WhatsApp,PIX,,Concluído
17/01/2025,PED-1173,,Brigadeiro,Doces,4,"27,02",,WhatsApp,Dinheiro,,Concluído
17/01/2025,PED-1174,,Bolo de Chocolate,Bolos,2,"7,22",,WhatsApp,Cartão Débito,"2,99",Concluído
17/01/2025,PED-1174,,Bolo de Cenoura,Bolos,4,"20,89","2,11",Balcão,Dinheiro,"6,33",Cancelado
17/01/2025,PED-1174,,Torta de Limão,Tortas,5,"7,59",,iFood,Cartão Débito,"3,04",Cancelado
17/01/2025,PED-1175,,Brigadeiro Gourmet,Doces,4,"22,92",,WhatsApp,Cartão Crédito,"9,32",Cancelado
17/01/2025,PED-1176,,Torta de Limão,Tortas,3,"32,74",,Balcão,Dinheiro,"13,45",Concluído
17/01/2025,PED-1176,,Bolo Red Velvet,Bolos,5,"28,45",,iFood,PIX,"12,79",Concluído
17/01/2025,PED-1176,,Brigadeiro Gourmet,Doces,5,"31,45",,iFood,PIX,"13,31",Concluído
17/01/2025,PED-1177,,Torta de Limão,Tortas,5,"7,22",,Balcão,PIX,"2,26",Cancelado
17/01/2025,PED-1177,,Pão de Queijo,Salgados,3,"24,95",,WhatsApp,Dinheiro,,Concluído
18/01/2025,PED-1178,,Coxinha,Salgados,3,"30,24",,iFood,Cartão Crédito,"11,27",Concluído
18/01/2025,PED-1178,,Torta Holandesa,Tortas,3,"5,19",,Encomenda,Cartão Débito,,Concluído
18/01/2025,PED-1178,,Trufa de Maracujá,Doces,3,"10,50","2,74",iFood,Cartão Crédito,"3,90",Cancelado
18/01/2025,PED-1179,,Bolo Red Velvet,Bolos,5,"31,44",,WhatsApp,PIX,,Concluído
18/01/2025,PED-1180,,Torta Holandesa,Tortas,1,"8,08",,Encomenda,PIX,,Concluído
18/01/2025,PED-1181,,Empada de Frango,Salgados,2,"31,78","1,43",iFood,PIX,"14,44",Concluído
18/01/2025,PED-1181,,Torta Holandesa,Tortas,5,"25,52","0,73",WhatsApp,PIX,"7,71",Cancelado
18/01/2025,PED-1181,,Coxinha,Salgados,4,"10,74",,WhatsApp,Cartão Crédito,"4,43",Concluído
18/01/2025,PED-1182,,Brigadeiro,Doces,2,"24,97",,WhatsApp,Cartão Débito,"7,70",Concluído
18/01/2025,PED-1183,,Coxinha,Salgados,5,"9,22",,iFood,PIX,,Concluído
18/01/2025,PED-1183,,Bolo de Chocolate,Bolos,4,"31,77",,WhatsApp,Cartão Crédito,"11,92",Concluído
18/01/2025,PED-1183,,Torta de Limão,Tortas,4,"19,13","2,52",Balcão,PIX,,Concluído
18/01/2025,PED-1183,,Trufa de Maracujá,Doces,2,"11,78",,iFood,Dinheiro,"3,97",Concluído
18/01/2025,PED-1184,,Trufa de Maracujá,Doces,2,"24,62",,Encomenda,Dinheiro,,Concluído
18/01/2025,PED-1184,,Bolo de Cenoura,Bolos,2,"6,76",,WhatsApp,Dinheiro,"2,72",Concluído
18/01/2025,PED-1184,,Coxinha,Salgados,2,"15,57","1,82",Balcão,Cartão Débito,"6,42",Concluído
18/01/2025,PED-1184,,Pão de Queijo,Salgados,4,"13,87","2,05",WhatsApp,PIX,,Concluído
19/01/2025,PED-1185,,Pão de Queijo,Salgados,3,"25,92",,Balcão,PIX,,Concluído
19/01/2025,PED-1185,,Torta de Limão,Tortas,2,"20,78",,Encomenda,PIX,"9,80",Cancelado
19/01/2025,PED-1186,,Bolo Red Velvet,Bolos,5,"24,49",,Balcão,Dinheiro,,Concluído
19/01/2025,PED-1187,,Pão de Queijo,Salgados,4,"5,04","1,83",Encomenda,PIX,"1,55",Concluído
19/01/2025,PED-1187,,Empada de Frango,Salgados,3,"20,61",,WhatsApp,Dinheiro,"7,23",Concluído
19/01/2025,PED-1188,,Brigadeiro Gourmet,Doces,5,"28,67",,iFood,Cartão Crédito,"9,77",Concluído
19/01/2025,PED-1188,,Brigadeiro,Doces,2,"9,36",,iFood,Cartão Débito,"3,81",Concluído
19/01/2025,PED-1188,,Bolo de Chocolate,Bolos,4,"13,34","1,91",Encomenda,Cartão Débito,"5,49",Concluído
19/01/2025,PED-1188,,Pão de Queijo,Salgados,3,"28,66","2,48",Balcão,PIX,,Concluído
19/01/2025,PED-1189,,Bolo de Cenoura,Bolos,4,"25,82",,Balcão,PIX,,Concluído
19/01/2025,PED-1189,,Brigadeiro,Doces,1,"31,04",,Encomenda,Cartão Crédito,,Concluído
19/01/2025,PED-1190,,Brigadeiro Gourmet,Doces,3,"14,08",,Encomenda,Cartão Débito,,Cancelado
19/01/2025,PED-1191,,Bolo Red Velvet,Bolos,4,"31,22",,iFood,PIX,"13,46",Concluído
19/01/2025,PED-1192,,Pão de Queijo,Salgados,1,"32,60",,WhatsApp,Dinheiro,,Concluído
19/01/2025,PED-1192,,Bolo Red Velvet,Bolos,3,"21,36","2,21",Balcão,Dinheiro,"7,26",Concluído
19/01/2025,PED-1193,,Torta Holandesa,Tortas,3,"19,25",,Encomenda,Cartão Crédito,"9,48",Cancelado
19/01/2025,PED-1193,,Empada de Frango,Salgados,3,"5,19","0,94",iFood,Cartão Débito,"2,13",Concluído
19/01/2025,PED-1193,,Pão de Queijo,Salgados,3,"26,02",,Encomenda,Cartão Crédito,,Concluído
20/01/2025,PED-1194,,Torta de Limão,Tortas,1,"24,74",,WhatsApp,PIX,"11,32",Concluído
20/01/2025,PED-1194,,Coxinha,Salgados,3,"21,89",,iFood,PIX,,Concluído
20/01/2025,PED-1194,,Pão de Queijo,Salgados,4,"8,80",,Encomenda,Cartão Débito,"4,27",Concluído
20/01/2025,PED-1194,,Bolo de Chocolate,Bolos,5,"13,95",,WhatsApp,Cartão Crédito,,Concluído
20/01/2025,PED-1195,,Torta Holandesa,Tortas,2,"15,87",,iFood,PIX,,Concluído
20/01/2025,PED-1195,,Brigadeiro,Doces,1,"9,91","2,23",Balcão,Cartão Crédito,,Concluído
20/01/2025,PED-1196,,Coxinha,Salgados,2,"25,10",,WhatsApp,Dinheiro,"11,29",Cancelado
20/01/2025,PED-1196,,Pão de Queijo,Salgados,4,"22,33",,WhatsApp,Cartão Crédito,"8,45",Concluído
20/01/2025,PED-1196,,Brigadeiro Gourmet,Doces,5,"33,60",,Balcão,PIX,,Concluído
20/01/2025,PED-1197,,Trufa de Maracujá,Doces,5,"19,81",,iFood,Cartão Crédito,"6,98",Cancelado
20/01/2025,PED-1198,,Trufa de Maracujá,Doces,2,"22,36",,Encomenda,PIX,"8,49",Cancelado
20/01/2025,PED-1198,,Bolo Red Velvet,Bolos,5,"10,37",,iFood,PIX,,Cancelado
20/01/2025,PED-1198,,Coxinha,Salgados,4,"22,70",,WhatsApp,Cartão Crédito,,Concluído
20/01/2025,PED-1199,,Trufa de Morango,Doces,5,"10,50",,iFood,Cartão Débito,,Cancelado
20/01/2025,PED-1199,,Coxinha,Salgados,1,"28,25",,Balcão,PIX,,Concluído
20/01/2025,PED-1200,,Torta de Limão,Tortas,3,"15,64",,iFood,PIX,"5,97",Cancelado
20/01/2025,PED-1200,,Bolo de Cenoura,Bolos,5,"28,58",,Encomenda,Cartão Crédito,"12,42",Concluído
20/01/2025,PED-1200,,Coxinha,Salgados,5,"20,60","1,23",WhatsApp,PIX,,Concluído
20/01/2025,PED-1200,,Trufa de Maracujá,Doces,5,"22,27","1,96",Balcão,Dinheiro,,Concluído
20/01/2025,PED-1201,,Brigadeiro,Doces,3,"31,74",,Encomenda,Cartão Débito,,Concluído
20/01/2025,PED-1201,,Trufa de Maracujá,Doces,5,"19,87","1,83",Balcão,PIX,"6,69",Concluído
20/01/2025,PED-1201,,Torta de Limão,Tortas,3,"32,11",,Balcão,Dinheiro,"12,18",Concluído
20/01/2025,PED-1202,,Bolo de Chocolate,Bolos,5,"21,26",,Balcão,Cartão Crédito,"9,00",Concluído
20/01/2025,PED-1203,,Brigadeiro,Doces,2,"23,15",,iFood,Cartão Crédito,"10,01",Concluído
20/01/2025,PED-1203,,Brigadeiro Gourmet,Doces,3,"27,14","1,90",WhatsApp,Cartão Crédito,"13,29",Cancelado
20/01/2025,PED-1204,,Empada de Frango,Salgados,4,"19,22",,Encomenda,Cartão Débito,,Concluído
20/01/2025,PED-1204,,Torta de Limão,Tortas,3,"21,88",,WhatsApp,Cartão Débito,"8,85",Concluído
20/01/2025,PED-1204,,Torta Holandesa,Tortas,5,"24,21","0,52",Encomenda,Cartão Débito,,Concluído
20/01/2025,PED-1204,,Brigadeiro Gourmet,Doces,3,"22,63",,iFood,PIX,,Concluído
20/01/2025,PED-1205,,Trufa de Morango,Doces,2,"20,49",,iFood,Cartão Débito,"7,12",Cancelado
20/01/2025,PED-1205,,Brigadeiro,Doces,4,"16,01",,Encomenda,Cartão Crédito,"5,73",Concluído
20/01/2025,PED-1205,,Bolo Red Velvet,Bolos,5,"33,69",,Balcão,PIX,"11,13",Concluído
20/01/2025,PED-1205,,Torta Holandesa,Tortas,3,"16,55","0,82",WhatsApp,Dinheiro,,Concluído
20/01/2025,PED-1206,,Coxinha,Salgados,3,"13,89",,Encomenda,Cartão Débito,,Concluído
20/01/2025,PED-1207,,Trufa de Maracujá,Doces,2,"8,28",,Balcão,Cartão Crédito,,Concluído
20/01/2025,PED-1208,,Brigadeiro Gourmet,Doces,1,"5,51",,WhatsApp,Dinheiro,"2,72",Concluído
20/01/2025,PED-1208,,Trufa de Morango,Doces,1,"23,87",,iFood,Cartão Débito,"10,41",Concluído
21/01/2025,PED-1209,,Brigadeiro Gourmet,Doces,3,"24,71",,WhatsApp,Dinheiro,,Concluído
21/01/2025,PED-1210,,Trufa de Maracujá,Doces,1,"28,94",,Encomenda,PIX,"8,92",Concluído
21/01/2025,PED-1210,,Bolo de Chocolate,Bolos,2,"8,66","0,90",Balcão,Dinheiro,"3,66",Concluído
21/01/2025,PED-1210,,Bolo Red Velvet,Bolos,2,"31,40",,iFood,Cartão Crédito,"10,88",Concluído
21/01/2025,PED-1210,,Brigadeiro Gourmet,Doces,4,"5,87",,Encomenda,Cartão Débito,"1,80",Cancelado
21/01/2025,PED-1211,,Brigadeiro,Doces,3,"19,24","2,37",WhatsApp,Dinheiro,"8,97",Cancelado
21/01/2025,PED-1211,,Pão de Queijo,Salgados,4,"11,34",,Encomenda,PIX,"4,43",Concluído
21/01/2025,PED-1211,,Bolo Red Velvet,Bolos,3,"30,38",,Encomenda,PIX,"9,49",Cancelado
21/01/2025,PED-1211,,Empada de Frango,Salgados,4,"32,98",,iFood,Cartão Crédito,,Concluído
21/01/2025,PED-1212,,Bolo de Cenoura,Bolos,1,"26,43",,Balcão,Cartão Crédito,"8,09",Concluído
21/01/2025,PED-1213,,Bolo de Chocolate,Bolos,4,"28,38","2,18",iFood,Dinheiro,"12,49",Concluído
21/01/2025,PED-1214,,Pão de Queijo,Salgados,2,"5,53","2,17",Balcão,Cartão Crédito,,Concluído
21/01/2025,PED-1214,,Bolo de Cenoura,Bolos,5,"19,78","2,40",Balcão,Cartão Débito,,Cancelado
21/01/2025,PED-1215,,Torta Holandesa,Tortas,3,"7,88",,Balcão,Dinheiro,,Concluído
21/01/2025,PED-1216,,Brigadeiro,Doces,2,"28,34","1,92",iFood,Cartão Crédito,,Concluído
21/01/2025,PED-1216,,Torta Holandesa,Tortas,2,"9,26",,WhatsApp,Cartão Crédito,"3,71",Concluído
21/01/2025,PED-1216,,Empada de Frango,Salgados,5,"17,90",,iFood,PIX,"7,63",Cancelado
21/01/2025,PED-1216,,Torta de Limão,Tortas,2,"27,34",,Encomenda,Dinheiro,"10,67",Concluído
21/01/2025,PED-1217,,Pão de Queijo,Salgados,3,"10,53",,WhatsApp,Cartão Débito,,Concluído
21/01/2025,PED-1217,,Bolo de Chocolate,Bolos,3,"33,25",,WhatsApp,PIX,"13,03",Concluído
21/01/2025,PED-1217,,Empada de Frango,Salgados,5,"20,03",,Encomenda,PIX,"7,21",Concluído
21/01/2025,PED-1218,,Coxinha,Salgados,5,"33,24",,Encomenda,Dinheiro,"11,96",Concluído
21/01/2025,PED-1218,,Bolo Red Velvet,Bolos,3,"18,69","2,75",WhatsApp,Dinheiro,"8,85",Concluído
21/01/2025,PED-1218,,Torta Holandesa,Tortas,3,"7,21",,iFood,PIX,"2,97",Concluído
21/01/2025,PED-1219,,Torta de Limão,Tortas,4,"34,96","2,98",Balcão,PIX,,Concluído
21/01/2025,PED-1220,,Trufa de Morango,Doces,1,"18,76",,Encomenda,Cartão Crédito,"6,61",Concluído
21/01/2025,PED-1220,,Bolo Red Velvet,Bolos,4,"10,52",,WhatsApp,PIX,"4,52",Concluído
21/01/2025,PED-1220,,Torta de Limão,Tortas,3,"7,93","2,48",Balcão,Dinheiro,"3,84",Concluído
21/01/2025,PED-1221,,Trufa de Maracujá,Doces,5,"19,11",,WhatsApp,Cartão Débito,,Cancelado
21/01/2025,PED-1221,,Torta Holandesa,Tortas,5,"23,11","0,87",WhatsApp,Cartão Débito,"10,71",Concluído
21/01/2025,PED-1221,,Brigadeiro,Doces,1,"34,83",,WhatsApp,Cartão Débito,"14,77",Concluído
21/01/2025,PED-1221,,Torta de Limão,Tortas,1,"19,06","1,28",WhatsApp,PIX,"6,98",Cancelado
22/01/2025,PED-1222,,Pão de Queijo,Salgados,5,"28,87",,iFood,Dinheiro,"10,30",Concluído
22/01/2025,PED-1222,,Bolo Red Velvet,Bolos,1,"31,81","0,67",iFood,Dinheiro,,Concluído
22/01/2025,PED-1222,,Bolo de Chocolate,Bolos,4,"16,98","1,09",iFood,Cartão Crédito,"7,50",Cancelado
22/01/2025,PED-1222,,Trufa de Morango,Doces,1,"26,77",,Balcão,Dinheiro,"10,48",Concluído
22/01/2025,PED-1223,,Trufa de Maracujá,Doces,1,"11,43",,iFood,Dinheiro,"4,12",Concluído
22/01/2025,PED-1223,,Coxinha,Salgados,1,"20,85",,Encomenda,PIX,"7,68",Concluído
22/01/2025,PED-1223,,Trufa de Morango,Doces,4,"34,89",,Encomenda,Cartão Débito,"14,46",Cancelado
22/01/2025,PED-1224,,Coxinha,Salgados,2,"13,46",,iFood,PIX,,Concluído
22/01/2025,PED-1224,,Empada de Frango,Salgados,5,"10,94",,Balcão,PIX,"4,50",Concluído
22/01/2025,PED-1224,,Bolo Red Velvet,Bolos,1,"10,96",,Encomenda,Cartão Crédito,,Concluído
22/01/2025,PED-1225,,Torta Holandesa,Tortas,1,"12,69",,iFood,PIX,"6,30",Cancelado
22/01/2025,PED-1225,,Torta de Limão,Tortas,2,"14,51",,Encomenda,PIX,"6,34",Cancelado
22/01/2025,PED-1225,,Brigadeiro Gourmet,Doces,4,"29,76",,Encomenda,PIX,"11,23",Concluído
22/01/2025,PED-1225,,Bolo Red Velvet,Bolos,2,"12,91","0,58",Balcão,Cartão Débito,,Concluído
22/01/2025,PED-1226,,Torta Holandesa,Tortas,2,"13,30",,Encomenda,Cartão Crédito,,Concluído
22/01/2025,PED-1226,,Torta de Limão,Tortas,2,"23,74","1,59",Encomenda,Cartão Débito,,Concluído
22/01/2025,PED-1227,,Empada de Frango,Salgados,4,"9,47",,WhatsApp,Cartão Crédito,,Concluído
22/01/2025,PED-1228,,Empada de Frango,Salgados,4,"16,92",,iFood,Cartão Crédito,,Concluído
22/01/2025,PED-1228,,Torta de Limão,Tortas,3,"22,30",,WhatsApp,Cartão Crédito,,Concluído
22/01/2025,PED-1228,,Bolo de Chocolate,Bolos,5,"8,70",,WhatsApp,Cartão Crédito,,Concluído
22/01/2025,PED-1228,,Brigadeiro,Doces,4,"18,24",,WhatsApp,Cartão Crédito,"8,74",Concluído
22/01/2025,PED-1229,,Trufa de Maracujá,Doces,1,"34,42",,iFood,Dinheiro,,Cancelado
22/01/2025,PED-1229,,Torta de Limão,Tortas,4,"33,97",,WhatsApp,Cartão Débito,"12,77",Cancelado
22/01/2025,PED-1229,,Bolo Red Velvet,Bolos,2,"32,01",,Encomenda,Cartão Débito,"14,16",Concluído
22/01/2025,PED-1230,,Brigadeiro Gourmet,Doces,2,"10,38",,Encomenda,Dinheiro,"4,14",Cancelado
22/01/2025,PED-1230,,Torta de Limão,Tortas,2,"25,21","1,05",Balcão,PIX,"9,79",Cancelado
22/01/2025,PED-1230,,Bolo Red Velvet,Bolos,5,"16,39",,iFood,Dinheiro,"5,40",Concluído
22/01/2025,PED-1230,,Bolo de Cenoura,Bolos,5,"6,32",,Balcão,Cartão Crédito,"2,00",Concluído
22/01/2025,PED-1231,,Torta de Limão,Tortas,5,"30,03",,iFood,Dinheiro,,Concluído
22/01/2025,PED-1231,,Brigadeiro Gourmet,Doces,3,"17,25","1,44",Encomenda,Dinheiro,,Concluído
22/01/2025,PED-1232,,Bolo Red Velvet,Bolos,4,"26,58",,Balcão,Dinheiro,,Cancelado
22/01/2025,PED-1232,,Bolo de Cenoura,Bolos,5,"34,88","0,72",iFood,Cartão Crédito,,Cancelado
22/01/2025,PED-1232,,Brigadeiro Gourmet,Doces,3,"17,96",,Encomenda,Cartão Crédito,,Concluído
22/01/2025,PED-1232,,Trufa de Maracujá,Doces,5,"12,36",,Balcão,Dinheiro,,Concluído
23/01/2025,PED-1233,,Torta Holandesa,Tortas,5,"13,49","1,56",WhatsApp,Dinheiro,"4,99",Concluído
23/01/2025,PED-1234,,Brigadeiro Gourmet,Doces,5,"17,29",,Balcão,Cartão Débito,,Concluído
23/01/2025,PED-1234,,Bolo de Cenoura,Bolos,5,"21,22",,WhatsApp,Cartão Débito,,Concluído
23/01/2025,PED-1234,,Torta Holandesa,Tortas,4,"32,54","2,84",WhatsApp,Cartão Crédito,,Concluído
23/01/2025,PED-1235,,Empada de Frango,Salgados,5,"7,29",,iFood,Cartão Débito,"2,21",Concluído
23/01/2025,PED-1235,,Trufa de Maracujá,Doces,3,"11,11",,WhatsApp,Cartão Crédito,"4,16",Concluído
23/01/2025,PED-1235,,Coxinha,Salgados,1,"29,37",,iFood,Dinheiro,,Concluído
23/01/2025,PED-1235,,Trufa de Morango,Doces,1,"21,95",,iFood,PIX,"10,22",Cancelado
23/01/2025,PED-1236,,Bolo Red Velvet,Bolos,2,"6,53",,Encomenda,PIX,"1,99",Concluído
23/01/2025,PED-1236,,Bolo de Cenoura,Bolos,4,"18,93",,WhatsApp,Dinheiro,,Cancelado
23/01/2025,PED-1236,,Trufa de Maracujá,Doces,2,"32,71",,Balcão,Dinheiro,"14,48",Concluído
23/01/2025,PED-1237,,Torta de Limão,Tortas,1,"29,34","1,35",Balcão,Cartão Débito,,Concluído
23/01/2025,PED-1238,,Torta de Limão,Tortas,2,"13,21",,Balcão,Cartão Débito,"6,00",Concluído
23/01/2025,PED-1238,,Brigadeiro,Doces,3,"11,45",,Balcão,PIX,,Cancelado
23/01/2025,PED-1238,,Trufa de Maracujá,Doces,5,"19,34",,iFood,PIX,"8,52",Concluído
23/01/2025,PED-1239,,Brigadeiro Gourmet,Doces,3,"30,11","1,88",Balcão,Dinheiro,"9,20",Concluído
23/01/2025,PED-1240,,Bolo de Cenoura,Bolos,4,"22,46","0,95",iFood,Cartão Débito,,Concluído
23/01/2025,PED-1241,,Coxinha,Salgados,2,"28,25","0,73",Encomenda,Cartão Crédito,"10,22",Concluído
23/01/2025,PED-1242,,Bolo Red Velvet,Bolos,3,"15,56",,iFood,Cartão Débito,,Concluído
23/01/2025,PED-1242,,Pão de Queijo,Salgados,1,"24,96","0,66",WhatsApp,Cartão Débito,"9,87",Concluído
24/01/2025,PED-1243,,Trufa de Morango,Doces,1,"34,25",,Encomenda,Cartão Crédito,,Cancelado
24/01/2025,PED-1244,,Brigadeiro,Doces,4,"11,51",,Encomenda,Cartão Crédito,"5,32",Cancelado
24/01/2025,PED-1244,,Pão de Queijo,Salgados,5,"19,01",,Encomenda,Dinheiro,"8,24",Cancelado
24/01/2025,PED-1244,,Torta Holandesa,Tortas,4,"29,41",,WhatsApp,Cartão Débito,,Concluído
24/01/2025,PED-1244,,Empada de Frango,Salgados,5,"7,85","0,77",Balcão,Dinheiro,"3,36",Concluído
24/01/2025,PED-1245,,Pão de Queijo,Salgados,2,"5,00",,Encomenda,PIX,"1,79",Concluído
24/01/2025,PED-1245,,Torta de Limão,Tortas,3,"32,91",,Encomenda,Cartão Débito,,Concluído
24/01/2025,PED-1246,,Pão de Queijo,Salgados,4,"25,90",,Balcão,Cartão Débito,,Cancelado
24/01/2025,PED-1247,,Bolo de Chocolate,Bolos,5,"33,80",,Balcão,PIX,"12,04",Concluído
24/01/2025,PED-1248,,Torta de Limão,Tortas,4,"20,62",,Encomenda,PIX,,Concluído
24/01/2025,PED-1248,,Trufa de Maracujá,Doces,4,"27,75",,WhatsApp,Cartão Débito,,Concluído
24/01/2025,PED-1248,,Trufa de Morango,Doces,1,"10,50",,Encomenda,PIX,"5,00",Concluído
24/01/2025,PED-1248,,Pão de Queijo,Salgados,4,"10,62","2,70",Encomenda,PIX,,Concluído
24/01/2025,PED-1249,,Empada de Frango,Salgados,2,"14,24",,WhatsApp,Cartão Débito,"6,68",Concluído
24/01/2025,PED-1249,,Coxinha,Salgados,5,"27,37",,Encomenda,Cartão Débito,,Concluído
24/01/2025,PED-1249,,Trufa de Morango,Doces,4,"28,76",,iFood,Cartão Crédito,"12,83",Cancelado
24/01/2025,PED-1249,,Trufa de Maracujá,Doces,5,"8,20",,Balcão,Cartão Débito,"3,49",Cancelado
24/01/2025,PED-1250,,Trufa de Maracujá,Doces,1,"26,91","1,70",iFood,Cartão Crédito,"10,59",Concluído
24/01/2025,PED-1251,,Brigadeiro Gourmet,Doces,5,"33,46",,iFood,Dinheiro,,Concluído
24/01/2025,PED-1251,,Bolo Red Velvet,Bolos,2,"28,68",,iFood,Dinheiro,,Concluído
24/01/2025,PED-1251,,Bolo de Chocolate,Bolos,1,"24,85",,iFood,Cartão Débito,,Concluído
24/01/2025,PED-1252,,Brigadeiro Gourmet,Doces,5,"9,56",,iFood,PIX,,Concluído
24/01/2025,PED-1252,,Torta Holandesa,Tortas,2,"33,70",,Balcão,Cartão Débito,,Concluído
24/01/2025,PED-1252,,Bolo de Chocolate,Bolos,5,"10,94",,Encomenda,Cartão Crédito,,Concluído
24/01/2025,PED-1253,,Torta Holandesa,Tortas,3,"28,66",,Balcão,Dinheiro,,Concluído
24/01/2025,PED-1253,,Torta de Limão,Tortas,4,"24,00",,WhatsApp,Cartão Crédito,"11,75",Concluído
24/01/2025,PED-1253,,Bolo Red Velvet,Bolos,3,"24,43","0,87",Encomenda,Cartão Crédito,"11,85",Concluído
24/01/2025,PED-1253,,Brigadeiro,Doces,1,"26,71",,Encomenda,Cartão Débito,,Concluído
24/01/2025,PED-1254,,Brigadeiro Gourmet,Doces,5,"31,80","1,50",WhatsApp,PIX,,Cancelado
24/01/2025,PED-1254,,Bolo de Cenoura,Bolos,2,"18,82",,Balcão,Dinheiro,,Concluído
24/01/2025,PED-1254,,Torta Holandesa,Tortas,5,"9,00","0,76",iFood,PIX,"4,00",Concluído
25/01/2025,PED-1255,,Pão de Queijo,Salgados,2,"31,89",,Balcão,Dinheiro,,Cancelado
25/01/2025,PED-1256,,Trufa de Morango,Doces,5,"31,53",,WhatsApp,Cartão Débito,,Concluído
25/01/2025,PED-1256,,Torta de Limão,Tortas,1,"24,12","2,13",iFood,Cartão Crédito,,Concluído
25/01/2025,PED-1257,,Bolo Red Velvet,Bolos,4,"7,55",,iFood,Cartão Débito,,Concluído
25/01/2025,PED-1257,,Bolo de Cenoura,Bolos,1,"23,04",,WhatsApp,Cartão Crédito,,Concluído
25/01/2025,PED-1257,,Brigadeiro Gourmet,Doces,5,"10,89","2,46",Encomenda,Cartão Débito,"4,66",Concluído
25/01/2025,PED-1258,,Bolo de Cenoura,Bolos,5,"7,88",,Balcão,Cartão Crédito,,Concluído
25/01/2025,PED-1259,,Bolo de Chocolate,Bolos,4,"32,22",,Encomenda,Dinheiro,,Cancelado
26/01/2025,PED-1260,,Torta Holandesa,Tortas,4,"5,13","2,94",iFood,Cartão Débito,"2,08",Concluído
26/01/2025,PED-1260,,Bolo de Cenoura,Bolos,1,"21,40",,iFood,Dinheiro,"10,07",Concluído
26/01/2025,PED-1260,,Empada de Frango,Salgados,2,"16,87",,WhatsApp,Cartão Débito,,Concluído
26/01/2025,PED-1260,,Brigadeiro,Doces,3,"9,37",,Encomenda,PIX,,Concluído
26/01/2025,PED-1261,,Brigadeiro,Doces,5,"6,03","1,11",iFood,Cartão Crédito,"2,76",Cancelado
26/01/2025,PED-1262,,Bolo de Chocolate,Bolos,1,"18,83",,Encomenda,PIX,"8,11",Cancelado
26/01/2025,PED-1262,,Torta Holandesa,Tortas,1,"14,54",,Balcão,PIX,"4,41",Concluído
26/01/2025,PED-1262,,Trufa de Maracujá,Doces,2,"5,58",,Balcão,Cartão Crédito,,Cancelado
26/01/2025,PED-1262,,Torta de Limão,Tortas,5,"11,99",,WhatsApp,Dinheiro,"5,02",Concluído
26/01/2025,PED-1263,,Trufa de Maracujá,Doces,5,"9,94",,WhatsApp,Dinheiro,"4,89",Cancelado
26/01/2025,PED-1263,,Torta de Limão,Tortas,3,"12,10",,WhatsApp,Cartão Débito,"5,46",Cancelado
26/01/2025,PED-1263,,Trufa de Morango,Doces,4,"11,75",,Encomenda,PIX,"5,38",Concluído
26/01/2025,PED-1263,,Torta Holandesa,Tortas,1,"24,94",,iFood,Cartão Crédito,"7,92",Concluído
26/01/2025,PED-1264,,Brigadeiro,Doces,3,"31,20","1,83",Balcão,PIX,"15,21",Concluído
26/01/2025,PED-1264,,Bolo Red Velvet,Bolos,1,"30,06",,WhatsApp,PIX,"9,04",Concluído
26/01/2025,PED-1265,,Pão de Queijo,Salgados,5,"19,82",,WhatsApp,Cartão Débito,"8,42",Concluído
26/01/2025,PED-1266,,Bolo de Cenoura,Bolos,4,"33,06",,Balcão,Cartão Débito,"16,01",Concluído
26/01/2025,PED-1266,,Bolo Red Velvet,Bolos,4,"13,58",,Encomenda,Dinheiro,,Concluído
26/01/2025,PED-1267,,Empada de Frango,Salgados,2,"12,20",,WhatsApp,Cartão Crédito,"3,94",Cancelado
26/01/2025,PED-1268,,Trufa de Morango,Doces,1,"14,42",,WhatsApp,Cartão Crédito,"6,45",Concluído
26/01/2025,PED-1268,,Brigadeiro,Doces,4,"8,01","1,99",WhatsApp,Cartão Crédito,"3,10",Concluído
26/01/2025,PED-1268,,Trufa de Maracujá,Doces,3,"20,86","0,84",iFood,Cartão Débito,,Concluído
26/01/2025,PED-1269,,Bolo Red Velvet,Bolos,3,"7,44",,Encomenda,Cartão Crédito,,Concluído
26/01/2025,PED-1269,,Bolo de Chocolate,Bolos,2,"19,07",,WhatsApp,PIX,,Concluído
26/01/2025,PED-1269,,Pão de Queijo,Salgados,5,"21,86",,iFood,Dinheiro,"10,21",Concluído
26/01/2025,PED-1270,,Brigadeiro,Doces,5,"22,78",,Balcão,Cartão Crédito,,Concluído
26/01/2025,PED-1270,,Trufa de Maracujá,Doces,4,"6,64",,Balcão,Cartão Crédito,"2,51",Concluído
26/01/2025,PED-1271,,Bolo de Cenoura,Bolos,4,"5,50",,Balcão,Dinheiro,"1,97",Concluído
26/01/2025,PED-1271,,Empada de Frango,Salgados,3,"32,40","0,91",Balcão,Cartão Crédito,,Concluído
26/01/2025,PED-1272,,Torta Holandesa,Tortas,3,"12,57","2,10",Balcão,Dinheiro,,Concluído
26/01/2025,PED-1272,,Trufa de Morango,Doces,3,"33,29",,WhatsApp,Dinheiro,"14,99",Cancelado
26/01/2025,PED-1273,,Torta Holandesa,Tortas,3,"32,63",,Balcão,Cartão Débito,"12,17",Concluído
26/01/2025,PED-1273,,Bolo de Chocolate,Bolos,5,"12,17",,WhatsApp,Cartão Débito,"5,53",Concluído
26/01/2025,PED-1273,,Empada de Frango,Salgados,1,"27,10","2,16",WhatsApp,PIX,,Concluído
26/01/2025,PED-1274,,Brigadeiro Gourmet,Doces,1,"16,35",,Balcão,Cartão Crédito,"6,49",Cancelado
26/01/2025,PED-1274,,Empada de Frango,Salgados,5,"32,78",,Balcão,PIX,"12,24",Concluído
26/01/2025,PED-1274,,Trufa de Morango,Doces,1,"8,57",,Balcão,PIX,"4,21",Concluído
26/01/2025,PED-1275,,Torta Holandesa,Tortas,4,"11,06",,iFood,Cartão Crédito,"4,70",Cancelado
26/01/2025,PED-1276,,Coxinha,Salgados,4,"22,20",,WhatsApp,Cartão Débito,"6,93",Concluído
26/01/2025,PED-1276,,Trufa de Maracujá,Doces,3,"28,70",,Encomenda,Cartão Crédito,"12,43",Concluído
26/01/2025,PED-1277,,Brigadeiro Gourmet,Doces,2,"15,64",,Balcão,PIX,,Concluído
26/01/2025,PED-1277,,Bolo Red Velvet,Bolos,4,"16,64",,WhatsApp,Cartão Débito,,Concluído
26/01/2025,PED-1278,,Torta Holandesa,Tortas,2,"11,28",,WhatsApp,Cartão Crédito,"4,09",Concluído
26/01/2025,PED-1278,,Torta de Limão,Tortas,2,"20,14",,iFood,PIX,,Concluído
26/01/2025,PED-1279,,Empada de Frango,Salgados,1,"9,97","1,53",Encomenda,Cartão Débito,,Concluído
26/01/2025,PED-1279,,Bolo Red Velvet,Bolos,5,"5,17",,iFood,Cartão Crédito,,Concluído
26/01/2025,PED-1279,,Torta Holandesa,Tortas,2,"28,49","2,54",Encomenda,Dinheiro,"9,18",Concluído
26/01/2025,PED-1279,,Brigadeiro Gourmet,Doces,5,"32,77",,WhatsApp,Cartão Crédito,"13,87",Concluído
27/01/2025,PED-1280,,Pão de Queijo,Salgados,3,"14,09",,Balcão,Cartão Crédito,"6,62",Concluído
27/01/2025,PED-1280,,Empada de Frango,Salgados,3,"25,08",,iFood,Cartão Crédito,,Concluído
27/01/2025,PED-1281,,Trufa de Maracujá,Doces,3,"16,65",,Balcão,PIX,,Concluído
27/01/2025,PED-1281,,Trufa de Morango,Doces,4,"22,02",,Encomenda,Cartão Crédito,,Concluído
27/01/2025,PED-1281,,Torta Holandesa,Tortas,5,"29,05",,iFood,Dinheiro,"11,47",Cancelado
27/01/2025,PED-1281,,Bolo de Chocolate,Bolos,1,"20,39","0,51",iFood,Cartão Crédito,,Concluído
27/01/2025,PED-1282,,Torta Holandesa,Tortas,4,"12,61","1,24",iFood,Cartão Crédito,"5,86",Cancelado
27/01/2025,PED-1282,,Pão de Queijo,Salgados,2,"23,98",,Encomenda,Dinheiro,"8,63",Concluído
27/01/2025,PED-1282,,Bolo Red Velvet,Bolos,2,"22,08",,Encomenda,Dinheiro,"10,00",Cancelado
27/01/2025,PED-1282,,Brigadeiro,Doces,5,"19,81","1,73",Encomenda,Dinheiro,,Concluído
27/01/2025,PED-1283,,Brigadeiro Gourmet,Doces,5,"11,67",,WhatsApp,Cartão Débito,"5,55",Concluído
28/01/2025,PED-1284,,Torta de Limão,Tortas,5,"16,94",,WhatsApp,Dinheiro,"7,67",Cancelado
28/01/2025,PED-1284,,Trufa de Maracujá,Doces,5,"11,84",,iFood,Cartão Débito,,Concluído
28/01/2025,PED-1284,,Bolo de Chocolate,Bolos,5,"8,92",,Balcão,PIX,,Cancelado
28/01/2025,PED-1284,,Brigadeiro Gourmet,Doces,3,"16,52","2,49",WhatsApp,Dinheiro,"7,99",Concluído
28/01/2025,PED-1285,,Empada de Frango,Salgados,5,"12,71",,Balcão,PIX,"6,14",Concluído
28/01/2025,PED-1285,,Brigadeiro,Doces,3,"24,64",,iFood,PIX,"9,56",Concluído
28/01/2025,PED-1286,,Torta Holandesa,Tortas,2,"9,85",,iFood,PIX,,Concluído
29/01/2025,PED-1287,,Torta Holandesa,Tortas,4,"24,83",,Balcão,Cartão Crédito,"11,38",Concluído
29/01/2025,PED-1287,,Bolo de Cenoura,Bolos,1,"15,36",,Balcão,Dinheiro,,Cancelado
29/01/2025,PED-1287,,Torta de Limão,Tortas,5,"13,41",,Balcão,PIX,"4,96",Concluído
29/01/2025,PED-1287,,Bolo de Chocolate,Bolos,3,"28,74",,WhatsApp,Dinheiro,,Concluído
29/01/2025,PED-1288,,Empada de Frango,Salgados,2,"13,88",,Balcão,Dinheiro,"6,25",Concluído
29/01/2025,PED-1289,,Trufa de Maracujá,Doces,1,"32,58",,Encomenda,PIX,,Cancelado
29/01/2025,PED-1289,,Pão de Queijo,Salgados,4,"14,32",,WhatsApp,Cartão Crédito,"4,61",Concluído
29/01/2025,PED-1289,,Bolo Red Velvet,Bolos,3,"33,86",,Encomenda,Cartão Débito,"13,50",Concluído
29/01/2025,PED-1289,,Coxinha,Salgados,3,"29,59","2,25",Encomenda,PIX,"11,28",Concluído
29/01/2025,PED-1290,,Torta de Limão,Tortas,4,"32,61",,Balcão,Dinheiro,"13,19",Concluído
29/01/2025,PED-1290,,Trufa de Maracujá,Doces,4,"21,17",,WhatsApp,Dinheiro,,Concluído
29/01/2025,PED-1290,,Bolo Red Velvet,Bolos,3,"13,15","1,01",Encomenda,Cartão Débito,"6,14",Cancelado
29/01/2025,PED-1290,,Bolo de Chocolate,Bolos,3,"29,31","2,43",Encomenda,Cartão Crédito,"12,70",Cancelado
29/01/2025,PED-1291,,Bolo Red Velvet,Bolos,3,"10,00","1,75",Balcão,Dinheiro,"4,88",Concluído
29/01/2025,PED-1291,,Coxinha,Salgados,4,"7,79",,Encomenda,Cartão Débito,,Concluído
29/01/2025,PED-1291,,Bolo de Cenoura,Bolos,5,"17,40",,Encomenda,Cartão Crédito,,Concluído
30/01/2025,PED-1292,,Empada de Frango,Salgados,5,"27,14",,Balcão,Cartão Crédito,,Concluído
30/01/2025,PED-1292,,Brigadeiro Gourmet,Doces,4,"17,88","1,63",iFood,PIX,"5,99",Concluído
30/01/2025,PED-1292,,Torta Holandesa,Tortas,2,"22,64","1,29",Encomenda,Cartão Crédito,"7,28",Concluído
30/01/2025,PED-1292,,Trufa de Maracujá,Doces,2,"28,02",,Encomenda,Cartão Débito,"11,17",Concluído
30/01/2025,PED-1293,,Bolo de Chocolate,Bolos,2,"6,84",,Balcão,Cartão Débito,"3,06",Concluído
30/01/2025,PED-1293,,Torta Holandesa,Tortas,4,"8,98",,WhatsApp,PIX,"2,79",Concluído
30/01/2025,PED-1293,,Pão de Queijo,Salgados,3,"31,54",,Balcão,Cartão Débito,,Concluído
30/01/2025,PED-1294,,Bolo Red Velvet,Bolos,1,"18,35","1,67",iFood,Dinheiro,"8,81",Concluído
30/01/2025,PED-1294,,Bolo de Chocolate,Bolos,1,"29,08","1,31",Balcão,Cartão Crédito,"10,59",Concluído
30/01/2025,PED-1294,,Empada de Frango,Salgados,2,"33,29","1,36",iFood,PIX,"15,07",Cancelado
30/01/2025,PED-1295,,Trufa de Maracujá,Doces,1,"25,35",,Encomenda,PIX,"7,84",Cancelado
30/01/2025,PED-1295,,Trufa de Morango,Doces,5,"8,76",,Encomenda,Cartão Crédito,"3,62",Concluído
30/01/2025,PED-1295,,Brigadeiro,Doces,1,"19,22",,iFood,PIX,"6,91",Concluído
30/01/2025,PED-1296,,Brigadeiro Gourmet,Doces,5,"32,50",,WhatsApp,Cartão Crédito,,Concluído
30/01/2025,PED-1296,,Pão de Queijo,Salgados,4,"32,06","1,18",Balcão,PIX,,Concluído
30/01/2025,PED-1296,,Empada de Frango,Salgados,2,"23,94",,iFood,Cartão Crédito,,Concluído
30/01/2025,PED-1296,,Coxinha,Salgados,1,"18,05",,iFood,Cartão Débito,,Concluído
30/01/2025,PED-1297,,Torta de Limão,Tortas,2,"21,62",,iFood,Cartão Crédito,"7,54",Concluído
30/01/2025,PED-1297,,Pão de Queijo,Salgados,4,"27,93",,Balcão,Cartão Débito,"9,90",Concluído
30/01/2025,PED-1297,,Brigadeiro,Doces,5,"31,97",,Encomenda,Dinheiro,,Concluído
30/01/2025,PED-1298,,Trufa de Maracujá,Doces,3,"29,64",,Encomenda,Cartão Débito,,Concluído
31/01/2025,PED-1299,,Brigadeiro,Doces,5,"28,38",,iFood,Cartão Crédito,"13,21",Concluído
31/01/2025,PED-1299,,Bolo de Cenoura,Bolos,5,"14,75",,Encomenda,PIX,"6,14",Concluído
31/01/2025,PED-1300,,Bolo Red Velvet,Bolos,2,"12,17",,Balcão,Cartão Crédito,"4,26",Cancelado
31/01/2025,PED-1300,,Bolo de Cenoura,Bolos,1,"20,34","1,31",iFood,PIX,"7,10",Concluído
31/01/2025,PED-1301,,Torta Holandesa,Tortas,5,"31,43",,WhatsApp,Cartão Débito,,Cancelado
31/01/2025,PED-1301,,Trufa de Maracujá,Doces,3,"20,75",,Balcão,PIX,,Concluído
31/01/2025,PED-1301,,Brigadeiro Gourmet,Doces,1,"20,91","2,82",iFood,Cartão Débito,,Concluído
31/01/2025,PED-1301,,Bolo de Chocolate,Bolos,3,"14,64",,iFood,Cartão Crédito,,Concluído
31/01/2025,PED-1302,,Bolo de Cenoura,Bolos,3,"21,91","2,33",Balcão,PIX,,Concluído
31/01/2025,PED-1302,,Coxinha,Salgados,1,"25,73","1,40",iFood,Cartão Crédito,,Concluído
31/01/2025,PED-1302,,Torta de Limão,Tortas,2,"7,13","2,11",WhatsApp,Dinheiro,,Concluído
31/01/2025,PED-1303,,Torta de Limão,Tortas,5,"17,85",,WhatsApp,Cartão Crédito,"7,19",Concluído
31/01/2025,PED-1303,,Brigadeiro Gourmet,Doces,4,"23,49",,iFood,Cartão Débito,"10,27",Concluído
31/01/2025,PED-1304,,Trufa de Morango,Doces,2,"20,05","1,50",WhatsApp,Dinheiro,,Concluído
31/01/2025,PED-1305,,Bolo de Cenoura,Bolos,3,"13,12",,iFood,PIX,"5,55",Concluído
31/01/2025,PED-1305,,Coxinha,Salgados,2,"20,07",,Encomenda,Cartão Crédito,"8,13",Concluído
31/01/2025,PED-1306,,Torta Holandesa,Tortas,3,"12,80","1,23",WhatsApp,PIX,"4,94",Concluído
31/01/2025,PED-1306,,Brigadeiro,Doces,2,"34,76",,iFood,Cartão Débito,"11,44",Concluído
31/01/2025,PED-1307,,Brigadeiro,Doces,1,"8,51",,Encomenda,PIX,,Concluído
31/01/2025,PED-1307,,Trufa de Maracujá,Doces,4,"34,01",,Balcão,Cartão Débito,"13,99",Concluído
31/01/2025,PED-1307,,Pão de Queijo,Salgados,3,"24,28",,Encomenda,Cartão Débito,"9,73",Concluído
31/01/2025,PED-1307,,Coxinha,Salgados,3,"32,49",,Encomenda,Cartão Débito,"11,43",Concluído
02/02/2025,PED-1308,,Trufa de Maracujá,Doces,2,"6,80",,Encomenda,Cartão Débito,,Concluído
02/02/2025,PED-1309,,Empada de Frango,Salgados,3,"11,75","2,38",WhatsApp,Cartão Crédito,,Concluído
02/02/2025,PED-1309,,Trufa de Maracujá,Doces,2,"12,73",,WhatsApp,Cartão Crédito,"5,01",Concluído
02/02/2025,PED-1309,,Trufa de Morango,Doces,4,"9,75","0,60",Encomenda,Cartão Crédito,"4,30",Concluído
02/02/2025,PED-1310,,Torta Holandesa,Tortas,1,"11,06",,WhatsApp,Cartão Débito,"3,94",Cancelado
02/02/2025,PED-1311,,Pão de Queijo,Salgados,5,"26,54","0,96",WhatsApp,Cartão Crédito,,Concluído
02/02/2025,PED-1311,,Bolo de Chocolate,Bolos,1,"18,46",,Balcão,Cartão Débito,"7,71",Concluído
02/02/2025,PED-1312,,Bolo de Cenoura,Bolos,4,"23,85",,Balcão,Cartão Crédito,"7,18",Concluído
02/02/2025,PED-1313,,Brigadeiro,Doces,3,"31,36",,Encomenda,Dinheiro,,Concluído
02/02/2025,PED-1313,,Bolo de Chocolate,Bolos,2,"15,45","1,11",WhatsApp,Cartão Crédito,"7,26",Concluído
02/02/2025,PED-1314,,Torta de Limão,Tortas,3,"9,93","1,75",iFood,PIX,,Concluído
02/02/2025,PED-1314,,Torta Holandesa,Tortas,1,"32,25",,Encomenda,Cartão Crédito,"12,83",Concluído
02/02/2025,PED-1314,,Bolo Red Velvet,Bolos,5,"28,06",,iFood,PIX,,Concluído
02/02/2025,PED-1315,,Bolo de Cenoura,Bolos,2,"23,98",,Balcão,Cartão Débito,,Concluído
02/02/2025,PED-1315,,Bolo de Chocolate,Bolos,1,"22,91","2,82",iFood,PIX,"11,38",Cancelado
02/02/2025,PED-1315,,Empada de Frango,Salgados,3,"22,51",,Balcão,Cartão Crédito,"10,88",Concluído
02/02/2025,PED-1315,,Trufa de Maracujá,Doces,4,"8,87",,Balcão,Dinheiro,"3,69",Concluído
02/02/2025,PED-1316,,Bolo Red Velvet,Bolos,1,"6,85",,Encomenda,Cartão Débito,"3,04",Concluído
02/02/2025,PED-1316,,Trufa de Morango,Doces,2,"12,66",,iFood,Dinheiro,,Concluído
02/02/2025,PED-1317,,Bolo de Chocolate,Bolos,1,"21,17",,Encomenda,Cartão Crédito,,Cancelado
02/02/2025,PED-1318,,Brigadeiro Gourmet,Doces,4,"33,28",,WhatsApp,Dinheiro,"10,88",Concluído
02/02/2025,PED-1318,,Pão de Queijo,Salgados,2,"33,50",,WhatsApp,Cartão Crédito,"14,39",Cancelado
02/02/2025,PED-1318,,Torta de Limão,Tortas,1,"12,81","1,27",Balcão,PIX,"4,92",Concluído
02/02/2025,PED-1318,,Trufa de Maracujá,Doces,4,"33,77","2,96",WhatsApp,PIX,"15,93",Concluído
02/02/2025,PED-1319,,Bolo de Chocolate,Bolos,4,"30,82","3,00",iFood,Dinheiro,,Concluído
02/02/2025,PED-1319,,Trufa de Maracujá,Doces,4,"21,37","1,81",Balcão,Cartão Crédito,"6,67",Cancelado
02/02/2025,PED-1319,,Torta Holandesa,Tortas,5,"17,93",,Encomenda,Cartão Crédito,,Concluído
02/02/2025,PED-1319,,Bolo de Cenoura,Bolos,5,"25,26",,WhatsApp,Cartão Débito,"9,78",Concluído
02/02/2025,PED-1320,,Trufa de Maracujá,Doces,5,"13,99",,Encomenda,PIX,,Concluído
02/02/2025,PED-1320,,Coxinha,Salgados,4,"34,61","2,95",iFood,Cartão Crédito,,Concluído
02/02/2025,PED-1320,,Brigadeiro,Doces,2,"30,47",,WhatsApp,PIX,,Concluído
02/02/2025,PED-1320,,Empada de Frango,Salgados,5,"11,40",,Encomenda,Cartão Débito,,Concluído
02/02/2025,PED-1321,,Empada de Frango,Salgados,3,"5,74",,Balcão,Dinheiro,"1,90",Concluído
02/02/2025,PED-1321,,Bolo de Chocolate,Bolos,1,"22,63",,iFood,Cartão Débito,"7,80",Concluído
02/02/2025,PED-1322,,Empada de Frango,Salgados,2,"15,95",,Encomenda,Cartão Crédito,,Concluído
02/02/2025,PED-1323,,Pão de Queijo,Salgados,1,"29,97",,Balcão,PIX,"9,99",Concluído
02/02/2025,PED-1324,,Torta Holandesa,Tortas,4,"34,00","2,45",Balcão,PIX,,Concluído
02/02/2025,PED-1324,,Brigadeiro Gourmet,Doces,2,"18,70",,Balcão,PIX,"7,16",Concluído
02/02/2025,PED-1325,,Brigadeiro Gourmet,Doces,3,"8,49","1,45",WhatsApp,Cartão Crédito,"3,67",Concluído
02/02/2025,PED-1325,,Empada de Frango,Salgados,4,"10,65","1,55",iFood,Dinheiro,,Concluído
02/02/2025,PED-1325,,Bolo Red Velvet,Bolos,1,"10,96",,WhatsApp,Cartão Crédito,"3,97",Concluído
03/02/2025,PED-1326,,Pão de Queijo,Salgados,5,"30,87",,iFood,Cartão Débito,"14,72",Concluído
03/02/2025,PED-1326,,Bolo de Chocolate,Bolos,3,"5,32",,Encomenda,PIX,,Cancelado
03/02/2025,PED-1327,,Torta Holandesa,Tortas,1,"17,35",,WhatsApp,Cartão Débito,"7,69",Concluído
03/02/2025,PED-1327,,Trufa de Maracujá,Doces,5,"8,80",,WhatsApp,Dinheiro,"3,97",Concluído
03/02/2025,PED-1327,,Trufa de Morango,Doces,5,"27,11",,iFood,Cartão Crédito,,Cancelado
03/02/2025,PED-1327,,Brigadeiro,Doces,1,"9,52",,Balcão,Dinheiro,"3,82",Concluído
03/02/2025,PED-1328,,Brigadeiro Gourmet,Doces,2,"18,88",,WhatsApp,Cartão Crédito,"6,73",Cancelado
03/02/2025,PED-1328,,Pão de Queijo,Salgados,1,"15,14",,iFood,Cartão Crédito,,Concluído
03/02/2025,PED-1328,,Bolo de Chocolate,Bolos,4,"11,00","2,62",WhatsApp,Cartão Crédito,"3,43",Concluído
03/02/2025,PED-1328,,Coxinha,Salgados,1,"23,27","1,44",Encomenda,Cartão Débito,"9,39",Cancelado
03/02/2025,PED-1329,,Torta de Limão,Tortas,4,"34,97",,Encomenda,PIX,"11,38",Cancelado
03/02/2025,PED-1329,,Trufa de Morango,Doces,1,"26,67",,WhatsApp,Cartão Débito,"8,17",Concluído
03/02/2025,PED-1329,,Coxinha,Salgados,4,"29,64",,WhatsApp,Dinheiro,"10,60",Concluído
03/02/2025,PED-1329,,Pão de Queijo,Salgados,3,"17,48",,WhatsApp,Cartão Crédito,"8,01",Concluído
03/02/2025,PED-1330,,Brigadeiro Gourmet,Doces,1,"25,02",,Encomenda,Cartão Débito,"7,72",Cancelado
03/02/2025,PED-1330,,Brigadeiro,Doces,3,"23,52","2,50",WhatsApp,PIX,"10,44",Cancelado
03/02/2025,PED-1330,,Bolo Red Velvet,Bolos,4,"31,06","2,44",WhatsApp,Cartão Débito,,Concluído
03/02/2025,PED-1331,,Trufa de Morango,Doces,1,"27,15","2,95",Balcão,PIX,,Concluído
03/02/2025,PED-1331,,Brigadeiro,Doces,3,"28,42",,Balcão,PIX,,Cancelado
03/02/2025,PED-1331,,Torta Holandesa,Tortas,5,"27,19",,WhatsApp,Cartão Crédito,,Cancelado
03/02/2025,PED-1331,,Trufa de Maracujá,Doces,1,"5,76",,iFood,PIX,,Concluído
03/02/2025,PED-1332,,Bolo de Cenoura,Bolos,5,"21,45","0,61",Balcão,Cartão Débito,,Concluído
03/02/2025,PED-1332,,Empada de Frango,Salgados,4,"12,39",,Balcão,PIX,"3,94",Concluído
03/02/2025,PED-1332,,Pão de Queijo,Salgados,2,"10,89",,WhatsApp,Dinheiro,"5,34",Cancelado
03/02/2025,PED-1332,,Trufa de Maracujá,Doces,2,"18,32",,WhatsApp,Cartão Crédito,"5,85",Concluído
03/02/2025,PED-1333,,Trufa de Morango,Doces,2,"13,29",,Encomenda,Dinheiro,"5,98",Concluído
03/02/2025,PED-1333,,Bolo de Cenoura,Bolos,3,"7,48","1,68",WhatsApp,Dinheiro,"2,28",Concluído
03/02/2025,PED-1333,,Bolo de Chocolate,Bolos,5,"27,69",,WhatsApp,Cartão Débito,"11,37",Cancelado
03/02/2025,PED-1334,,Coxinha,Salgados,3,"10,83",,Encomenda,Cartão Crédito,,Concluído
03/02/2025,PED-1334,,Bolo de Cenoura,Bolos,4,"5,04",,WhatsApp,Dinheiro,,Concluído
03/02/2025,PED-1334,,Empada de Frango,Salgados,3,"24,75",,Encomenda,Cartão Débito,,Concluído
03/02/2025,PED-1334,,Brigadeiro,Doces,5,"28,96",,Balcão,Cartão Débito,"11,78",Concluído
04/02/2025,PED-1335,,Torta Holandesa,Tortas,4,"16,44",,iFood,Cartão Débito,,Concluído
04/02/2025,PED-1335,,Empada de Frango,Salgados,2,"16,18",,iFood,Dinheiro,"6,34",Concluído
04/02/2025,PED-1336,,Pão de Queijo,Salgados,1,"24,51",,Encomenda,Cartão Crédito,,Concluído
04/02/2025,PED-1337,,Torta de Limão,Tortas,1,"31,67",,Encomenda,Dinheiro,,Concluído
04/02/2025,PED-1338,,Pão de Queijo,Salgados,1,"33,55","0,81",Balcão,PIX,"11,35",Concluído
04/02/2025,PED-1338,,Trufa de Maracujá,Doces,3,"16,51",,iFood,PIX,,Concluído
04/02/2025,PED-1338,,Trufa de Morango,Doces,3,"25,22",,WhatsApp,Dinheiro,"11,11",Concluído
04/02/2025,PED-1338,,Bolo Red Velvet,Bolos,4,"31,15",,WhatsApp,PIX,"12,42",Concluído
04/02/2025,PED-1339,,Torta Holandesa,Tortas,3,"10,21",,iFood,PIX,,Concluído
04/02/2025,PED-1339,,Bolo de Cenoura,Bolos,5,"33,38",,Encomenda,Dinheiro,,Concluído
04/02/2025,PED-1340,,Trufa de Maracujá,Doces,4,"22,71",,Encomenda,Cartão Crédito,,Concluído
04/02/2025,PED-1341,,Torta Holandesa,Tortas,1,"14,19","1,21",Encomenda,PIX,"5,15",Concluído
04/02/2025,PED-1342,,Pão de Queijo,Salgados,2,"6,03","3,00",WhatsApp,PIX,,Concluído
04/02/2025,PED-1343,,Brigadeiro Gourmet,Doces,4,"6,14",,iFood,Cartão Débito,"2,61",Concluído
04/02/2025,PED-1343,,Bolo de Cenoura,Bolos,4,"9,41",,iFood,PIX,,Concluído
04/02/2025,PED-1343,,Torta de Limão,Tortas,5,"29,57",,Balcão,Dinheiro,,Concluído
05/02/2025,PED-1344,,Bolo Red Velvet,Bolos,4,"7,53",,Encomenda,Dinheiro,,Concluído
05/02/2025,PED-1345,,Empada de Frango,Salgados,3,"7,13","2,67",Encomenda,PIX,"3,01",Cancelado
05/02/2025,PED-1346,,Coxinha,Salgados,4,"20,72","2,53",Balcão,Cartão Débito,,Concluído
06/02/2025,PED-1347,,Bolo de Cenoura,Bolos,5,"5,50",,WhatsApp,Cartão Débito,"2,57",Concluído
06/02/2025,PED-1347,,Torta Holandesa,Tortas,4,"22,24","2,35",Balcão,Dinheiro,"7,28",Concluído
06/02/2025,PED-1348,,Pão de Queijo,Salgados,3,"31,69",,iFood,Cartão Débito,"11,46",Concluído
06/02/2025,PED-1348,,Trufa de Morango,Doces,5,"5,33",,Balcão,Cartão Crédito,"2,13",Concluído
06/02/2025,PED-1348,,Empada de Frango,Salgados,2,"13,00",,iFood,PIX,,Concluído
06/02/2025,PED-1349,,Pão de Queijo,Salgados,3,"30,23",,Balcão,Cartão Crédito,"11,81",Concluído
06/02/2025,PED-1349,,Trufa de Maracujá,Doces,2,"5,15",,Encomenda,Cartão Débito,"1,76",Concluído
06/02/2025,PED-1349,,Torta Holandesa,Tortas,4,"13,40",,Balcão,Dinheiro,"4,21",Concluído
06/02/2025,PED-1349,,Torta de Limão,Tortas,4,"16,90",,WhatsApp,Cartão Débito,"5,17",Concluído
06/02/2025,PED-1350,,Brigadeiro Gourmet,Doces,5,"18,91",,iFood,Dinheiro,"6,33",Concluído
06/02/2025,PED-1350,,Bolo Red Velvet,Bolos,2,"32,74",,Encomenda,PIX,"11,19",Concluído
06/02/2025,PED-1351,,Torta de Limão,Tortas,4,"30,52",,WhatsApp,PIX,"14,54",Concluído
06/02/2025,PED-1351,,Bolo Red Velvet,Bolos,4,"26,81",,WhatsApp,Dinheiro,"10,34",Cancelado
06/02/2025,PED-1351,,Empada de Frango,Salgados,2,"29,05",,iFood,PIX,,Concluído
06/02/2025,PED-1352,,Bolo Red Velvet,Bolos,2,"25,02",,Balcão,PIX,,Cancelado
06/02/2025,PED-1352,,Empada de Frango,Salgados,5,"20,89","1,45",iFood,Cartão Crédito,"7,01",Concluído
06/02/2025,PED-1352,,Pão de Queijo,Salgados,3,"24,40","1,98",Balcão,PIX,,Concluído
06/02/2025,PED-1353,,Coxinha,Salgados,2,"21,21","1,28",WhatsApp,Cartão Débito,,Concluído
06/02/2025,PED-1353,,Brigadeiro,Doces,1,"27,55",,WhatsApp,Dinheiro,"11,12",Concluído
06/02/2025,PED-1354,,Trufa de Morango,Doces,4,"22,71","1,44",WhatsApp,Cartão Crédito,"8,54",Concluído
06/02/2025,PED-1354,,Coxinha,Salgados,1,"15,87",,Balcão,Cartão Débito,"6,35",Concluído
06/02/2025,PED-1354,,Torta de Limão,Tortas,1,"9,03",,WhatsApp,Cartão Débito,"3,07",Concluído
06/02/2025,PED-1355,,Torta Holandesa,Tortas,5,"12,80",,iFood,Cartão Crédito,"4,60",Concluído
06/02/2025,PED-1355,,Torta de Limão,Tortas,1,"28,75",,WhatsApp,PIX,,Concluído
06/02/2025,PED-1355,,Brigadeiro Gourmet,Doces,2,"24,43","1,82",Encomenda,Cartão Débito,,Concluído
06/02/2025,PED-1356,,Brigadeiro,Doces,4,"13,58",,WhatsApp,Cartão Débito,"5,64",Concluído
06/02/2025,PED-1356,,Trufa de Morango,Doces,3,"25,47",,Encomenda,Cartão Débito,"11,13",Concluído
06/02/2025,PED-1356,,Torta de Limão,Tortas,1,"29,04",,WhatsApp,Cartão Débito,,Cancelado
07/02/2025,PED-1357,,Trufa de Morango,Doces,4,"26,89","0,98",Encomenda,Cartão Débito,"11,12",Concluído
07/02/2025,PED-1357,,Brigadeiro,Doces,1,"12,02",,Encomenda,Dinheiro,"5,26",Concluído
07/02/2025,PED-1357,,Torta Holandesa,Tortas,1,"13,15","2,83",Balcão,Cartão Crédito,"4,55",Concluído
07/02/2025,PED-1357,,Bolo de Cenoura,Bolos,5,"20,09",,Encomenda,PIX,"9,68",Concluído
07/02/2025,PED-1358,,Empada de Frango,Salgados,1,"24,58",,Encomenda,Cartão Crédito,"8,38",Concluído
07/02/2025,PED-1358,,Trufa de Morango,Doces,5,"29,72",,Encomenda,Cartão Débito,"11,90",Concluído
07/02/2025,PED-1359,,Bolo Red Velvet,Bolos,1,"23,25","2,61",WhatsApp,Cartão Débito,,Cancelado
07/02/2025,PED-1360,,Coxinha,Salgados,3,"8,73","2,15",iFood,Cartão Crédito,"4,09",Cancelado
07/02/2025,PED-1360,,Torta Holandesa,Tortas,4,"12,17",,Encomenda,Cartão Crédito,,Concluído
07/02/2025,PED-1360,,Pão de Queijo,Salgados,2,"31,99",,WhatsApp,PIX,"15,64",Concluído
07/02/2025,PED-1360,,Bolo de Chocolate,Bolos,5,"30,72",,WhatsApp,Cartão Crédito,,Concluído
07/02/2025,PED-1361,,Trufa de Maracujá,Doces,1,"8,13",,WhatsApp,Dinheiro,"2,70",Concluído
07/02/2025,PED-1362,,Bolo de Cenoura,Bolos,4,"31,16",,WhatsApp,Cartão Crédito,,Concluído
07/02/2025,PED-1363,,Brigadeiro Gourmet,Doces,2,"9,69","1,33",WhatsApp,Cartão Crédito,"3,03",Concluído
07/02/2025,PED-1364,,Brigadeiro Gourmet,Doces,1,"29,86",,WhatsApp,Dinheiro,"13,38",Concluído
07/02/2025,PED-1364,,Bolo Red Velvet,Bolos,3,"32,74","0,89",Balcão,PIX,"11,24",Concluído
07/02/2025,PED-1364,,Torta de Limão,Tortas,1,"33,53",,Balcão,Dinheiro,"12,12",Concluído
07/02/2025,PED-1364,,Bolo de Chocolate,Bolos,2,"20,45",,Balcão,Dinheiro,"7,11",Concluído
07/02/2025,PED-1365,,Bolo de Chocolate,Bolos,2,"18,80",,WhatsApp,PIX,"8,95",Concluído
07/02/2025,PED-1366,,Empada de Frango,Salgados,2,"28,02",,Encomenda,Cartão Crédito,,Concluído
07/02/2025,PED-1366,,Bolo de Cenoura,Bolos,2,"14,51",,iFood,Dinheiro,"4,39",Concluído
07/02/2025,PED-1366,,Trufa de Maracujá,Doces,4,"13,71",,iFood,Cartão Débito,,Concluído
07/02/2025,PED-1366,,Pão de Queijo,Salgados,2,"7,75",,Encomenda,Dinheiro,,Cancelado
07/02/2025,PED-1367,,Brigadeiro Gourmet,Doces,3,"29,57","2,11",WhatsApp,Cartão Débito,,Concluído
07/02/2025,PED-1367,,Bolo de Cenoura,Bolos,3,"31,02","3,00",Encomenda,Cartão Crédito,"9,41",Cancelado
07/02/2025,PED-1368,,Empada de Frango,Salgados,1,"33,86",,Balcão,Cartão Débito,,Concluído
07/02/2025,PED-1368,,Pão de Queijo,Salgados,2,"22,55",,iFood,PIX,"8,45",Concluído
07/02/2025,PED-1369,,Brigadeiro,Doces,5,"34,70","2,92",iFood,PIX,,Concluído
07/02/2025,PED-1369,,Torta de Limão,Tortas,1,"18,00","1,83",iFood,Dinheiro,,Concluído
07/02/2025,PED-1369,,Bolo de Chocolate,Bolos,3,"18,56",,WhatsApp,PIX,"8,93",Cancelado
07/02/2025,PED-1369,,Torta Holandesa,Tortas,5,"20,62",,Encomenda,Dinheiro,"6,21",Concluído
08/02/2025,PED-1370,,Brigadeiro,Doces,2,"8,75",,Encomenda,Cartão Débito,"2,76",Concluído
08/02/2025,PED-1370,,Bolo Red Velvet,Bolos,2,"34,55","1,12",iFood,Cartão Crédito,"12,08",Concluído
08/02/2025,PED-1371,,Coxinha,Salgados,4,"21,31","0,92",Encomenda,PIX,"8,54",Concluído
08/02/2025,PED-1371,,Bolo de Cenoura,Bolos,4,"5,81",,iFood,PIX,,Cancelado
08/02/2025,PED-1371,,Trufa de Maracujá,Doces,2,"34,76","1,15",Encomenda,Cartão Crédito,"13,58",Concluído
08/02/2025,PED-1372,,Bolo Red Velvet,Bolos,2,"11,33",,iFood,Cartão Crédito,,Concluído
08/02/2025,PED-1372,,Coxinha,Salgados,4,"22,03",,Balcão,Cartão Crédito,"7,96",Concluído
08/02/2025,PED-1372,,Brigadeiro,Doces,4,"10,09",,iFood,Cartão Débito,"3,90",Cancelado
08/02/2025,PED-1373,,Torta de Limão,Tortas,2,"22,36","1,12",Balcão,PIX,"10,34",Concluído
08/02/2025,PED-1373,,Trufa de Maracujá,Doces,4,"29,79",,WhatsApp,Dinheiro,"12,52",Concluído
08/02/2025,PED-1373,,Bolo de Chocolate,Bolos,4,"8,78",,Encomenda,PIX,"2,96",Concluído
08/02/2025,PED-1373,,Trufa de Morango,Doces,3,"15,35","1,78",Balcão,Dinheiro,"6,85",Cancelado
08/02/2025,PED-1374,,Bolo Red Velvet,Bolos,3,"21,30",,Balcão,Dinheiro,,Concluído
08/02/2025,PED-1374,,Brigadeiro Gourmet,Doces,4,"33,52","1,84",Encomenda,PIX,,Concluído
08/02/2025,PED-1374,,Brigadeiro,Doces,2,"20,34",,Balcão,Cartão Crédito,"6,84",Cancelado
08/02/2025,PED-1375,,Bolo Red Velvet,Bolos,2,"7,41",,Encomenda,Cartão Crédito,"3,56",Cancelado
08/02/2025,PED-1375,,Brigadeiro,Doces,2,"9,47",,Balcão,Cartão Débito,"3,07",Concluído
09/02/2025,PED-1376,,Bolo de Chocolate,Bolos,3,"7,50",,Balcão,Dinheiro,,Concluído
09/02/2025,PED-1377,,Trufa de Morango,Doces,5,"29,69",,Encomenda,Cartão Débito,,Cancelado
09/02/2025,PED-1378,,Trufa de Maracujá,Doces,3,"14,81","2,20",iFood,Cartão Débito,"4,61",Concluído
09/02/2025,PED-1378,,Torta Holandesa,Tortas,4,"5,12","2,72",WhatsApp,Dinheiro,,Cancelado
09/02/2025,PED-1378,,Torta de Limão,Tortas,5,"10,03",,Encomenda,Cartão Crédito,"4,24",Concluído
09/02/2025,PED-1378,,Pão de Queijo,Salgados,3,"5,12",,iFood,Cartão Crédito,,Concluído
09/02/2025,PED-1379,,Trufa de Morango,Doces,4,"22,52",,iFood,PIX,,Concluído
09/02/2025,PED-1379,,Pão de Queijo,Salgados,5,"26,30",,iFood,Cartão Crédito,"12,08",Concluído
09/02/2025,PED-1379,,Bolo de Cenoura,Bolos,1,"23,27",,Balcão,Dinheiro,"7,77",Concluído
09/02/2025,PED-1379,,Trufa de Maracujá,Doces,1,"34,31",,iFood,PIX,,Concluído
09/02/2025,PED-1380,,Torta de Limão,Tortas,4,"30,95",,Balcão,Cartão Débito,,Concluído
09/02/2025,PED-1380,,Bolo de Cenoura,Bolos,4,"34,38","2,17",WhatsApp,Cartão Débito,,Concluído
09/02/2025,PED-1380,,Bolo Red Velvet,Bolos,1,"16,91",,WhatsApp,Dinheiro,"7,07",Cancelado
09/02/2025,PED-1380,,Empada de Frango,Salgados,2,"20,06",,Balcão,Cartão Débito,,Concluído
09/02/2025,PED-1381,,Trufa de Morango,Doces,3,"18,09",,WhatsApp,Dinheiro,"7,60",Concluído
09/02/2025,PED-1381,,Torta Holandesa,Tortas,5,"5,37","2,68",iFood,PIX,"2,48",Concluído
09/02/2025,PED-1382,,Bolo Red Velvet,Bolos,1,"32,25",,Balcão,Cartão Débito,"16,06",Cancelado
09/02/2025,PED-1382,,Pão de Queijo,Salgados,2,"24,59",,Encomenda,Dinheiro,,Concluído
09/02/2025,PED-1382,,Brigadeiro Gourmet,Doces,2,"11,25",,Balcão,PIX,,Concluído
09/02/2025,PED-1382,,Torta Holandesa,Tortas,4,"34,79",,Encomenda,Cartão Débito,,Concluído
09/02/2025,PED-1383,,Trufa de Maracujá,Doces,3,"26,62",,Encomenda,Dinheiro,,Concluído
09/02/2025,PED-1383,,Trufa de Morango,Doces,5,"18,24",,iFood,Cartão Crédito,,Concluído
09/02/2025,PED-1383,,Torta de Limão,Tortas,2,"28,64","1,63",WhatsApp,PIX,"9,42",Concluído
09/02/2025,PED-1383,,Bolo de Cenoura,Bolos,5,"19,83",,WhatsApp,Dinheiro,"9,84",Concluído
09/02/2025,PED-1384,,Coxinha,Salgados,5,"9,80",,Encomenda,PIX,"4,84",Concluído
09/02/2025,PED-1384,,Bolo Red Velvet,Bolos,2,"9,86","1,51",WhatsApp,Cartão Crédito,"4,13",Concluído
09/02/2025,PED-1384,,Bolo de Chocolate,Bolos,4,"23,99","1,20",Balcão,Dinheiro,"7,77",Concluído
09/02/2025,PED-1385,,Bolo de Chocolate,Bolos,5,"28,46",,Balcão,PIX,,Concluído
09/02/2025,PED-1385,,Pão de Queijo,Salgados,4,"24,83",,WhatsApp,Cartão Crédito,"7,76",Concluído
09/02/2025,PED-1386,,Empada de Frango,Salgados,5,"7,61",,WhatsApp,Dinheiro,,Concluído
09/02/2025,PED-1386,,Torta Holandesa,Tortas,2,"29,53","0,51",Balcão,Dinheiro,,Concluído
09/02/2025,PED-1386,,Torta de Limão,Tortas,2,"28,55",,Balcão,Dinheiro,"10,03",Concluído
09/02/2025,PED-1386,,Coxinha,Salgados,3,"25,73",,Balcão,PIX,"12,58",Concluído
09/02/2025,PED-1387,,Empada de Frango,Salgados,5,"17,01",,iFood,PIX,"7,46",Concluído
10/02/2025,PED-1388,,Bolo de Chocolate,Bolos,3,"10,80",,WhatsApp,Cartão Débito,,Concluído
10/02/2025,PED-1388,,Brigadeiro,Doces,5,"10,26",,WhatsApp,Cartão Crédito,"3,61",Concluído
10/02/2025,PED-1389,,Brigadeiro Gourmet,Doces,4,"32,71",,iFood,PIX,"10,27",Concluído
10/02/2025,PED-1390,,Trufa de Morango,Doces,4,"17,95",,WhatsApp,Dinheiro,,Concluído
10/02/2025,PED-1390,,Bolo Red Velvet,Bolos,5,"10,10","0,78",iFood,Cartão Débito,"4,32",Concluído
10/02/2025,PED-1391,,Brigadeiro,Doces,1,"5,40",,Balcão,PIX,"1,73",Cancelado
10/02/2025,PED-1391,,Brigadeiro Gourmet,Doces,3,"34,83","2,00",iFood,Cartão Débito,"12,87",Cancelado
10/02/2025,PED-1392,,Bolo de Chocolate,Bolos,3,"11,99","2,92",Encomenda,Cartão Crédito,"5,52",Cancelado
10/02/2025,PED-1393,,Brigadeiro Gourmet,Doces,5,"33,12",,WhatsApp,Cartão Crédito,,Cancelado
10/02/2025,PED-1393,,Bolo de Chocolate,Bolos,1,"15,95",,WhatsApp,Cartão Crédito,,Concluído
10/02/2025,PED-1394,,Coxinha,Salgados,5,"24,19",,WhatsApp,Cartão Débito,,Concluído
10/02/2025,PED-1394,,Trufa de Maracujá,Doces,4,"17,51",,Balcão,Dinheiro,,Concluído
10/02/2025,PED-1395,,Bolo Red Velvet,Bolos,1,"28,56",,Balcão,Cartão Crédito,"11,38",Cancelado
10/02/2025,PED-1396,,Coxinha,Salgados,5,"26,09",,Balcão,Cartão Crédito,"11,04",Cancelado
10/02/2025,PED-1396,,Torta Holandesa,Tortas,2,"19,13",,WhatsApp,PIX,,Concluído
10/02/2025,PED-1397,,Trufa de Maracujá,Doces,5,"10,46",,iFood,Dinheiro,"3,93",Concluído
10/02/2025,PED-1398,,Empada de Frango,Salgados,3,"16,88",,Encomenda,PIX,"5,07",Concluído
10/02/2025,PED-1398,,Bolo de Cenoura,Bolos,5,"31,33",,Encomenda,Dinheiro,,Concluído
10/02/2025,PED-1399,,Pão de Queijo,Salgados,3,"23,85",,WhatsApp,Cartão Crédito,"8,82",Concluído
10/02/2025,PED-1400,,Bolo de Cenoura,Bolos,4,"22,64",,Encomenda,Dinheiro,"10,86",Concluído
11/02/2025,PED-1401,,Brigadeiro,Doces,3,"20,33","1,43",iFood,Dinheiro,,Concluído
11/02/2025,PED-1401,,Coxinha,Salgados,4,"31,88",,iFood,PIX,"12,33",Concluído
11/02/2025,PED-1401,,Trufa de Morango,Doces,3,"12,76",,Balcão,PIX,"5,72",Concluído
11/02/2025,PED-1402,,Torta de Limão,Tortas,5,"25,03",,Encomenda,Cartão Crédito,"11,33",Concluído
11/02/2025,PED-1402,,Brigadeiro Gourmet,Doces,1,"9,49",,Balcão,PIX,"3,50",Concluído
11/02/2025,PED-1402,,Bolo de Cenoura,Bolos,3,"32,78",,Encomenda,Dinheiro,"11,73",Concluído
11/02/2025,PED-1402,,Trufa de Morango,Doces,5,"15,14",,iFood,PIX,"6,86",Concluído
11/02/2025,PED-1403,,Coxinha,Salgados,5,"33,71",,WhatsApp,PIX,"15,87",Concluído
11/02/2025,PED-1403,,Bolo de Cenoura,Bolos,4,"10,41",,WhatsApp,Cartão Crédito,,Concluído
12/02/2025,PED-1404,,Trufa de Morango,Doces,5,"21,68",,Balcão,Cartão Crédito,"8,35",Concluído
12/02/2025,PED-1405,,Bolo de Cenoura,Bolos,3,"16,49","2,32",WhatsApp,Dinheiro,"7,89",Concluído
12/02/2025,PED-1405,,Brigadeiro Gourmet,Doces,3,"7,13",,Balcão,Cartão Crédito,"3,43",Concluído
12/02/2025,PED-1405,,Trufa de Maracujá,Doces,4,"15,33",,Balcão,PIX,"4,89",Concluído
12/02/2025,PED-1406,,Torta Holandesa,Tortas,5,"26,66",,WhatsApp,Cartão Crédito,,Concluído
12/02/2025,PED-1406,,Trufa de Maracujá,Doces,2,"9,35",,WhatsApp,PIX,"4,61",Concluído
12/02/2025,PED-1406,,Pão de Queijo,Salgados,1,"9,04",,WhatsApp,PIX,"3,56",Concluído
12/02/2025,PED-1407,,Brigadeiro,Doces,3,"27,54",,Encomenda,Dinheiro,,Concluído
12/02/2025,PED-1407,,Trufa de Morango,Doces,4,"7,77",,WhatsApp,Cartão Débito,"2,75",Concluído
12/02/2025,PED-1408,,Torta Holandesa,Tortas,4,"12,79",,Encomenda,Cartão Crédito,"5,75",Concluído
12/02/2025,PED-1409,,Brigadeiro,Doces,5,"11,55",,Encomenda,Cartão Débito,,Concluído
12/02/2025,PED-1409,,Bolo Red Velvet,Bolos,3,"14,02",,Balcão,PIX,"4,68",Concluído
12/02/2025,PED-1409,,Bolo de Chocolate,Bolos,2,"6,60",,iFood,Dinheiro,,Concluído
12/02/2025,PED-1410,,Empada de Frango,Salgados,3,"5,05",,iFood,PIX,"2,47",Concluído
12/02/2025,PED-1410,,Bolo de Cenoura,Bolos,3,"30,04",,Balcão,Cartão Débito,,Concluído
12/02/2025,PED-1411,,Bolo Red Velvet,Bolos,5,"27,01","0,77",iFood,PIX,,Concluído
12/02/2025,PED-1411,,Brigadeiro Gourmet,Doces,3,"14,03",,Encomenda,PIX,"6,47",Concluído
12/02/2025,PED-1411,,Bolo de Chocolate,Bolos,4,"14,49",,Balcão,Cartão Crédito,,Concluído
12/02/2025,PED-1412,,Bolo Red Velvet,Bolos,2,"34,87",,WhatsApp,Cartão Crédito,"11,59",Cancelado
12/02/2025,PED-1412,,Torta Holandesa,Tortas,1,"12,69",,Encomenda,Dinheiro,"4,96",Cancelado
12/02/2025,PED-1412,,Brigadeiro,Doces,1,"10,62",,Balcão,Dinheiro,"3,23",Concluído
12/02/2025,PED-1412,,Coxinha,Salgados,1,"15,17",,Balcão,Dinheiro,,Concluído
12/02/2025,PED-1413,,Torta Holandesa,Tortas,4,"10,70","2,44",iFood,Cartão Débito,,Concluído
12/02/2025,PED-1413,,Bolo de Cenoura,Bolos,2,"11,32",,Balcão,Dinheiro,,Concluído
12/02/2025,PED-1413,,Brigadeiro,Doces,5,"9,21",,WhatsApp,Dinheiro,"4,30",Concluído
12/02/2025,PED-1414,,Brigadeiro,Doces,4,"22,49",,WhatsApp,Cartão Crédito,,Concluído
12/02/2025,PED-1415,,Bolo Red Velvet,Bolos,3,"16,54",,Balcão,Dinheiro,"8,01",Cancelado
12/02/2025,PED-1415,,Bolo de Cenoura,Bolos,2,"11,18",,WhatsApp,Cartão Débito,"4,87",Cancelado
12/02/2025,PED-1415,,Brigadeiro,Doces,3,"16,75",,iFood,Cartão Débito,"6,69",Concluído
12/02/2025,PED-1415,,Torta de Limão,Tortas,2,"5,08",,Encomenda,Dinheiro,"1,92",Concluído
13/02/2025,PED-1416,,Bolo Red Velvet,Bolos,2,"10,22","2,46",Encomenda,Cartão Crédito,"4,07",Cancelado
13/02/2025,PED-1416,,Bolo de Cenoura,Bolos,3,"31,07",,Encomenda,PIX,"12,73",Concluído
13/02/2025,PED-1416,,Trufa de Maracujá,Doces,5,"8,42","2,33",WhatsApp,Dinheiro,"3,83",Concluído
13/02/2025,PED-1417,,Bolo de Chocolate,Bolos,5,"19,84",,Balcão,Cartão Débito,,Concluído
13/02/2025,PED-1417,,Brigadeiro,Doces,3,"10,70",,Encomenda,PIX,,Concluído
13/02/2025,PED-1417,,Torta Holandesa,Tortas,1,"14,19",,WhatsApp,Cartão Crédito,"6,23",Concluído
13/02/2025,PED-1418,,Trufa de Maracujá,Doces,5,"24,53",,Balcão,PIX,"9,15",Concluído
13/02/2025,PED-1418,,Bolo de Chocolate,Bolos,5,"5,51","2,62",WhatsApp,Cartão Débito,"1,85",Concluído
13/02/2025,PED-1418,,Bolo de Cenoura,Bolos,3,"21,85",,Balcão,PIX,"7,23",Cancelado
13/02/2025,PED-1418,,Pão de Queijo,Salgados,1,"11,56","1,51",Encomenda,Cartão Débito,,Cancelado
13/02/2025,PED-1419,,Torta Holandesa,Tortas,3,"11,42",,WhatsApp,PIX,"5,65",Concluído
13/02/2025,PED-1419,,Brigadeiro,Doces,1,"30,35","1,06",Balcão,Cartão Crédito,"13,63",Concluído
13/02/2025,PED-1419,,Trufa de Morango,Doces,4,"17,82","2,61",Encomenda,PIX,"8,20",Concluído
13/02/2025,PED-1420,,Bolo de Cenoura,Bolos,3,"8,18",,Balcão,Dinheiro,"2,91",Concluído
13/02/2025,PED-1421,,Brigadeiro Gourmet,Doces,5,"12,68",,Balcão,Cartão Crédito,"4,01",Concluído
13/02/2025,PED-1422,,Trufa de Maracujá,Doces,3,"8,81",,Encomenda,PIX,,Concluído
13/02/2025,PED-1423,,Torta Holandesa,Tortas,4,"18,57",,Balcão,Cartão Crédito,"8,44",Concluído
13/02/2025,PED-1423,,Trufa de Maracujá,Doces,1,"29,01",,Balcão,PIX,"11,38",Concluído
13/02/2025,PED-1423,,Bolo Red Velvet,Bolos,2,"32,91",,iFood,Cartão Crédito,,Concluído
13/02/2025,PED-1423,,Bolo de Cenoura,Bolos,3,"18,88","1,42",Encomenda,PIX,"8,35",Concluído
13/02/2025,PED-1424,,Bolo Red Velvet,Bolos,4,"28,22",,Balcão,Cartão Crédito,"13,37",Concluído
13/02/2025,PED-1425,,Trufa de Maracujá,Doces,3,"7,79",,Encomenda,Cartão Débito,"2,44",Concluído
13/02/2025,PED-1425,,Bolo Red Velvet,Bolos,4,"15,48",,Encomenda,Dinheiro,,Concluído
13/02/2025,PED-1425,,Brigadeiro Gourmet,Doces,4,"16,74",,iFood,Cartão Débito,"6,73",Concluído
13/02/2025,PED-1425,,Torta de Limão,Tortas,4,"32,94","1,79",Balcão,Dinheiro,"15,65",Concluído
13/02/2025,PED-1426,,Bolo Red Velvet,Bolos,3,"9,31",,WhatsApp,Cartão Crédito,"4,38",Concluído
13/02/2025,PED-1427,,Trufa de Maracujá,Doces,4,"24,08","2,14",Balcão,Cartão Crédito,"8,09",Concluído
14/02/2025,PED-1428,,Trufa de Maracujá,Doces,5,"19,02",,Encomenda,Dinheiro,,Concluído
14/02/2025,PED-1429,,Bolo de Chocolate,Bolos,2,"10,96",,Encomenda,Dinheiro,,Concluído
14/02/2025,PED-1429,,Empada de Frango,Salgados,4,"22,61",,Encomenda,Cartão Débito,"6,88",Concluído
14/02/2025,PED-1429,,Bolo Red Velvet,Bolos,2,"31,03",,iFood,Cartão Crédito,"11,82",Concluído
14/02/2025,PED-1429,,Coxinha,Salgados,2,"26,49",,Encomenda,Cartão Débito,"8,23",Concluído
14/02/2025,PED-1430,,Brigadeiro,Doces,4,"22,16",,Encomenda,Cartão Débito,,Cancelado
14/02/2025,PED-1430,,Trufa de Maracujá,Doces,1,"20,93",,WhatsApp,Cartão Débito,"9,07",Concluído
14/02/2025,PED-1431,,Bolo Red Velvet,Bolos,2,"23,78",,Encomenda,Cartão Débito,"11,74",Cancelado
14/02/2025,PED-1432,,Coxinha,Salgados,4,"10,14",,WhatsApp,Cartão Crédito,"4,55",Cancelado
14/02/2025,PED-1433,,Pão de Queijo,Salgados,3,"13,85",,Balcão,Cartão Débito,,Concluído
14/02/2025,PED-1433,,Trufa de Morango,Doces,3,"5,66",,Encomenda,Cartão Crédito,"2,68",Concluído
15/02/2025,PED-1434,,Empada de Frango,Salgados,4,"23,79",,Encomenda,Cartão Crédito,"7,91",Concluído
15/02/2025,PED-1434,,Trufa de Maracujá,Doces,4,"32,01",,Balcão,Dinheiro,,Concluído
15/02/2025,PED-1434,,Bolo de Cenoura,Bolos,1,"8,67","2,07",Balcão,Cartão Crédito,"3,90",Cancelado
15/02/2025,PED-1434,,Bolo Red Velvet,Bolos,1,"28,80",,WhatsApp,PIX,,Concluído
15/02/2025,PED-1435,,Bolo de Cenoura,Bolos,4,"19,36","1,55",WhatsApp,Cartão Débito,"7,25",Concluído
15/02/2025,PED-1435,,Brigadeiro,Doces,3,"31,97","1,28",Balcão,Cartão Crédito,,Concluído
15/02/2025,PED-1435,,Coxinha,Salgados,1,"5,63",,iFood,Cartão Débito,,Concluído
15/02/2025,PED-1435,,Torta Holandesa,Tortas,4,"28,43","1,11",Balcão,Cartão Crédito,"12,19",Concluído
15/02/2025,PED-1436,,Torta Holandesa,Tortas,2,"26,18",,Balcão,Cartão Crédito,"12,04",Concluído
15/02/2025,PED-1436,,Bolo Red Velvet,Bolos,2,"27,64",,Encomenda,Dinheiro,"8,80",Cancelado
15/02/2025,PED-1436,,Trufa de Morango,Doces,1,"11,26",,WhatsApp,Cartão Crédito,"3,43",Concluído
15/02/2025,PED-1436,,Trufa de Maracujá,Doces,2,"12,64",,WhatsApp,Cartão Crédito,"5,14",Concluído
15/02/2025,PED-1437,,Brigadeiro Gourmet,Doces,2,"8,39",,Balcão,Dinheiro,,Concluído
15/02/2025,PED-1438,,Bolo de Cenoura,Bolos,3,"10,80",,iFood,PIX,"4,30",Concluído
15/02/2025,PED-1439,,Coxinha,Salgados,4,"5,89","0,68",Balcão,PIX,,Concluído
15/02/2025,PED-1440,,Trufa de Maracujá,Doces,3,"12,36",,Balcão,Dinheiro,,Concluído
15/02/2025,PED-1440,,Torta de Limão,Tortas,4,"19,20",,Balcão,PIX,"8,60",Cancelado
15/02/2025,PED-1440,,Coxinha,Salgados,5,"6,21",,WhatsApp,Dinheiro,"2,31",Concluído
15/02/2025,PED-1440,,Bolo Red Velvet,Bolos,2,"10,67",,Balcão,Cartão Débito,"4,22",Cancelado
15/02/2025,PED-1441,,Coxinha,Salgados,4,"25,99",,iFood,Cartão Crédito,"8,82",Concluído
15/02/2025,PED-1441,,Torta Holandesa,Tortas,5,"28,90",,Encomenda,Cartão Crédito,,Concluído
15/02/2025,PED-1441,,Trufa de Morango,Doces,5,"22,35",,Balcão,Cartão Crédito,,Concluído
15/02/2025,PED-1442,,Pão de Queijo,Salgados,1,"20,31",,iFood,Cartão Crédito,,Concluído
15/02/2025,PED-1442,,Trufa de Maracujá,Doces,5,"29,73","1,40",iFood,Cartão Crédito,"9,98",Concluído
15/02/2025,PED-1443,,Brigadeiro,Doces,3,"31,90",,Balcão,Dinheiro,,Concluído
15/02/2025,PED-1443,,Bolo de Cenoura,Bolos,1,"33,19",,iFood,PIX,"13,72",Cancelado
15/02/2025,PED-1443,,Torta Holandesa,Tortas,4,"7,71",,iFood,Dinheiro,"2,47",Cancelado
15/02/2025,PED-1444,,Torta de Limão,Tortas,2,"13,11","0,62",Encomenda,Dinheiro,"6,52",Concluído
15/02/2025,PED-1444,,Trufa de Morango,Doces,2,"23,54",,Balcão,Cartão Débito,"8,17",Concluído
15/02/2025,PED-1444,,Trufa de Maracujá,Doces,5,"31,36","0,51",Encomenda,Dinheiro,"14,68",Cancelado
15/02/2025,PED-1444,,Pão de Queijo,Salgados,1,"26,60",,Encomenda,Cartão Débito,"8,48",Concluído
15/02/2025,PED-1445,,Trufa de Maracujá,Doces,3,"27,79",,Encomenda,Cartão Crédito,"12,20",Concluído
15/02/2025,PED-1445,,Trufa de Morango,Doces,5,"20,31",,WhatsApp,Dinheiro,"9,44",Concluído
15/02/2025,PED-1445,,Bolo de Cenoura,Bolos,4,"33,16",,iFood,Dinheiro,"14,75",Concluído
15/02/2025,PED-1446,,Bolo de Chocolate,Bolos,1,"17,46",,Encomenda,Cartão Débito,,Concluído
15/02/2025,PED-1446,,Bolo de Cenoura,Bolos,5,"10,64",,Encomenda,Cartão Crédito,"5,02",Concluído
15/02/2025,PED-1446,,Torta Holandesa,Tortas,5,"26,37","1,11",iFood,Cartão Débito,,Concluído
15/02/2025,PED-1447,,Bolo de Cenoura,Bolos,1,"17,13",,WhatsApp,Dinheiro,,Concluído
15/02/2025,PED-1447,,Brigadeiro Gourmet,Doces,1,"25,25",,Encomenda,Cartão Crédito,,Concluído
15/02/2025,PED-1448,,Bolo de Cenoura,Bolos,3,"26,05",,WhatsApp,Dinheiro,,Concluído
15/02/2025,PED-1448,,Trufa de Maracujá,Doces,3,"13,96","1,48",WhatsApp,Cartão Crédito,,Concluído
15/02/2025,PED-1448,,Brigadeiro,Doces,3,"7,81",,Balcão,PIX,,Concluído
15/02/2025,PED-1448,,Empada de Frango,Salgados,1,"9,38",,WhatsApp,Cartão Débito,,Concluído
15/02/2025,PED-1449,,Torta de Limão,Tortas,1,"15,87",,Encomenda,Cartão Crédito,"5,43",Cancelado
15/02/2025,PED-1449,,Empada de Frango,Salgados,1,"18,66",,Encomenda,Cartão Crédito,"5,78",Concluído
15/02/2025,PED-1449,,Coxinha,Salgados,2,"17,04",,Encomenda,Cartão Crédito,"6,91",Concluído
15/02/2025,PED-1449,,Trufa de Maracujá,Doces,1,"32,90",,WhatsApp,Dinheiro,,Concluído
15/02/2025,PED-1450,,Pão de Queijo,Salgados,2,"15,90",,Encomenda,Cartão Crédito,"7,57",Concluído
15/02/2025,PED-1451,,Brigadeiro,Doces,3,"33,33",,iFood,Cartão Débito,"11,35",Concluído
16/02/2025,PED-1452,,Torta Holandesa,Tortas,1,"17,90",,Balcão,Cartão Crédito,"6,99",Concluído
16/02/2025,PED-1452,,Brigadeiro Gourmet,Doces,1,"18,68",,WhatsApp,Dinheiro,,Cancelado
16/02/2025,PED-1452,,Brigadeiro,Doces,4,"19,42",,Balcão,Dinheiro,"6,78",Concluído
16/02/2025,PED-1452,,Bolo Red Velvet,Bolos,3,"28,23",,WhatsApp,Dinheiro,"9,41",Concluído
16/02/2025,PED-1453,,Torta Holandesa,Tortas,3,"25,09",,iFood,Cartão Débito,,Concluído
16/02/2025,PED-1453,,Trufa de Maracujá,Doces,3,"5,55",,Encomenda,Dinheiro,,Concluído
16/02/2025,PED-1453,,Coxinha,Salgados,5,"33,08",,WhatsApp,PIX,"12,63",Concluído
16/02/2025,PED-1454,,Bolo de Chocolate,Bolos,2,"19,72",,Balcão,Cartão Débito,"9,68",Cancelado
16/02/2025,PED-1454,,Brigadeiro,Doces,5,"23,40",,iFood,Cartão Débito,,Concluído
16/02/2025,PED-1454,,Pão de Queijo,Salgados,4,"29,13",,iFood,Dinheiro,"8,97",Concluído
16/02/2025,PED-1454,,Trufa de Morango,Doces,5,"23,63",,Encomenda,PIX,"11,67",Concluído
16/02/2025,PED-1455,,Empada de Frango,Salgados,5,"30,55",,iFood,Dinheiro,"10,92",Concluído
16/02/2025,PED-1455,,Brigadeiro Gourmet,Doces,2,"6,67",,Encomenda,Cartão Débito,"2,40",Concluído
16/02/2025,PED-1456,,Brigadeiro Gourmet,Doces,3,"10,64",,WhatsApp,Dinheiro,,Concluído
16/02/2025,PED-1457,,Torta Holandesa,Tortas,5,"22,69",,iFood,PIX,"6,95",Concluído
16/02/2025,PED-1457,,Brigadeiro,Doces,4,"22,30",,iFood,Cartão Débito,,Concluído
16/02/2025,PED-1458,,Torta de Limão,Tortas,2,"32,98",,iFood,Dinheiro,"11,21",Concluído
16/02/2025,PED-1458,,Trufa de Maracujá,Doces,4,"28,21",,Encomenda,Dinheiro,"13,40",Concluído
16/02/2025,PED-1458,,Pão de Queijo,Salgados,4,"26,56",,iFood,Cartão Crédito,"11,60",Concluído
16/02/2025,PED-1458,,Bolo Red Velvet,Bolos,4,"22,51","1,57",Balcão,Cartão Crédito,"10,86",Concluído
16/02/2025,PED-1459,,Pão de Queijo,Salgados,5,"14,93",,iFood,Dinheiro,"6,10",Concluído
16/02/2025,PED-1459,,Brigadeiro Gourmet,Doces,4,"10,15",,Encomenda,Dinheiro,"4,59",Concluído
17/02/2025,PED-1460,,Trufa de Maracujá,Doces,1,"29,34",,Balcão,Dinheiro,"12,85",Cancelado
17/02/2025,PED-1461,,Torta Holandesa,Tortas,5,"13,39","0,86",WhatsApp,Cartão Débito,"6,41",Concluído
17/02/2025,PED-1462,,Coxinha,Salgados,2,"30,54",,Balcão,Dinheiro,"12,84",Concluído
18/02/2025,PED-1463,,Empada de Frango,Salgados,4,"23,17",,WhatsApp,PIX,"9,19",Cancelado
18/02/2025,PED-1464,,Pão de Queijo,Salgados,5,"31,95","0,81",WhatsApp,PIX,"9,72",Concluído
18/02/2025,PED-1464,,Torta de Limão,Tortas,5,"25,95","1,01",Balcão,Cartão Crédito,"9,28",Concluído
18/02/2025,PED-1464,,Coxinha,Salgados,3,"32,34","1,50",Balcão,Cartão Crédito,,Concluído
18/02/2025,PED-1465,,Bolo Red Velvet,Bolos,5,"9,92",,Encomenda,Dinheiro,"3,04",Concluído
18/02/2025,PED-1465,,Bolo de Chocolate,Bolos,4,"10,70","2,75",iFood,PIX,"5,31",Concluído
18/02/2025,PED-1465,,Brigadeiro Gourmet,Doces,5,"33,92",,iFood,Cartão Crédito,"11,20",Concluído
18/02/2025,PED-1465,,Coxinha,Salgados,3,"16,40","2,86",Encomenda,Cartão Crédito,"7,67",Concluído
18/02/2025,PED-1466,,Pão de Queijo,Salgados,5,"31,98",,iFood,Cartão Crédito,,Concluído
18/02/2025,PED-1466,,Empada de Frango,Salgados,1,"6,84",,Encomenda,Cartão Crédito,"2,96",Concluído
18/02/2025,PED-1467,,Torta Holandesa,Tortas,2,"9,31","2,36",Encomenda,Dinheiro,,Concluído
18/02/2025,PED-1467,,Brigadeiro,Doces,3,"30,06",,Balcão,Cartão Crédito,,Concluído
18/02/2025,PED-1468,,Bolo Red Velvet,Bolos,1,"18,15","2,28",WhatsApp,PIX,"9,03",Concluído
19/02/2025,PED-1469,,Brigadeiro,Doces,5,"22,77",,Balcão,PIX,"6,94",Concluído
19/02/2025,PED-1469,,Torta Holandesa,Tortas,1,"10,75","1,42",iFood,PIX,"5,08",Cancelado
19/02/2025,PED-1469,,Bolo Red Velvet,Bolos,2,"25,32",,iFood,Cartão Débito,"9,99",Cancelado
19/02/2025,PED-1470,,Bolo de Cenoura,Bolos,4,"22,51",,iFood,Dinheiro,"7,32",Concluído
19/02/2025,PED-1470,,Coxinha,Salgados,2,"25,42",,iFood,Cartão Débito,"11,80",Concluído
19/02/2025,PED-1471,,Bolo de Cenoura,Bolos,5,"8,06",,iFood,Cartão Crédito,,Cancelado
19/02/2025,PED-1471,,Bolo Red Velvet,Bolos,5,"7,32",,iFood,Dinheiro,"3,56",Concluído
19/02/2025,PED-1471,,Brigadeiro Gourmet,Doces,4,"18,84",,WhatsApp,PIX,"8,53",Cancelado
19/02/2025,PED-1472,,Torta de Limão,Tortas,1,"25,21",,Encomenda,Dinheiro,"7,91",Cancelado
19/02/2025,PED-1472,,Bolo de Chocolate,Bolos,2,"24,61",,WhatsApp,Cartão Débito,"9,82",Concluído
19/02/2025,PED-1472,,Brigadeiro,Doces,3,"24,56",,WhatsApp,Cartão Crédito,"7,63",Concluído
19/02/2025,PED-1473,,Bolo de Chocolate,Bolos,4,"22,60",,iFood,Cartão Débito,"7,31",Concluído
19/02/2025,PED-1473,,Trufa de Morango,Doces,4,"19,05",,Balcão,PIX,"6,06",Concluído
19/02/2025,PED-1473,,Torta de Limão,Tortas,5,"26,96",,WhatsApp,Dinheiro,,Concluído
19/02/2025,PED-1473,,Bolo Red Velvet,Bolos,2,"7,32",,WhatsApp,Cartão Débito,"2,65",Concluído
19/02/2025,PED-1474,,Coxinha,Salgados,3,"8,12",,iFood,PIX,"3,62",Concluído
19/02/2025,PED-1474,,Torta de Limão,Tortas,3,"34,20",,iFood,PIX,,Cancelado
19/02/2025,PED-1474,,Bolo de Cenoura,Bolos,3,"15,95",,Encomenda,Cartão Débito,"7,65",Concluído
19/02/2025,PED-1474,,Pão de Queijo,Salgados,2,"13,33",,Balcão,Cartão Débito,"5,47",Concluído
19/02/2025,PED-1475,,Brigadeiro,Doces,4,"33,60","2,16",Balcão,Cartão Crédito,,Concluído
19/02/2025,PED-1476,,Brigadeiro Gourmet,Doces,1,"17,30",,Encomenda,Cartão Crédito,,Concluído
19/02/2025,PED-1476,,Pão de Queijo,Salgados,4,"20,67",,Encomenda,Dinheiro,"7,76",Concluído
19/02/2025,PED-1476,,Trufa de Morango,Doces,5,"6,28",,iFood,Cartão Débito,,Cancelado
19/02/2025,PED-1477,,Bolo de Chocolate,Bolos,5,"34,72","1,61",Balcão,Dinheiro,,Cancelado
19/02/2025,PED-1477,,Trufa de Maracujá,Doces,3,"20,89","2,69",iFood,PIX,"9,27",Concluído
19/02/2025,PED-1478,,Torta Holandesa,Tortas,3,"16,49",,iFood,Cartão Débito,,Cancelado
19/02/2025,PED-1478,,Brigadeiro,Doces,1,"21,16",,Balcão,Dinheiro,"9,13",Concluído
19/02/2025,PED-1478,,Bolo Red Velvet,Bolos,3,"28,28",,Encomenda,Cartão Crédito,,Concluído
19/02/2025,PED-1478,,Bolo de Chocolate,Bolos,1,"23,01",,Encomenda,PIX,,Concluído
20/02/2025,PED-1479,,Brigadeiro Gourmet,Doces,5,"29,99",,iFood,Cartão Débito,"10,54",Concluído
20/02/2025,PED-1480,,Brigadeiro,Doces,2,"12,14",,WhatsApp,Cartão Crédito,"5,23",Cancelado
20/02/2025,PED-1480,,Torta de Limão,Tortas,1,"17,99",,iFood,Cartão Débito,"7,96",Concluído
20/02/2025,PED-1481,,Empada de Frango,Salgados,3,"14,61",,Balcão,PIX,"4,71",Concluído
20/02/2025,PED-1481,,Bolo de Chocolate,Bolos,5,"18,34","1,45",iFood,PIX,"7,06",Concluído
20/02/2025,PED-1481,,Pão de Queijo,Salgados,5,"18,37",,iFood,Cartão Crédito,"7,01",Concluído
23/02/2025,PED-1482,,Bolo de Cenoura,Bolos,2,"29,94",,iFood,PIX,"13,65",Concluído
23/02/2025,PED-1483,,Torta de Limão,Tortas,2,"34,74",,WhatsApp,Cartão Crédito,,Cancelado
23/02/2025,PED-1484,,Empada de Frango,Salgados,5,"7,10","1,70",iFood,PIX,"2,40",Concluído
23/02/2025,PED-1485,,Trufa de Maracujá,Doces,3,"23,67",,Encomenda,Cartão Crédito,,Concluído
23/02/2025,PED-1485,,Brigadeiro,Doces,3,"8,26",,Encomenda,PIX,,Concluído
23/02/2025,PED-1486,,Brigadeiro,Doces,4,"15,03",,iFood,Cartão Débito,,Concluído
23/02/2025,PED-1486,,Pão de Queijo,Salgados,1,"9,83","1,54",Encomenda,PIX,"3,24",Concluído
23/02/2025,PED-1486,,Bolo Red Velvet,Bolos,1,"23,59",,Encomenda,Dinheiro,"10,68",Concluído
23/02/2025,PED-1486,,Empada de Frango,Salgados,4,"6,39",,WhatsApp,Cartão Crédito,,Concluído
23/02/2025,PED-1487,,Bolo Red Velvet,Bolos,3,"14,88",,iFood,Dinheiro,,Concluído
23/02/2025,PED-1487,,Trufa de Morango,Doces,3,"8,02","2,93",Encomenda,Cartão Crédito,,Concluído
23/02/2025,PED-1487,,Empada de Frango,Salgados,2,"24,54",,Balcão,PIX,,Concluído
23/02/2025,PED-1488,,Torta de Limão,Tortas,3,"20,53",,Balcão,PIX,"8,57",Concluído
23/02/2025,PED-1488,,Torta Holandesa,Tortas,3,"25,20","0,62",WhatsApp,PIX,"9,49",Concluído
23/02/2025,PED-1488,,Coxinha,Salgados,2,"34,94",,Balcão,Cartão Débito,"14,78",Concluído
23/02/2025,PED-1489,,Bolo de Cenoura,Bolos,4,"16,21",,iFood,Cartão Débito,,Cancelado
23/02/2025,PED-1489,,Brigadeiro Gourmet,Doces,2,"9,34",,WhatsApp,Dinheiro,"3,18",Cancelado
23/02/2025,PED-1490,,Empada de Frango,Salgados,2,"27,03","0,51",Balcão,Cartão Débito,,Concluído
24/02/2025,PED-1491,,Torta Holandesa,Tortas,3,"23,58",,Balcão,Cartão Crédito,,Concluído
24/02/2025,PED-1491,,Coxinha,Salgados,3,"25,20",,Balcão,Cartão Débito,,Concluído
24/02/2025,PED-1491,,Empada de Frango,Salgados,1,"14,11",,Balcão,Cartão Débito,"5,01",Concluído
24/02/2025,PED-1491,,Bolo Red Velvet,Bolos,1,"22,75",,Balcão,Dinheiro,"9,36",Concluído
24/02/2025,PED-1492,,Pão de Queijo,Salgados,2,"14,01","1,17",Encomenda,Cartão Débito,"6,48",Concluído
24/02/2025,PED-1492,,Trufa de Morango,Doces,1,"13,13",,WhatsApp,PIX,"4,11",Concluído
24/02/2025,PED-1493,,Torta Holandesa,Tortas,5,"30,84",,WhatsApp,Cartão Débito,"13,30",Concluído
24/02/2025,PED-1493,,Brigadeiro Gourmet,Doces,4,"16,96","1,75",iFood,Dinheiro,"6,93",Concluído
24/02/2025,PED-1493,,Pão de Queijo,Salgados,3,"9,60","1,57",Balcão,PIX,"4,15",Concluído
24/02/2025,PED-1493,,Trufa de Morango,Doces,1,"18,06","1,38",Encomenda,Cartão Crédito,,Cancelado
24/02/2025,PED-1494,,Torta de Limão,Tortas,5,"15,97","1,05",iFood,Cartão Débito,"7,25",Concluído
24/02/2025,PED-1494,,Brigadeiro,Doces,4,"21,03","1,58",Encomenda,PIX,"6,53",Concluído
24/02/2025,PED-1494,,Bolo de Chocolate,Bolos,1,"31,06","1,28",WhatsApp,PIX,"12,87",Concluído
24/02/2025,PED-1494,,Brigadeiro Gourmet,Doces,5,"30,12",,Balcão,Dinheiro,,Concluído
24/02/2025,PED-1495,,Torta Holandesa,Tortas,3,"18,65",,WhatsApp,Cartão Débito,,Cancelado
24/02/2025,PED-1496,,Bolo Red Velvet,Bolos,2,"21,20",,iFood,Cartão Crédito,,Concluído
24/02/2025,PED-1496,,Empada de Frango,Salgados,2,"27,64",,Balcão,Cartão Crédito,"8,40",Concluído
24/02/2025,PED-1497,,Bolo Red Velvet,Bolos,3,"16,59",,WhatsApp,Dinheiro,,Concluído
25/02/2025,PED-1498,,Torta de Limão,Tortas,1,"8,47","0,68",WhatsApp,Dinheiro,"3,79",Cancelado
25/02/2025,PED-1498,,Trufa de Morango,Doces,2,"21,02",,Encomenda,Dinheiro,,Concluído
25/02/2025,PED-1498,,Bolo Red Velvet,Bolos,4,"16,22",,Encomenda,Cartão Crédito,"6,99",Concluído
25/02/2025,PED-1498,,Brigadeiro Gourmet,Doces,1,"22,59","1,06",WhatsApp,Cartão Crédito,"8,96",Concluído
25/02/2025,PED-1499,,Torta Holandesa,Tortas,1,"34,26",,WhatsApp,Cartão Crédito,"10,44",Concluído
25/02/2025,PED-1499,,Trufa de Morango,Doces,5,"24,52",,Balcão,Dinheiro,"11,32",Cancelado
25/02/2025,PED-1499,,Trufa de Maracujá,Doces,2,"11,93","2,71",Encomenda,Cartão Crédito,"3,77",Cancelado
25/02/2025,PED-1499,,Empada de Frango,Salgados,5,"34,61",,Encomenda,Cartão Débito,"13,79",Concluído
25/02/2025,PED-1500,,Bolo de Chocolate,Bolos,5,"33,22","2,03",iFood,PIX,,Cancelado
25/02/2025,PED-1500,,Trufa de Maracujá,Doces,5,"25,01",,WhatsApp,Cartão Débito,,Concluído
25/02/2025,PED-1501,,Empada de Frango,Salgados,1,"22,43",,WhatsApp,Dinheiro,,Concluído
25/02/2025,PED-1501,,Torta Holandesa,Tortas,4,"13,08",,WhatsApp,Cartão Crédito,"5,03",Concluído
25/02/2025,PED-1501,,Bolo de Cenoura,Bolos,4,"27,40",,iFood,Cartão Débito,"10,60",Cancelado
25/02/2025,PED-1501,,Pão de Queijo,Salgados,5,"18,20",,iFood,PIX,"6,06",Cancelado
25/02/2025,PED-1502,,Empada de Frango,Salgados,4,"24,33",,WhatsApp,PIX,,Cancelado
25/02/2025,PED-1502,,Pão de Queijo,Salgados,4,"34,28",,Balcão,Dinheiro,"11,31",Concluído
25/02/2025,PED-1502,,Brigadeiro Gourmet,Doces,2,"33,73",,Balcão,Cartão Crédito,"12,35",Cancelado
25/02/2025,PED-1503,,Bolo de Cenoura,Bolos,5,"31,06",,WhatsApp,Cartão Débito,"9,40",Concluído
25/02/2025,PED-1503,,Trufa de Maracujá,Doces,5,"22,45",,iFood,PIX,"10,17",Concluído
25/02/2025,PED-1504,,Bolo de Cenoura,Bolos,2,"16,46",,Encomenda,Cartão Débito,"6,65",Cancelado
25/02/2025,PED-1504,,Brigadeiro,Doces,5,"29,25","1,20",WhatsApp,PIX,"8,79",Concluído
25/02/2025,PED-1505,,Bolo Red Velvet,Bolos,1,"24,47",,Balcão,PIX,,Cancelado
25/02/2025,PED-1505,,Torta Holandesa,Tortas,4,"23,00","2,20",Balcão,PIX,"9,20",Cancelado
25/02/2025,PED-1506,,Trufa de Morango,Doces,5,"17,76",,WhatsApp,PIX,,Concluído
25/02/2025,PED-1506,,Torta Holandesa,Tortas,2,"34,13","2,65",iFood,Dinheiro,"13,58",Cancelado
25/02/2025,PED-1506,,Coxinha,Salgados,3,"22,83",,Encomenda,Cartão Débito,,Concluído
25/02/2025,PED-1506,,Trufa de Maracujá,Doces,5,"13,75",,Balcão,PIX,"4,61",Concluído
25/02/2025,PED-1507,,Empada de Frango,Salgados,3,"29,01",,iFood,Dinheiro,,Cancelado
25/02/2025,PED-1507,,Brigadeiro,Doces,1,"16,18",,Encomenda,Dinheiro,,Concluído
25/02/2025,PED-1507,,Bolo de Chocolate,Bolos,1,"16,23",,Encomenda,Cartão Crédito,,Concluído
25/02/2025,PED-1508,,Coxinha,Salgados,1,"27,34",,WhatsApp,PIX,"13,09",Concluído
25/02/2025,PED-1508,,Torta de Limão,Tortas,4,"8,39",,Balcão,Cartão Débito,"3,58",Concluído
25/02/2025,PED-1509,,Brigadeiro,Doces,3,"5,68",,WhatsApp,Cartão Débito,,Cancelado
25/02/2025,PED-1509,,Torta de Limão,Tortas,4,"5,58",,WhatsApp,Cartão Débito,"2,59",Concluído
25/02/2025,PED-1509,,Pão de Queijo,Salgados,4,"12,06",,Encomenda,PIX,,Concluído
25/02/2025,PED-1510,,Brigadeiro Gourmet,Doces,3,"9,82",,Balcão,Dinheiro,"3,85",Concluído
25/02/2025,PED-1510,,Empada de Frango,Salgados,1,"34,88",,WhatsApp,Dinheiro,"17,20",Concluído
25/02/2025,PED-1510,,Trufa de Maracujá,Doces,3,"31,13",,WhatsApp,Cartão Débito,,Concluído
25/02/2025,PED-1511,,Brigadeiro Gourmet,Doces,3,"20,53",,WhatsApp,PIX,"7,45",Concluído
25/02/2025,PED-1511,,Bolo de Chocolate,Bolos,2,"13,16",,Balcão,Cartão Crédito,"5,10",Concluído
26/02/2025,PED-1512,,Torta de Limão,Tortas,4,"28,97",,Encomenda,Cartão Débito,,Concluído
26/02/2025,PED-1512,,Torta Holandesa,Tortas,3,"13,49",,iFood,PIX,"6,13",Concluído
26/02/2025,PED-1512,,Bolo Red Velvet,Bolos,1,"15,68",,Encomenda,PIX,"6,68",Concluído
26/02/2025,PED-1512,,Bolo de Chocolate,Bolos,3,"29,03","1,45",Balcão,Cartão Débito,,Concluído
26/02/2025,PED-1513,,Bolo de Chocolate,Bolos,3,"24,47",,WhatsApp,Cartão Crédito,"9,09",Cancelado
26/02/2025,PED-1513,,Bolo Red Velvet,Bolos,1,"12,62","1,62",Encomenda,Cartão Crédito,"5,53",Concluído
26/02/2025,PED-1513,,Trufa de Morango,Doces,3,"15,34",,Balcão,PIX,"5,83",Cancelado
26/02/2025,PED-1514,,Trufa de Morango,Doces,3,"22,44","2,94",WhatsApp,Cartão Débito,"7,46",Cancelado
26/02/2025,PED-1515,,Pão de Queijo,Salgados,3,"10,32",,iFood,PIX,,Concluído
26/02/2025,PED-1515,,Bolo Red Velvet,Bolos,4,"23,78","0,92",WhatsApp,Cartão Débito,"7,83",Concluído
26/02/2025,PED-1516,,Bolo Red Velvet,Bolos,2,"14,67",,WhatsApp,Cartão Débito,,Concluído
26/02/2025,PED-1517,,Bolo Red Velvet,Bolos,4,"27,52",,Encomenda,Cartão Crédito,,Concluído
26/02/2025,PED-1517,,Trufa de Maracujá,Doces,4,"8,92",,WhatsApp,Cartão Crédito,,Concluído
26/02/2025,PED-1517,,Bolo de Cenoura,Bolos,4,"16,59","2,02",Balcão,PIX,"6,12",Cancelado
26/02/2025,PED-1517,,Coxinha,Salgados,2,"12,29",,Encomenda,Dinheiro,"5,71",Concluído
26/02/2025,PED-1518,,Coxinha,Salgados,2,"6,81","1,27",WhatsApp,Cartão Crédito,"2,56",Concluído
26/02/2025,PED-1518,,Brigadeiro,Doces,3,"16,67","1,49",Encomenda,PIX,"8,19",Concluído
26/02/2025,PED-1519,,Torta de Limão,Tortas,3,"8,38",,Encomenda,Dinheiro,,Concluído
26/02/2025,PED-1519,,Empada de Frango,Salgados,2,"18,06","1,97",Balcão,Cartão Crédito,,Concluído
26/02/2025,PED-1519,,Bolo de Cenoura,Bolos,1,"22,30","1,27",Encomenda,Cartão Débito,"9,51",Concluído
26/02/2025,PED-1519,,Coxinha,Salgados,3,"34,16",,Encomenda,Cartão Crédito,"11,46",Concluído
26/02/2025,PED-1520,,Bolo de Chocolate,Bolos,5,"33,98",,Encomenda,Cartão Crédito,"14,37",Concluído
26/02/2025,PED-1520,,Trufa de Maracujá,Doces,3,"24,03",,Encomenda,Cartão Débito,,Concluído
26/02/2025,PED-1521,,Brigadeiro Gourmet,Doces,3,"32,64",,iFood,Cartão Crédito,"10,95",Concluído
26/02/2025,PED-1521,,Trufa de Morango,Doces,3,"23,29",,Balcão,Cartão Crédito,"8,65",Concluído
26/02/2025,PED-1521,,Trufa de Maracujá,Doces,1,"12,17",,Encomenda,Cartão Crédito,"4,00",Concluído
26/02/2025,PED-1522,,Coxinha,Salgados,5,"26,44",,WhatsApp,Dinheiro,"9,90",Concluído
26/02/2025,PED-1522,,Pão de Queijo,Salgados,1,"25,99",,iFood,Dinheiro,"7,91",Concluído
26/02/2025,PED-1522,,Brigadeiro,Doces,2,"9,76",,WhatsApp,Dinheiro,,Concluído
26/02/2025,PED-1523,,Brigadeiro,Doces,5,"16,33",,WhatsApp,Cartão Débito,,Concluído
26/02/2025,PED-1523,,Trufa de Morango,Doces,4,"5,20",,WhatsApp,Cartão Débito,,Concluído
26/02/2025,PED-1523,,Brigadeiro Gourmet,Doces,5,"23,94",,iFood,PIX,"8,25",Concluído
26/02/2025,PED-1523,,Bolo Red Velvet,Bolos,3,"30,04","2,36",iFood,Cartão Crédito,"12,82",Concluído
28/02/2025,PED-1524,,Bolo Red Velvet,Bolos,2,"26,80","2,22",Balcão,Cartão Crédito,"8,21",Cancelado
28/02/2025,PED-1524,,Coxinha,Salgados,1,"19,14",,Encomenda,Cartão Crédito,"8,61",Concluído
28/02/2025,PED-1524,,Torta de Limão,Tortas,5,"11,38",,Encomenda,Cartão Crédito,,Concluído
28/02/2025,PED-1524,,Brigadeiro,Doces,5,"16,62","2,40",Encomenda,PIX,,Concluído
28/02/2025,PED-1525,,Bolo de Cenoura,Bolos,2,"21,20",,WhatsApp,Cartão Crédito,"7,11",Cancelado
28/02/2025,PED-1526,,Trufa de Maracujá,Doces,3,"18,08",,iFood,Cartão Crédito,,Concluído
28/02/2025,PED-1526,,Brigadeiro,Doces,4,"21,54","2,43",WhatsApp,PIX,"10,44",Concluído
28/02/2025,PED-1526,,Trufa de Morango,Doces,1,"16,81",,WhatsApp,Dinheiro,,Concluído
28/02/2025,PED-1526,,Brigadeiro Gourmet,Doces,4,"28,76","2,99",WhatsApp,PIX,"12,28",Cancelado
28/02/2025,PED-1527,,Pão de Queijo,Salgados,4,"28,37",,Encomenda,Dinheiro,"9,92",Concluído
28/02/2025,PED-1528,,Torta Holandesa,Tortas,4,"29,63",,WhatsApp,Cartão Crédito,,Concluído
28/02/2025,PED-1529,,Bolo Red Velvet,Bolos,2,"34,19",,WhatsApp,Cartão Crédito,"16,37",Concluído
28/02/2025,PED-1529,,Coxinha,Salgados,5,"15,03",,Encomenda,Dinheiro,,Cancelado
28/02/2025,PED-1530,,Bolo Red Velvet,Bolos,1,"34,57",,Encomenda,Cartão Crédito,,Concluído
28/02/2025,PED-1530,,Brigadeiro,Doces,4,"7,88",,Balcão,Dinheiro,,Concluído
28/02/2025,PED-1530,,Coxinha,Salgados,1,"24,69","1,24",Balcão,Cartão Débito,,Concluído
28/02/2025,PED-1531,,Trufa de Morango,Doces,5,"15,75",,iFood,Cartão Crédito,,Concluído
28/02/2025,PED-1531,,Bolo de Cenoura,Bolos,2,"10,81","2,53",Balcão,Cartão Crédito,"3,45",Concluído
28/02/2025,PED-1531,,Torta de Limão,Tortas,3,"15,02",,iFood,Cartão Crédito,,Concluído
28/02/2025,PED-1531,,Bolo Red Velvet,Bolos,3,"28,27",,WhatsApp,Cartão Débito,,Concluído
01/03/2025,PED-1532,,Torta Holandesa,Tortas,2,"34,32",,iFood,PIX,"13,31",Concluído
01/03/2025,PED-1532,,Brigadeiro Gourmet,Doces,5,"11,00","1,24",WhatsApp,Cartão Débito,"3,80",Concluído
01/03/2025,PED-1532,,Torta de Limão,Tortas,1,"28,93",,Encomenda,Cartão Crédito,,Cancelado
01/03/2025,PED-1533,,Trufa de Maracujá,Doces,5,"11,38",,Encomenda,PIX,"4,27",Cancelado
01/03/2025,PED-1533,,Torta de Limão,Tortas,2,"24,74","1,73",iFood,PIX,"12,10",Concluído
01/03/2025,PED-1534,,Brigadeiro,Doces,5,"16,39",,iFood,Cartão Crédito,,Concluído
01/03/2025,PED-1534,,Bolo Red Velvet,Bolos,1,"28,32",,iFood,Dinheiro,,Concluído
01/03/2025,PED-1535,,Trufa de Maracujá,Doces,1,"25,78",,Balcão,Cartão Crédito,,Cancelado
01/03/2025,PED-1536,,Brigadeiro,Doces,2,"12,48","1,08",iFood,Cartão Débito,"6,18",Concluído
01/03/2025,PED-1536,,Brigadeiro Gourmet,Doces,1,"12,78",,WhatsApp,PIX,"3,98",Cancelado
01/03/2025,PED-1537,,Coxinha,Salgados,1,"18,06","1,00",WhatsApp,Dinheiro,"5,71",Cancelado
01/03/2025,PED-1537,,Bolo de Cenoura,Bolos,2,"29,14","2,03",Encomenda,Dinheiro,"8,79",Concluído
01/03/2025,PED-1537,,Empada de Frango,Salgados,2,"31,32","2,00",iFood,Cartão Crédito,,Cancelado
01/03/2025,PED-1537,,Bolo de Chocolate,Bolos,4,"16,08",,iFood,Cartão Débito,"6,37",Concluído
01/03/2025,PED-1538,,Trufa de Maracujá,Doces,5,"32,76",,Balcão,PIX,,Concluído
01/03/2025,PED-1538,,Brigadeiro Gourmet,Doces,3,"5,26","2,78",Encomenda,Cartão Débito,"1,76",Concluído
01/03/2025,PED-1539,,Trufa de Maracujá,Doces,1,"12,92",,iFood,Cartão Crédito,"5,17",Concluído
01/03/2025,PED-1539,,Torta de Limão,Tortas,3,"33,04",,WhatsApp,PIX,"10,93",Concluído
01/03/2025,PED-1539,,Empada de Frango,Salgados,2,"12,03",,Encomenda,Cartão Crédito,"4,85",Concluído
01/03/2025,PED-1539,,Bolo Red Velvet,Bolos,3,"14,36",,iFood,Cartão Débito,"5,18",Concluído
01/03/2025,PED-1540,,Trufa de Morango,Doces,1,"22,08","2,45",WhatsApp,Cartão Crédito,"8,42",Concluído
01/03/2025,PED-1540,,Pão de Queijo,Salgados,2,"5,79",,iFood,Cartão Crédito,"2,16",Concluído
01/03/2025,PED-1540,,Torta Holandesa,Tortas,5,"18,34",,Encomenda,Cartão Débito,,Concluído
01/03/2025,PED-1541,,Brigadeiro,Doces,3,"11,57","2,35",Encomenda,Dinheiro,,Concluído
01/03/2025,PED-1542,,Brigadeiro,Doces,1,"7,42",,iFood,Dinheiro,"2,77",Concluído
01/03/2025,PED-1542,,Brigadeiro Gourmet,Doces,1,"10,50","1,33",WhatsApp,Cartão Débito,,Cancelado
01/03/2025,PED-1542,,Pão de Queijo,Salgados,5,"13,19","0,72",iFood,Cartão Débito,"5,46",Concluído
01/03/2025,PED-1542,,Trufa de Morango,Doces,1,"10,75",,iFood,Cartão Crédito,,Concluído
01/03/2025,PED-1543,,Trufa de Maracujá,Doces,4,"14,32",,iFood,Cartão Débito,"7,07",Cancelado
01/03/2025,PED-1543,,Coxinha,Salgados,2,"5,94","0,80",Balcão,Dinheiro,"2,73",Cancelado
03/03/2025,PED-1544,,Empada de Frango,Salgados,3,"28,54",,Balcão,Dinheiro,,Cancelado
03/03/2025,PED-1544,,Coxinha,Salgados,5,"11,48",,WhatsApp,Dinheiro,"4,51",Concluído
03/03/2025,PED-1544,,Brigadeiro Gourmet,Doces,4,"16,34",,Balcão,PIX,,Cancelado
03/03/2025,PED-1545,,Coxinha,Salgados,4,"5,87",,Balcão,Dinheiro,"2,73",Concluído
03/03/2025,PED-1545,,Empada de Frango,Salgados,4,"18,20",,iFood,Cartão Crédito,,Concluído
03/03/2025,PED-1545,,Trufa de Morango,Doces,3,"28,52",,iFood,PIX,"9,40",Concluído
03/03/2025,PED-1546,,Empada de Frango,Salgados,1,"29,65",,iFood,Cartão Débito,"14,55",Concluído
03/03/2025,PED-1547,,Brigadeiro,Doces,4,"11,68",,WhatsApp,Cartão Débito,,Concluído
03/03/2025,PED-1547,,Brigadeiro Gourmet,Doces,4,"10,62","0,81",WhatsApp,Cartão Crédito,"5,02",Concluído
03/03/2025,PED-1548,,Coxinha,Salgados,5,"20,58",,Balcão,PIX,"6,89",Concluído
03/03/2025,PED-1548,,Trufa de Morango,Doces,4,"9,92",,iFood,Cartão Crédito,,Concluído
03/03/2025,PED-1548,,Brigadeiro,Doces,1,"13,61",,Encomenda,Dinheiro,"5,46",Concluído
03/03/2025,PED-1548,,Pão de Queijo,Salgados,4,"20,56",,Balcão,Cartão Crédito,"10,05",Concluído
03/03/2025,PED-1549,,Torta Holandesa,Tortas,4,"31,64","2,74",iFood,Dinheiro,"15,59",Concluído
03/03/2025,PED-1549,,Bolo de Cenoura,Bolos,2,"15,19",,Encomenda,Dinheiro,"5,03",Concluído
03/03/2025,PED-1550,,Torta Holandesa,Tortas,3,"17,00","2,08",Encomenda,PIX,,Concluído
03/03/2025,PED-1550,,Torta de Limão,Tortas,2,"26,24",,WhatsApp,Dinheiro,"12,72",Concluído
03/03/2025,PED-1551,,Brigadeiro Gourmet,Doces,3,"30,61",,Balcão,Dinheiro,,Concluído
03/03/2025,PED-1551,,Trufa de Morango,Doces,4,"6,16",,Balcão,Cartão Crédito,,Cancelado
03/03/2025,PED-1552,,Bolo Red Velvet,Bolos,3,"5,61",,Balcão,Cartão Crédito,"2,79",Concluído
03/03/2025,PED-1552,,Bolo de Cenoura,Bolos,5,"22,00",,Balcão,Cartão Débito,,Concluído
04/03/2025,PED-1553,,Bolo Red Velvet,Bolos,5,"19,97",,WhatsApp,PIX,"8,98",Concluído
04/03/2025,PED-1553,,Trufa de Maracujá,Doces,2,"26,08",,Balcão,Cartão Crédito,"8,25",Concluído
04/03/2025,PED-1553,,Empada de Frango,Salgados,1,"30,19",,iFood,Cartão Débito,"13,46",Concluído
04/03/2025,PED-1554,,Bolo Red Velvet,Bolos,2,"20,35",,Encomenda,Dinheiro,,Concluído
04/03/2025,PED-1554,,Trufa de Maracujá,Doces,1,"12,46",,WhatsApp,PIX,,Concluído
04/03/2025,PED-1554,,Trufa de Morango,Doces,1,"18,21","1,96",Encomenda,Cartão Crédito,"6,71",Concluído
04/03/2025,PED-1555,,Pão de Queijo,Salgados,3,"9,82",,iFood,Cartão Débito,"4,69",Concluído
04/03/2025,PED-1555,,Brigadeiro Gourmet,Doces,4,"27,48",,iFood,Cartão Débito,,Concluído
04/03/2025,PED-1555,,Empada de Frango,Salgados,4,"19,96",,WhatsApp,Dinheiro,,Concluído
04/03/2025,PED-1555,,Coxinha,Salgados,1,"23,73",,Encomenda,Cartão Crédito,"8,76",Cancelado
04/03/2025,PED-1556,,Empada de Frango,Salgados,4,"12,47",,Balcão,PIX,"5,43",Concluído
04/03/2025,PED-1557,,Pão de Queijo,Salgados,1,"26,50",,WhatsApp,Cartão Débito,"11,62",Concluído
04/03/2025,PED-1557,,Empada de Frango,Salgados,2,"9,10",,WhatsApp,Cartão Crédito,,Concluído
04/03/2025,PED-1558,,Bolo de Chocolate,Bolos,5,"20,96","2,98",Encomenda,Cartão Débito,,Concluído
04/03/2025,PED-1558,,Trufa de Morango,Doces,3,"34,55",,iFood,PIX,"14,20",Cancelado
04/03/2025,PED-1558,,Brigadeiro Gourmet,Doces,1,"29,32","0,65",WhatsApp,PIX,"11,61",Concluído
04/03/2025,PED-1559,,Torta de Limão,Tortas,5,"21,01",,Balcão,PIX,,Concluído
04/03/2025,PED-1559,,Trufa de Morango,Doces,4,"10,75",,iFood,Cartão Débito,"3,53",Concluído
04/03/2025,PED-1560,,Empada de Frango,Salgados,5,"17,74","0,76",Balcão,Cartão Crédito,"6,87",Concluído
04/03/2025,PED-1561,,Torta Holandesa,Tortas,3,"18,98",,Balcão,Cartão Crédito,"9,07",Concluído
04/03/2025,PED-1562,,Torta Holandesa,Tortas,2,"16,92",,iFood,PIX,"7,55",Concluído
04/03/2025,PED-1562,,Coxinha,Salgados,4,"33,73",,iFood,Cartão Débito,,Concluído
05/03/2025,PED-1563,,Torta de Limão,Tortas,1,"5,52","2,32",Encomenda,Cartão Débito,"2,20",Concluído
05/03/2025,PED-1563,,Brigadeiro Gourmet,Doces,4,"34,02","1,93",Encomenda,Dinheiro,,Cancelado
05/03/2025,PED-1563,,Trufa de Maracujá,Doces,5,"9,41",,WhatsApp,Cartão Débito,"3,04",Cancelado
05/03/2025,PED-1563,,Bolo de Cenoura,Bolos,5,"32,55","1,57",Balcão,Cartão Débito,,Concluído
05/03/2025,PED-1564,,Pão de Queijo,Salgados,4,"30,72",,iFood,Dinheiro,"10,32",Concluído
05/03/2025,PED-1564,,Empada de Frango,Salgados,1,"21,88","2,36",iFood,Cartão Débito,,Concluído
05/03/2025,PED-1564,,Bolo de Chocolate,Bolos,2,"19,43","1,20",iFood,Cartão Crédito,,Concluído
05/03/2025,PED-1564,,Trufa de Morango,Doces,2,"11,57",,iFood,PIX,,Concluído
05/03/2025,PED-1565,,Trufa de Maracujá,Doces,5,"19,40",,Balcão,Cartão Crédito,"7,00",Concluído
05/03/2025,PED-1566,,Torta de Limão,Tortas,4,"15,84",,iFood,PIX,,Concluído
05/03/2025,PED-1566,,Bolo Red Velvet,Bolos,1,"18,22",,iFood,PIX,"8,77",Concluído
05/03/2025,PED-1566,,Trufa de Morango,Doces,1,"30,33",,Encomenda,Cartão Débito,"12,72",Concluído
05/03/2025,PED-1566,,Brigadeiro,Doces,3,"34,32",,Balcão,Cartão Débito,"16,61",Cancelado
05/03/2025,PED-1567,,Trufa de Maracujá,Doces,4,"14,20",,iFood,Dinheiro,"4,70",Concluído
05/03/2025,PED-1568,,Torta Holandesa,Tortas,2,"15,04",,Balcão,Cartão Crédito,"5,40",Concluído
05/03/2025,PED-1568,,Brigadeiro,Doces,5,"21,97",,Encomenda,Cartão Crédito,"10,31",Concluído
05/03/2025,PED-1569,,Brigadeiro Gourmet,Doces,2,"19,93",,iFood,PIX,"8,74",Cancelado
05/03/2025,PED-1569,,Trufa de Morango,Doces,2,"28,71","0,74",WhatsApp,Cartão Débito,"9,21",Cancelado
05/03/2025,PED-1569,,Trufa de Maracujá,Doces,4,"14,17",,Encomenda,Dinheiro,"5,49",Concluído
05/03/2025,PED-1570,,Empada de Frango,Salgados,5,"23,36",,Encomenda,PIX,,Concluído
05/03/2025,PED-1571,,Bolo de Cenoura,Bolos,1,"15,32","2,32",WhatsApp,Cartão Crédito,"6,93",Concluído
05/03/2025,PED-1571,,Brigadeiro Gourmet,Doces,4,"32,10",,Encomenda,PIX,"13,28",Cancelado
05/03/2025,PED-1571,,Pão de Queijo,Salgados,5,"32,90",,Balcão,Cartão Débito,,Cancelado
05/03/2025,PED-1572,,Bolo de Cenoura,Bolos,1,"30,14","1,85",WhatsApp,PIX,,Cancelado
05/03/2025,PED-1573,,Bolo Red Velvet,Bolos,4,"31,59",,Encomenda,Cartão Crédito,"10,07",Concluído
05/03/2025,PED-1573,,Bolo de Chocolate,Bolos,4,"20,61",,WhatsApp,Cartão Crédito,"7,46",Concluído
05/03/2025,PED-1574,,Bolo de Cenoura,Bolos,2,"13,21",,iFood,Dinheiro,"5,94",Cancelado
05/03/2025,PED-1574,,Bolo Red Velvet,Bolos,5,"7,49",,Balcão,Dinheiro,"2,24",Concluído
05/03/2025,PED-1574,,Brigadeiro Gourmet,Doces,3,"20,75",,WhatsApp,PIX,,Cancelado
05/03/2025,PED-1574,,Trufa de Morango,Doces,2,"25,40",,Balcão,PIX,,Cancelado
05/03/2025,PED-1575,,Pão de Queijo,Salgados,2,"33,93",,Encomenda,Dinheiro,,Cancelado
05/03/2025,PED-1575,,Bolo Red Velvet,Bolos,5,"6,58",,iFood,Cartão Débito,,Concluído
05/03/2025,PED-1575,,Coxinha,Salgados,2,"19,29",,Encomenda,PIX,,Cancelado
06/03/2025,PED-1576,,Coxinha,Salgados,4,"20,92",,Balcão,Cartão Débito,,Concluído
06/03/2025,PED-1576,,Torta de Limão,Tortas,2,"19,97","1,11",iFood,Dinheiro,"7,60",Concluído
06/03/2025,PED-1576,,Empada de Frango,Salgados,5,"32,01",,iFood,Cartão Crédito,,Cancelado
06/03/2025,PED-1577,,Brigadeiro Gourmet,Doces,4,"10,54",,Encomenda,Cartão Crédito,"4,48",Concluído
06/03/2025,PED-1577,,Trufa de Maracujá,Doces,4,"8,37","0,56",Encomenda,Cartão Débito,"3,45",Concluído
06/03/2025,PED-1578,,Torta de Limão,Tortas,2,"6,70",,WhatsApp,Cartão Débito,"2,79",Concluído
06/03/2025,PED-1578,,Bolo de Chocolate,Bolos,1,"26,88",,Balcão,Cartão Crédito,"9,95",Cancelado
06/03/2025,PED-1578,,Empada de Frango,Salgados,2,"26,46",,Balcão,PIX,,Concluído
06/03/2025,PED-1579,,Bolo Red Velvet,Bolos,2,"34,24",,Balcão,Cartão Crédito,"14,46",Concluído
06/03/2025,PED-1579,,Brigadeiro,Doces,1,"33,23",,iFood,PIX,"11,56",Concluído
06/03/2025,PED-1579,,Trufa de Maracujá,Doces,3,"14,35","2,84",WhatsApp,Cartão Débito,"4,71",Concluído
06/03/2025,PED-1579,,Bolo de Cenoura,Bolos,5,"32,86",,iFood,Cartão Crédito,"15,63",Concluído
06/03/2025,PED-1580,,Trufa de Morango,Doces,3,"24,99",,Encomenda,Dinheiro,,Concluído
06/03/2025,PED-1580,,Torta Holandesa,Tortas,2,"10,27",,Encomenda,Dinheiro,"4,93",Concluído
06/03/2025,PED-1580,,Brigadeiro Gourmet,Doces,3,"26,99",,Encomenda,Cartão Débito,,Cancelado
06/03/2025,PED-1580,,Brigadeiro,Doces,3,"16,73",,WhatsApp,Dinheiro,"5,41",Cancelado
07/03/2025,PED-1581,,Coxinha,Salgados,1,"24,61",,Balcão,Dinheiro,"9,29",Concluído
07/03/2025,PED-1582,,Pão de Queijo,Salgados,5,"23,10",,WhatsApp,PIX,,Concluído
07/03/2025,PED-1582,,Trufa de Maracujá,Doces,5,"6,79",,WhatsApp,Cartão Débito,"3,32",Concluído
07/03/2025,PED-1582,,Coxinha,Salgados,1,"13,21","1,50",Balcão,PIX,"4,73",Concluído
07/03/2025,PED-1582,,Bolo Red Velvet,Bolos,2,"30,69","1,35",WhatsApp,Cartão Débito,"11,91",Cancelado
07/03/2025,PED-1583,,Bolo Red Velvet,Bolos,1,"18,00",,WhatsApp,Cartão Débito,"7,32",Concluído
07/03/2025,PED-1583,,Empada de Frango,Salgados,2,"6,57",,Balcão,Cartão Crédito,,Concluído
07/03/2025,PED-1584,,Trufa de Morango,Doces,1,"28,22",,Balcão,Dinheiro,,Concluído
07/03/2025,PED-1585,,Pão de Queijo,Salgados,5,"33,08","1,49",WhatsApp,Cartão Crédito,,Cancelado
07/03/2025,PED-1585,,Torta de Limão,Tortas,3,"15,24","3,00",Encomenda,Cartão Débito,"7,31",Concluído
07/03/2025,PED-1585,,Trufa de Morango,Doces,3,"10,91",,Encomenda,Cartão Débito,,Concluído
07/03/2025,PED-1585,,Brigadeiro Gourmet,Doces,1,"20,07",,WhatsApp,Cartão Crédito,"7,86",Concluído
07/03/2025,PED-1586,,Brigadeiro,Doces,4,"22,11","2,37",iFood,Cartão Débito,"8,35",Concluído
07/03/2025,PED-1586,,Trufa de Morango,Doces,4,"32,25",,WhatsApp,Cartão Débito,"14,27",Concluído
07/03/2025,PED-1586,,Torta de Limão,Tortas,4,"27,45",,Balcão,Cartão Crédito,"9,01",Concluído
07/03/2025,PED-1587,,Bolo de Chocolate,Bolos,2,"27,59","2,18",Encomenda,PIX,,Concluído
07/03/2025,PED-1587,,Brigadeiro,Doces,2,"5,97",,WhatsApp,Cartão Crédito,"2,68",Cancelado
07/03/2025,PED-1587,,Torta de Limão,Tortas,2,"13,10",,WhatsApp,Cartão Crédito,"6,20",Concluído
07/03/2025,PED-1587,,Trufa de Maracujá,Doces,5,"30,00",,Balcão,Dinheiro,,Concluído
07/03/2025,PED-1588,,Bolo de Chocolate,Bolos,1,"18,57",,WhatsApp,Cartão Débito,"6,13",Concluído
07/03/2025,PED-1589,,Pão de Queijo,Salgados,4,"23,29",,WhatsApp,PIX,"7,45",Concluído
07/03/2025,PED-1589,,Trufa de Maracujá,Doces,1,"22,00","1,86",Encomenda,Cartão Débito,"9,03",Concluído
07/03/2025,PED-1589,,Torta Holandesa,Tortas,2,"9,64","2,82",Encomenda,Cartão Crédito,"2,96",Concluído
07/03/2025,PED-1590,,Bolo Red Velvet,Bolos,5,"23,06",,Encomenda,Cartão Débito,"7,00",Concluído
07/03/2025,PED-1590,,Bolo de Chocolate,Bolos,3,"8,48",,Encomenda,PIX,"3,05",Concluído
07/03/2025,PED-1590,,Pão de Queijo,Salgados,2,"32,39",,Balcão,Cartão Débito,"14,85",Cancelado
07/03/2025,PED-1590,,Trufa de Maracujá,Doces,1,"25,26","2,09",iFood,Cartão Débito,,Concluído
08/03/2025,PED-1591,,Coxinha,Salgados,2,"18,04",,iFood,Cartão Crédito,,Concluído
08/03/2025,PED-1592,,Bolo de Chocolate,Bolos,1,"32,00",,Balcão,Dinheiro,"15,86",Concluído
08/03/2025,PED-1592,,Brigadeiro Gourmet,Doces,2,"20,59","2,81",iFood,Cartão Crédito,"6,32",Concluído
08/03/2025,PED-1592,,Coxinha,Salgados,5,"20,02","2,68",iFood,Cartão Débito,"7,37",Cancelado
08/03/2025,PED-1593,,Coxinha,Salgados,1,"15,92","2,83",Balcão,Cartão Débito,,Cancelado
08/03/2025,PED-1593,,Brigadeiro Gourmet,Doces,1,"9,64",,Balcão,PIX,,Concluído
08/03/2025,PED-1594,,Trufa de Maracujá,Doces,5,"11,30",,Balcão,Dinheiro,,Concluído
08/03/2025,PED-1594,,Bolo de Cenoura,Bolos,5,"18,97",,Encomenda,Cartão Débito,"9,35",Concluído
08/03/2025,PED-1595,,Bolo de Chocolate,Bolos,2,"33,84",,Balcão,Dinheiro,"15,01",Concluído
08/03/2025,PED-1596,,Brigadeiro,Doces,1,"34,36",,WhatsApp,Cartão Crédito,,Concluído
08/03/2025,PED-1596,,Bolo de Chocolate,Bolos,4,"34,00",,Balcão,Cartão Crédito,"15,17",Concluído
08/03/2025,PED-1597,,Bolo de Cenoura,Bolos,2,"12,20",,WhatsApp,Dinheiro,,Concluído
08/03/2025,PED-1598,,Bolo Red Velvet,Bolos,2,"14,32",,iFood,PIX,,Concluído
08/03/2025,PED-1598,,Trufa de Maracujá,Doces,3,"15,27",,iFood,Cartão Débito,"6,58",Concluído
08/03/2025,PED-1599,,Bolo de Chocolate,Bolos,4,"7,57",,Encomenda,Dinheiro,,Concluído
08/03/2025,PED-1600,,Torta Holandesa,Tortas,1,"32,62",,Balcão,Cartão Débito,,Concluído
08/03/2025,PED-1601,,Trufa de Maracujá,Doces,4,"17,29",,iFood,Cartão Crédito,"5,77",Concluído
08/03/2025,PED-1601,,Coxinha,Salgados,3,"23,90","2,86",Encomenda,PIX,"11,46",Concluído
08/03/2025,PED-1601,,Torta Holandesa,Tortas,4,"20,79",,iFood,Cartão Crédito,,Concluído
08/03/2025,PED-1601,,Torta de Limão,Tortas,3,"21,36","0,53",WhatsApp,PIX,,Cancelado
08/03/2025,PED-1602,,Brigadeiro,Doces,4,"5,67",,Encomenda,Cartão Crédito,"1,92",Concluído
08/03/2025,PED-1602,,Bolo de Cenoura,Bolos,5,"17,43",,Encomenda,Cartão Crédito,"7,34",Concluído
08/03/2025,PED-1603,,Coxinha,Salgados,3,"7,44",,Encomenda,Cartão Débito,"2,71",Concluído
08/03/2025,PED-1603,,Torta de Limão,Tortas,5,"14,63","2,91",Encomenda,Cartão Crédito,,Concluído
09/03/2025,PED-1604,,Torta de Limão,Tortas,5,"22,57",,iFood,PIX,"8,31",Concluído
09/03/2025,PED-1604,,Brigadeiro Gourmet,Doces,4,"28,15",,WhatsApp,Cartão Débito,"10,79",Concluído
09/03/2025,PED-1604,,Pão de Queijo,Salgados,4,"17,80",,iFood,PIX,"7,39",Concluído
09/03/2025,PED-1605,,Torta de Limão,Tortas,5,"34,00",,WhatsApp,Cartão Crédito,,Cancelado
09/03/2025,PED-1605,,Pão de Queijo,Salgados,1,"24,24",,iFood,Dinheiro,"7,99",Cancelado
09/03/2025,PED-1605,,Brigadeiro,Doces,4,"25,10",,WhatsApp,Cartão Débito,"9,48",Concluído
09/03/2025,PED-1606,,Bolo de Chocolate,Bolos,1,"14,14",,Encomenda,PIX,,Concluído
09/03/2025,PED-1606,,Coxinha,Salgados,4,"18,10",,WhatsApp,Dinheiro,,Concluído
09/03/2025,PED-1606,,Brigadeiro,Doces,2,"7,48",,Balcão,Cartão Débito,"2,80",Concluído
09/03/2025,PED-1607,,Bolo Red Velvet,Bolos,1,"6,03","2,16",WhatsApp,Cartão Crédito,"2,36",Concluído
09/03/2025,PED-1607,,Brigadeiro Gourmet,Doces,2,"27,74","2,02",Balcão,Cartão Débito,,Concluído
09/03/2025,PED-1608,,Brigadeiro,Doces,2,"16,66",,Balcão,Cartão Débito,"5,05",Cancelado
09/03/2025,PED-1608,,Pão de Queijo,Salgados,3,"24,54",,Encomenda,Dinheiro,,Concluído
09/03/2025,PED-1608,,Coxinha,Salgados,3,"31,47",,Balcão,Cartão Débito,"14,70",Concluído
09/03/2025,PED-1609,,Empada de Frango,Salgados,2,"7,28",,WhatsApp,PIX,,Concluído
09/03/2025,PED-1610,,Torta Holandesa,Tortas,3,"8,76",,Balcão,Cartão Crédito,"3,35",Concluído
09/03/2025,PED-1610,,Brigadeiro,Doces,1,"27,32","1,84",Encomenda,PIX,,Cancelado
09/03/2025,PED-1611,,Brigadeiro,Doces,2,"23,37",,Balcão,Dinheiro,"7,27",Concluído
09/03/2025,PED-1612,,Bolo de Chocolate,Bolos,2,"11,25",,Encomenda,Dinheiro,"5,07",Cancelado
09/03/2025,PED-1612,,Torta Holandesa,Tortas,4,"16,86","0,56",Balcão,PIX,"5,19",Concluído
09/03/2025,PED-1612,,Brigadeiro,Doces,4,"28,86",,iFood,PIX,,Concluído
09/03/2025,PED-1612,,Pão de Queijo,Salgados,2,"13,71",,iFood,Cartão Débito,,Cancelado
09/03/2025,PED-1613,,Empada de Frango,Salgados,5,"13,25",,Encomenda,Dinheiro,"6,35",Concluído
09/03/2025,PED-1613,,Trufa de Morango,Doces,1,"23,49","1,64",Encomenda,Dinheiro,"7,57",Concluído
09/03/2025,PED-1613,,Bolo Red Velvet,Bolos,5,"13,19",,WhatsApp,Cartão Débito,,Concluído
09/03/2025,PED-1614,,Bolo de Chocolate,Bolos,5,"13,88",,iFood,PIX,"6,46",Concluído
09/03/2025,PED-1614,,Torta de Limão,Tortas,4,"34,48",,WhatsApp,Cartão Crédito,"13,03",Concluído
09/03/2025,PED-1614,,Brigadeiro,Doces,5,"27,97",,Balcão,Dinheiro,"8,99",Cancelado
09/03/2025,PED-1614,,Brigadeiro Gourmet,Doces,1,"7,04",,iFood,Cartão Crédito,,Concluído
09/03/2025,PED-1615,,Bolo de Cenoura,Bolos,2,"20,07",,iFood,Dinheiro,,Concluído
09/03/2025,PED-1615,,Bolo de Chocolate,Bolos,1,"22,10",,iFood,PIX,,Concluído
09/03/2025,PED-1616,,Brigadeiro,Doces,1,"12,15",,Encomenda,Cartão Débito,,Concluído
09/03/2025,PED-1616,,Bolo de Cenoura,Bolos,5,"5,92",,WhatsApp,PIX,,Concluído
09/03/2025,PED-1616,,Bolo de Chocolate,Bolos,4,"21,28",,Encomenda,PIX,"9,91",Concluído
09/03/2025,PED-1616,,Coxinha,Salgados,1,"28,62",,iFood,Cartão Débito,,Concluído
09/03/2025,PED-1617,,Brigadeiro Gourmet,Doces,3,"32,49",,Balcão,Dinheiro,"12,65",Cancelado
09/03/2025,PED-1617,,Bolo de Chocolate,Bolos,5,"22,83","2,93",Balcão,Cartão Débito,,Concluído
10/03/2025,PED-1618,,Coxinha,Salgados,3,"31,97",,Encomenda,PIX,"13,67",Cancelado
10/03/2025,PED-1618,,Empada de Frango,Salgados,3,"21,45",,WhatsApp,Cartão Crédito,,Cancelado
10/03/2025,PED-1618,,Bolo Red Velvet,Bolos,3,"21,70","2,96",WhatsApp,Cartão Débito,"7,60",Concluído
10/03/2025,PED-1618,,Trufa de Maracujá,Doces,4,"31,43",,iFood,PIX,,Cancelado
10/03/2025,PED-1619,,Empada de Frango,Salgados,2,"28,49",,Encomenda,Dinheiro,,Concluído
10/03/2025,PED-1619,,Torta de Limão,Tortas,5,"9,58",,iFood,PIX,"3,97",Concluído
10/03/2025,PED-1619,,Bolo Red Velvet,Bolos,3,"33,01",,iFood,Cartão Crédito,"15,42",Cancelado
10/03/2025,PED-1620,,Brigadeiro,Doces,1,"33,17","1,07",WhatsApp,Dinheiro,"14,55",Cancelado
10/03/2025,PED-1620,,Pão de Queijo,Salgados,4,"9,41",,iFood,PIX,,Concluído
10/03/2025,PED-1620,,Trufa de Maracujá,Doces,2,"17,40",,WhatsApp,Dinheiro,,Concluído
10/03/2025,PED-1620,,Trufa de Morango,Doces,3,"6,27",,Balcão,Dinheiro,"2,85",Concluído
10/03/2025,PED-1621,,Bolo de Cenoura,Bolos,5,"5,43",,Encomenda,Cartão Crédito,"1,85",Cancelado
10/03/2025,PED-1621,,Trufa de Morango,Doces,1,"29,30","2,23",Encomenda,Cartão Débito,,Concluído
10/03/2025,PED-1621,,Trufa de Maracujá,Doces,3,"6,27","2,29",Encomenda,Dinheiro,,Concluído
10/03/2025,PED-1621,,Torta de Limão,Tortas,5,"33,20",,Encomenda,Dinheiro,,Concluído
11/03/2025,PED-1622,,Coxinha,Salgados,5,"15,32",,Balcão,Cartão Crédito,"7,14",Concluído
11/03/2025,PED-1623,,Brigadeiro,Doces,3,"6,40","1,29",Balcão,PIX,"2,44",Cancelado
11/03/2025,PED-1623,,Pão de Queijo,Salgados,1,"32,65","2,89",iFood,Cartão Crédito,"10,97",Cancelado
11/03/2025,PED-1623,,Coxinha,Salgados,1,"31,77",,Encomenda,PIX,,Concluído
11/03/2025,PED-1624,,Bolo Red Velvet,Bolos,3,"29,62",,Balcão,PIX,,Concluído
11/03/2025,PED-1624,,Bolo de Chocolate,Bolos,2,"24,91","0,51",WhatsApp,Cartão Crédito,,Concluído
11/03/2025,PED-1624,,Brigadeiro Gourmet,Doces,2,"17,38",,Encomenda,PIX,,Concluído
12/03/2025,PED-1625,,Bolo de Cenoura,Bolos,2,"11,73",,Encomenda,Dinheiro,"4,37",Cancelado
12/03/2025,PED-1626,,Torta de Limão,Tortas,4,"22,14",,Balcão,Dinheiro,"9,75",Concluído
12/03/2025,PED-1626,,Empada de Frango,Salgados,3,"15,76","1,71",WhatsApp,Dinheiro,"5,49",Concluído
12/03/2025,PED-1626,,Bolo de Cenoura,Bolos,1,"11,63",,Encomenda,Cartão Débito,,Cancelado
12/03/2025,PED-1627,,Coxinha,Salgados,4,"28,84",,WhatsApp,Cartão Crédito,"9,50",Concluído
12/03/2025,PED-1627,,Bolo de Cenoura,Bolos,1,"20,23",,Balcão,Cartão Débito,"8,76",Concluído
12/03/2025,PED-1627,,Bolo Red Velvet,Bolos,2,"18,08","2,70",WhatsApp,Cartão Crédito,,Concluído
12/03/2025,PED-1628,,Brigadeiro,Doces,5,"27,65",,WhatsApp,Dinheiro,"8,99",Concluído
12/03/2025,PED-1628,,Bolo de Cenoura,Bolos,1,"26,02",,iFood,PIX,"11,72",Concluído
12/03/2025,PED-1628,,Bolo Red Velvet,Bolos,1,"21,64","2,42",Encomenda,Dinheiro,"7,87",Concluído
12/03/2025,PED-1628,,Trufa de Morango,Doces,3,"32,51","1,50",WhatsApp,PIX,,Concluído
12/03/2025,PED-1629,,Torta de Limão,Tortas,5,"29,53","1,23",Encomenda,Dinheiro,,Concluído
12/03/2025,PED-1629,,Torta Holandesa,Tortas,5,"7,71",,Balcão,Cartão Débito,,Concluído
12/03/2025,PED-1629,,Bolo Red Velvet,Bolos,3,"21,10",,iFood,Cartão Débito,"8,58",Concluído
12/03/2025,PED-1629,,Brigadeiro,Doces,4,"25,94",,Encomenda,Cartão Débito,"8,25",Cancelado
12/03/2025,PED-1630,,Brigadeiro Gourmet,Doces,3,"30,76",,WhatsApp,Cartão Débito,,Concluído
12/03/2025,PED-1631,,Pão de Queijo,Salgados,3,"19,27",,iFood,Cartão Crédito,"7,36",Concluído
12/03/2025,PED-1631,,Brigadeiro,Doces,2,"30,11",,iFood,PIX,"13,16",Concluído
12/03/2025,PED-1632,,Bolo de Cenoura,Bolos,2,"31,15",,Encomenda,Cartão Débito,"13,37",Concluído
12/03/2025,PED-1632,,Brigadeiro Gourmet,Doces,4,"21,04",,Encomenda,Cartão Débito,,Concluído
12/03/2025,PED-1633,,Pão de Queijo,Salgados,4,"10,09","2,58",iFood,Cartão Crédito,"3,40",Concluído
12/03/2025,PED-1633,,Bolo de Cenoura,Bolos,5,"27,55",,iFood,Dinheiro,"10,58",Concluído
12/03/2025,PED-1633,,Brigadeiro Gourmet,Doces,4,"30,72",,Balcão,PIX,"11,59",Concluído
12/03/2025,PED-1634,,Trufa de Maracujá,Doces,1,"7,23",,iFood,PIX,"2,96",Concluído
12/03/2025,PED-1635,,Brigadeiro,Doces,1,"5,40",,WhatsApp,Cartão Débito,"1,87",Cancelado
12/03/2025,PED-1635,,Bolo de Chocolate,Bolos,2,"19,48",,WhatsApp,PIX,"7,07",Concluído
12/03/2025,PED-1635,,Pão de Queijo,Salgados,5,"13,32",,Balcão,Cartão Débito,,Concluído
12/03/2025,PED-1635,,Torta de Limão,Tortas,1,"10,10","1,13",WhatsApp,PIX,"3,95",Concluído
12/03/2025,PED-1636,,Bolo de Cenoura,Bolos,3,"32,49","1,61",Balcão,Cartão Crédito,"11,25",Concluído
12/03/2025,PED-1636,,Bolo de Chocolate,Bolos,2,"23,12","2,39",Encomenda,Dinheiro,,Cancelado
12/03/2025,PED-1636,,Brigadeiro,Doces,2,"16,12","2,75",iFood,Cartão Débito,"7,65",Concluído
12/03/2025,PED-1637,,Empada de Frango,Salgados,2,"29,84",,Encomenda,PIX,,Concluído
12/03/2025,PED-1637,,Pão de Queijo,Salgados,2,"13,48",,iFood,PIX,"4,71",Concluído
12/03/2025,PED-1637,,Trufa de Morango,Doces,4,"29,59",,WhatsApp,Dinheiro,,Concluído
12/03/2025,PED-1637,,Coxinha,Salgados,1,"34,20",,Encomenda,Cartão Crédito,"10,40",Concluído
12/03/2025,PED-1638,,Trufa de Morango,Doces,3,"15,44",,Encomenda,PIX,"7,71",Concluído
12/03/2025,PED-1639,,Pão de Queijo,Salgados,5,"26,18",,Encomenda,Cartão Débito,,Concluído
12/03/2025,PED-1639,,Torta de Limão,Tortas,1,"14,36",,Balcão,Cartão Débito,"6,30",Concluído
13/03/2025,PED-1640,,Bolo Red Velvet,Bolos,2,"16,40","1,08",WhatsApp,Dinheiro,"6,62",Cancelado
13/03/2025,PED-1640,,Brigadeiro Gourmet,Doces,5,"7,13",,Encomenda,PIX,"2,80",Concluído
13/03/2025,PED-1640,,Torta Holandesa,Tortas,2,"5,70",,WhatsApp,Dinheiro,"1,82",Concluído
13/03/2025,PED-1640,,Trufa de Morango,Doces,3,"27,66",,WhatsApp,Dinheiro,"13,45",Concluído
13/03/2025,PED-1641,,Brigadeiro Gourmet,Doces,5,"5,84",,Encomenda,PIX,"1,94",Concluído
13/03/2025,PED-1641,,Empada de Frango,Salgados,5,"14,90",,WhatsApp,Cartão Crédito,"5,30",Concluído
13/03/2025,PED-1642,,Torta Holandesa,Tortas,2,"15,16",,Balcão,Cartão Débito,"5,69",Concluído
13/03/2025,PED-1643,,Torta de Limão,Tortas,4,"34,74","2,77",iFood,Cartão Crédito,,Concluído
13/03/2025,PED-1643,,Trufa de Morango,Doces,4,"26,44","0,92",Balcão,Cartão Débito,"8,12",Concluído
13/03/2025,PED-1643,,Empada de Frango,Salgados,5,"9,73","2,81",Balcão,Cartão Débito,"3,50",Concluído
13/03/2025,PED-1643,,Pão de Queijo,Salgados,1,"13,13","1,05",WhatsApp,Cartão Crédito,,Cancelado
13/03/2025,PED-1644,,Torta de Limão,Tortas,2,"21,23",,Encomenda,Cartão Débito,,Concluído
13/03/2025,PED-1644,,Brigadeiro Gourmet,Doces,4,"21,35","2,32",WhatsApp,Cartão Crédito,"7,27",Concluído
13/03/2025,PED-1645,,Bolo Red Velvet,Bolos,3,"9,14",,Encomenda,Dinheiro,"4,40",Cancelado
13/03/2025,PED-1645,,Torta de Limão,Tortas,3,"17,04","2,60",Encomenda,Dinheiro,"8,45",Concluído
13/03/2025,PED-1646,,Brigadeiro,Doces,1,"11,79",,iFood,Dinheiro,,Concluído
13/03/2025,PED-1646,,Brigadeiro Gourmet,Doces,2,"25,86",,Encomenda,Cartão Débito,"9,84",Cancelado
13/03/2025,PED-1646,,Empada de Frango,Salgados,3,"18,37",,Balcão,Cartão Crédito,,Concluído
13/03/2025,PED-1647,,Empada de Frango,Salgados,2,"7,75","2,88",iFood,PIX,"3,43",Concluído
13/03/2025,PED-1647,,Bolo de Chocolate,Bolos,1,"13,04","2,07",Balcão,Cartão Débito,"4,48",Concluído
13/03/2025,PED-1647,,Torta Holandesa,Tortas,2,"10,44",,WhatsApp,Cartão Crédito,"4,85",Cancelado
13/03/2025,PED-1647,,Pão de Queijo,Salgados,3,"28,27",,Balcão,Cartão Débito,"8,85",Concluído
13/03/2025,PED-1648,,Brigadeiro,Doces,2,"24,18","2,86",iFood,Cartão Débito,"10,49",Concluído
13/03/2025,PED-1649,,Pão de Queijo,Salgados,3,"18,54",,iFood,PIX,,Concluído
13/03/2025,PED-1649,,Empada de Frango,Salgados,4,"5,91",,Encomenda,Cartão Crédito,"2,37",Concluído
13/03/2025,PED-1649,,Torta de Limão,Tortas,3,"29,23",,WhatsApp,PIX,"9,63",Concluído
13/03/2025,PED-1650,,Bolo Red Velvet,Bolos,4,"19,86","2,40",Balcão,PIX,"7,27",Concluído
13/03/2025,PED-1650,,Bolo de Cenoura,Bolos,4,"30,52",,Balcão,Cartão Crédito,,Concluído
13/03/2025,PED-1650,,Empada de Frango,Salgados,2,"22,70","1,56",iFood,Cartão Débito,,Concluído
13/03/2025,PED-1650,,Pão de Queijo,Salgados,2,"17,61","1,74",Encomenda,PIX,,Concluído
14/03/2025,PED-1651,,Brigadeiro,Doces,2,"18,76",,Balcão,Dinheiro,"8,82",Concluído
14/03/2025,PED-1651,,Pão de Queijo,Salgados,2,"5,34","1,88",WhatsApp,Dinheiro,"1,70",Concluído
14/03/2025,PED-1651,,Bolo Red Velvet,Bolos,2,"24,30",,iFood,Dinheiro,"11,38",Concluído
14/03/2025,PED-1652,,Brigadeiro Gourmet,Doces,1,"9,09",,Balcão,PIX,,Concluído
14/03/2025,PED-1652,,Trufa de Maracujá,Doces,4,"21,00",,Balcão,Cartão Débito,"8,88",Concluído
14/03/2025,PED-1653,,Coxinha,Salgados,3,"29,82",,iFood,Dinheiro,"10,28",Concluído
14/03/2025,PED-1654,,Torta de Limão,Tortas,3,"23,53",,Encomenda,Cartão Crédito,"10,37",Concluído
14/03/2025,PED-1654,,Bolo Red Velvet,Bolos,3,"17,66",,Balcão,Dinheiro,"7,78",Concluído
14/03/2025,PED-1654,,Coxinha,Salgados,1,"29,07",,WhatsApp,PIX,,Concluído
14/03/2025,PED-1655,,Trufa de Maracujá,Doces,4,"14,79","1,61",iFood,PIX,"6,34",Concluído
14/03/2025,PED-1655,,Torta Holandesa,Tortas,1,"31,87",,Balcão,Dinheiro,"11,76",Concluído
14/03/2025,PED-1655,,Pão de Queijo,Salgados,2,"20,95","2,58",iFood,Cartão Crédito,"10,33",Concluído
14/03/2025,PED-1656,,Torta Holandesa,Tortas,2,"28,20",,Encomenda,Dinheiro,,Concluído
14/03/2025,PED-1656,,Trufa de Morango,Doces,2,"18,70",,iFood,PIX,"7,86",Concluído
14/03/2025,PED-1656,,Trufa de Maracujá,Doces,1,"22,11",,iFood,Cartão Débito,,Concluído
14/03/2025,PED-1657,,Bolo de Cenoura,Bolos,5,"24,77",,iFood,Cartão Crédito,"10,80",Cancelado
14/03/2025,PED-1658,,Trufa de Morango,Doces,5,"23,63",,Balcão,Cartão Débito,"10,66",Concluído
14/03/2025,PED-1658,,Bolo de Chocolate,Bolos,4,"5,73",,Encomenda,PIX,"2,72",Concluído
14/03/2025,PED-1659,,Coxinha,Salgados,1,"17,29",,iFood,Cartão Crédito,,Concluído
14/03/2025,PED-1659,,Brigadeiro Gourmet,Doces,5,"5,17",,WhatsApp,Cartão Crédito,"2,40",Concluído
16/03/2025,PED-1660,,Empada de Frango,Salgados,5,"5,66",,Balcão,Cartão Crédito,,Cancelado
16/03/2025,PED-1660,,Torta Holandesa,Tortas,5,"13,74",,WhatsApp,Cartão Crédito,,Cancelado
16/03/2025,PED-1660,,Trufa de Morango,Doces,3,"34,72",,iFood,PIX,"13,39",Concluído
16/03/2025,PED-1661,,Bolo de Cenoura,Bolos,3,"10,31",,Encomenda,PIX,,Concluído
16/03/2025,PED-1662,,Torta Holandesa,Tortas,1,"19,80",,Balcão,Dinheiro,"8,08",Concluído
16/03/2025,PED-1662,,Bolo Red Velvet,Bolos,1,"9,97",,iFood,PIX,"4,52",Concluído
16/03/2025,PED-1663,,Trufa de Maracujá,Doces,5,"24,05","0,81",iFood,Dinheiro,,Concluído
16/03/2025,PED-1663,,Bolo de Cenoura,Bolos,3,"8,76","0,95",iFood,Dinheiro,,Cancelado
16/03/2025,PED-1663,,Empada de Frango,Salgados,1,"8,53",,WhatsApp,Cartão Crédito,"3,44",Concluído
16/03/2025,PED-1663,,Pão de Queijo,Salgados,3,"6,22","2,68",Encomenda,Dinheiro,,Cancelado
16/03/2025,PED-1664,,Brigadeiro,Doces,1,"29,01",,Encomenda,Cartão Crédito,,Concluído
16/03/2025,PED-1664,,Bolo Red Velvet,Bolos,3,"18,19",,iFood,Dinheiro,"6,14",Concluído
16/03/2025,PED-1664,,Torta Holandesa,Tortas,3,"31,57",,Encomenda,Dinheiro,,Concluído
16/03/2025,PED-1664,,Coxinha,Salgados,5,"8,93",,iFood,Dinheiro,"3,52",Cancelado
16/03/2025,PED-1665,,Torta de Limão,Tortas,2,"17,98","1,29",Balcão,Cartão Débito,"8,48",Concluído
16/03/2025,PED-1666,,Trufa de Morango,Doces,4,"18,92",,iFood,Cartão Crédito,"6,84",Concluído
16/03/2025,PED-1666,,Bolo Red Velvet,Bolos,3,"6,07",,WhatsApp,Dinheiro,,Concluído
16/03/2025,PED-1666,,Brigadeiro Gourmet,Doces,1,"9,64",,iFood,Dinheiro,,Concluído
17/03/2025,PED-1667,,Brigadeiro,Doces,3,"7,01",,iFood,Cartão Débito,,Concluído
17/03/2025,PED-1668,,Bolo de Chocolate,Bolos,3,"31,94",,Balcão,Dinheiro,"10,18",Concluído
17/03/2025,PED-1668,,Brigadeiro Gourmet,Doces,4,"6,74",,WhatsApp,PIX,"2,16",Concluído
17/03/2025,PED-1668,,Trufa de Morango,Doces,2,"18,68",,Balcão,Cartão Crédito,,Concluído
17/03/2025,PED-1668,,Bolo de Cenoura,Bolos,2,"34,84",,Balcão,Cartão Débito,,Cancelado
17/03/2025,PED-1669,,Coxinha,Salgados,1,"14,74",,Encomenda,PIX,,Cancelado
17/03/2025,PED-1669,,Empada de Frango,Salgados,3,"16,98","0,84",Encomenda,Cartão Débito,,Concluído
17/03/2025,PED-1670,,Pão de Queijo,Salgados,4,"33,95","1,15",WhatsApp,Cartão Débito,"10,96",Concluído
17/03/2025,PED-1670,,Bolo de Cenoura,Bolos,2,"28,61",,WhatsApp,PIX,,Concluído
17/03/2025,PED-1671,,Brigadeiro,Doces,1,"34,95","2,25",Balcão,Dinheiro,"12,00",Concluído
17/03/2025,PED-1671,,Bolo de Chocolate,Bolos,1,"34,37",,Encomenda,PIX,"12,65",Concluído
17/03/2025,PED-1672,,Trufa de Maracujá,Doces,4,"18,31",,WhatsApp,PIX,"6,23",Concluído
17/03/2025,PED-1673,,Brigadeiro,Doces,4,"25,06",,Encomenda,Cartão Crédito,"8,78",Concluído
17/03/2025,PED-1673,,Torta de Limão,Tortas,1,"7,51","2,41",Balcão,Cartão Débito,"2,55",Concluído
17/03/2025,PED-1673,,Torta Holandesa,Tortas,3,"16,60","0,95",Encomenda,Dinheiro,,Cancelado
17/03/2025,PED-1674,,Trufa de Maracujá,Doces,3,"13,22","2,64",iFood,PIX,,Concluído
17/03/2025,PED-1674,,Brigadeiro Gourmet,Doces,4,"14,03",,Encomenda,Cartão Crédito,"4,86",Concluído
17/03/2025,PED-1674,,Brigadeiro,Doces,5,"27,59",,iFood,Dinheiro,"12,25",Concluído
17/03/2025,PED-1674,,Coxinha,Salgados,5,"31,96",,Balcão,Dinheiro,,Cancelado
17/03/2025,PED-1675,,Brigadeiro,Doces,3,"16,58",,WhatsApp,Cartão Crédito,,Cancelado
17/03/2025,PED-1676,,Bolo Red Velvet,Bolos,3,"5,80","2,46",WhatsApp,PIX,"1,74",Concluído
17/03/2025,PED-1677,,Torta Holandesa,Tortas,3,"33,50",,iFood,Dinheiro,,Concluído
17/03/2025,PED-1677,,Trufa de Morango,Doces,5,"24,32",,iFood,Cartão Crédito,"11,46",Concluído
17/03/2025,PED-1677,,Brigadeiro Gourmet,Doces,3,"26,81",,Balcão,Dinheiro,"11,05",Cancelado
17/03/2025,PED-1678,,Brigadeiro,Doces,2,"6,79","1,69",Balcão,Cartão Crédito,"3,04",Concluído
17/03/2025,PED-1678,,Trufa de Morango,Doces,2,"14,04",,Encomenda,Dinheiro,"4,93",Concluído
18/03/2025,PED-1679,,Brigadeiro,Doces,1,"30,05",,WhatsApp,Dinheiro,,Concluído
18/03/2025,PED-1679,,Bolo de Cenoura,Bolos,3,"33,22",,Balcão,Cartão Crédito,,Concluído
18/03/2025,PED-1679,,Trufa de Maracujá,Doces,3,"21,86",,iFood,Dinheiro,"7,56",Concluído
18/03/2025,PED-1679,,Torta Holandesa,Tortas,3,"33,52",,WhatsApp,Dinheiro,,Concluído
18/03/2025,PED-1680,,Torta de Limão,Tortas,2,"16,27",,WhatsApp,PIX,"5,02",Concluído
18/03/2025,PED-1681,,Bolo Red Velvet,Bolos,1,"23,87","2,19",Balcão,PIX,"7,80",Concluído
18/03/2025,PED-1681,,Brigadeiro Gourmet,Doces,3,"30,68","2,63",WhatsApp,Cartão Crédito,"9,59",Concluído
18/03/2025,PED-1682,,Bolo Red Velvet,Bolos,1,"20,34",,Encomenda,Dinheiro,,Concluído
18/03/2025,PED-1683,,Brigadeiro,Doces,4,"11,29","0,77",iFood,Cartão Débito,"5,22",Concluído
18/03/2025,PED-1683,,Bolo de Cenoura,Bolos,5,"11,44",,Encomenda,PIX,,Cancelado
18/03/2025,PED-1684,,Brigadeiro Gourmet,Doces,2,"5,82",,Balcão,Dinheiro,"2,36",Concluído
18/03/2025,PED-1684,,Trufa de Maracujá,Doces,2,"7,20",,WhatsApp,Dinheiro,"2,72",Cancelado
18/03/2025,PED-1684,,Torta Holandesa,Tortas,5,"12,36",,WhatsApp,Dinheiro,,Cancelado
18/03/2025,PED-1684,,Brigadeiro,Doces,5,"29,85",,iFood,Dinheiro,"12,25",Concluído
18/03/2025,PED-1685,,Trufa de Maracujá,Doces,1,"12,30","1,59",WhatsApp,PIX,,Concluído
18/03/2025,PED-1685,,Empada de Frango,Salgados,1,"33,62",,Balcão,Cartão Crédito,,Cancelado
18/03/2025,PED-1685,,Bolo Red Velvet,Bolos,3,"8,28",,iFood,Dinheiro,,Concluído
18/03/2025,PED-1686,,Bolo de Chocolate,Bolos,1,"32,23",,Balcão,Dinheiro,"10,73",Concluído
18/03/2025,PED-1687,,Bolo de Cenoura,Bolos,5,"7,34",,iFood,Cartão Crédito,,Concluído
18/03/2025,PED-1687,,Coxinha,Salgados,3,"25,64",,WhatsApp,Cartão Crédito,"8,12",Concluído
18/03/2025,PED-1687,,Empada de Frango,Salgados,5,"25,11",,iFood,Dinheiro,"11,67",Concluído
18/03/2025,PED-1687,,Trufa de Maracujá,Doces,4,"20,54","0,60",Balcão,Dinheiro,"6,34",Concluído
18/03/2025,PED-1688,,Trufa de Morango,Doces,3,"31,07",,iFood,PIX,,Concluído
18/03/2025,PED-1688,,Trufa de Maracujá,Doces,5,"20,47",,WhatsApp,Cartão Débito,"9,40",Concluído
18/03/2025,PED-1689,,Trufa de Maracujá,Doces,2,"17,70","2,50",Balcão,Cartão Crédito,,Concluído
18/03/2025,PED-1690,,Brigadeiro,Doces,5,"23,84",,WhatsApp,PIX,,Concluído
18/03/2025,PED-1690,,Torta Holandesa,Tortas,3,"7,48",,Encomenda,Cartão Débito,,Cancelado
18/03/2025,PED-1690,,Trufa de Morango,Doces,5,"10,08",,WhatsApp,Cartão Crédito,"4,50",Concluído
18/03/2025,PED-1690,,Empada de Frango,Salgados,5,"15,19","0,99",WhatsApp,Dinheiro,,Concluído
18/03/2025,PED-1691,,Brigadeiro,Doces,4,"10,79",,iFood,Cartão Crédito,,Concluído
18/03/2025,PED-1691,,Bolo Red Velvet,Bolos,1,"11,49","1,12",WhatsApp,Cartão Débito,,Cancelado
18/03/2025,PED-1691,,Bolo de Cenoura,Bolos,2,"22,64",,iFood,Dinheiro,,Concluído
19/03/2025,PED-1692,,Torta de Limão,Tortas,3,"19,52",,Balcão,PIX,,Concluído
19/03/2025,PED-1692,,Trufa de Morango,Doces,3,"14,38",,Balcão,Dinheiro,"7,07",Concluído
19/03/2025,PED-1692,,Bolo Red Velvet,Bolos,3,"20,45",,Balcão,PIX,,Concluído
19/03/2025,PED-1693,,Brigadeiro,Doces,2,"26,24",,Encomenda,Dinheiro,"12,97",Concluído
19/03/2025,PED-1693,,Empada de Frango,Salgados,3,"6,53",,iFood,PIX,,Concluído
19/03/2025,PED-1693,,Torta de Limão,Tortas,2,"13,85",,iFood,Dinheiro,"5,61",Concluído
19/03/2025,PED-1694,,Bolo Red Velvet,Bolos,1,"8,68","2,32",Balcão,Dinheiro,"3,85",Cancelado
19/03/2025,PED-1694,,Bolo de Cenoura,Bolos,2,"13,13",,WhatsApp,Cartão Crédito,,Concluído
20/03/2025,PED-1695,,Brigadeiro,Doces,1,"6,42",,Encomenda,Cartão Débito,,Concluído
20/03/2025,PED-1695,,Bolo de Chocolate,Bolos,4,"8,90","2,95",Balcão,Dinheiro,,Concluído
20/03/2025,PED-1695,,Trufa de Morango,Doces,1,"13,54",,Encomenda,Dinheiro,"4,96",Cancelado
20/03/2025,PED-1696,,Pão de Queijo,Salgados,2,"5,53","2,26",Encomenda,Cartão Débito,"2,36",Concluído
20/03/2025,PED-1696,,Empada de Frango,Salgados,1,"29,41","2,95",WhatsApp,Cartão Crédito,,Concluído
20/03/2025,PED-1697,,Bolo Red Velvet,Bolos,5,"17,74",,iFood,Dinheiro,,Cancelado
20/03/2025,PED-1697,,Bolo de Chocolate,Bolos,2,"16,97","1,09",Balcão,PIX,"6,25",Concluído
20/03/2025,PED-1697,,Bolo de Cenoura,Bolos,2,"12,97",,WhatsApp,Dinheiro,,Concluído
20/03/2025,PED-1698,,Brigadeiro Gourmet,Doces,1,"8,14",,iFood,PIX,,Cancelado
20/03/2025,PED-1698,,Trufa de Maracujá,Doces,4,"26,95",,Balcão,Cartão Débito,,Concluído
20/03/2025,PED-1698,,Torta de Limão,Tortas,4,"25,16","1,59",Balcão,Dinheiro,,Concluído
20/03/2025,PED-1698,,Trufa de Morango,Doces,4,"10,27",,WhatsApp,Dinheiro,,Cancelado
20/03/2025,PED-1699,,Trufa de Maracujá,Doces,5,"21,29",,Balcão,Cartão Débito,"9,30",Concluído
20/03/2025,PED-1699,,Trufa de Morango,Doces,2,"9,09",,Balcão,Cartão Crédito,"3,34",Cancelado
21/03/2025,PED-1700,,Coxinha,Salgados,4,"30,65",,iFood,Cartão Débito,,Concluído
21/03/2025,PED-1701,,Brigadeiro,Doces,5,"17,45","0,51",iFood,Cartão Débito,,Concluído
21/03/2025,PED-1702,,Torta de Limão,Tortas,1,"21,68",,Balcão,Dinheiro,,Concluído
21/03/2025,PED-1702,,Empada de Frango,Salgados,3,"32,32",,Balcão,Cartão Débito,,Cancelado
21/03/2025,PED-1702,,Torta Holandesa,Tortas,1,"28,79",,Balcão,Cartão Crédito,"9,68",Concluído
21/03/2025,PED-1702,,Bolo Red Velvet,Bolos,2,"28,87","1,53",Encomenda,Cartão Débito,,Cancelado
21/03/2025,PED-1703,,Bolo de Cenoura,Bolos,3,"26,92","1,98",WhatsApp,PIX,,Concluído
21/03/2025,PED-1703,,Empada de Frango,Salgados,1,"28,15",,iFood,PIX,,Concluído
21/03/2025,PED-1703,,Brigadeiro Gourmet,Doces,1,"12,79",,Encomenda,Cartão Crédito,"4,19",Cancelado
21/03/2025,PED-1703,,Bolo Red Velvet,Bolos,1,"27,93",,Encomenda,PIX,,Concluído
21/03/2025,PED-1704,,Coxinha,Salgados,1,"22,10","2,14",WhatsApp,PIX,"7,58",Concluído
21/03/2025,PED-1705,,Torta de Limão,Tortas,5,"10,67",,iFood,Dinheiro,,Concluído
21/03/2025,PED-1705,,Brigadeiro,Doces,1,"21,69","0,86",WhatsApp,Cartão Crédito,"8,88",Cancelado
21/03/2025,PED-1705,,Empada de Frango,Salgados,5,"19,69",,Encomenda,Cartão Crédito,"6,95",Concluído
21/03/2025,PED-1706,,Torta de Limão,Tortas,4,"28,01","2,57",WhatsApp,PIX,"13,05",Cancelado
21/03/2025,PED-1706,,Bolo de Cenoura,Bolos,5,"17,84",,iFood,Cartão Crédito,"6,03",Cancelado
21/03/2025,PED-1706,,Brigadeiro,Doces,2,"11,10",,iFood,Dinheiro,,Concluído
21/03/2025,PED-1706,,Bolo de Chocolate,Bolos,4,"11,72",,Encomenda,Cartão Crédito,"5,08",Concluído
21/03/2025,PED-1707,,Bolo de Chocolate,Bolos,4,"9,78",,iFood,Dinheiro,"4,24",Concluído
21/03/2025,PED-1708,,Trufa de Morango,Doces,1,"26,61",,Balcão,Cartão Débito,"11,33",Concluído
21/03/2025,PED-1709,,Trufa de Morango,Doces,4,"28,85","2,14",Balcão,Cartão Débito,,Concluído
21/03/2025,PED-1709,,Bolo Red Velvet,Bolos,3,"31,11",,Encomenda,Cartão Crédito,,Cancelado
21/03/2025,PED-1709,,Empada de Frango,Salgados,4,"16,53",,Encomenda,PIX,,Concluído
21/03/2025,PED-1709,,Brigadeiro,Doces,2,"21,86",,Balcão,Cartão Crédito,"8,98",Concluído
21/03/2025,PED-1710,,Bolo de Chocolate,Bolos,1,"15,79",,WhatsApp,Cartão Crédito,"5,35",Concluído
21/03/2025,PED-1710,,Bolo Red Velvet,Bolos,2,"8,65",,WhatsApp,Cartão Débito,"4,20",Concluído
21/03/2025,PED-1710,,Pão de Queijo,Salgados,4,"9,45",,WhatsApp,Dinheiro,"3,22",Concluído
21/03/2025,PED-1710,,Bolo de Cenoura,Bolos,2,"29,69","0,50",WhatsApp,Cartão Débito,"13,36",Concluído
22/03/2025,PED-1711,,Trufa de Morango,Doces,4,"13,93",,WhatsApp,Cartão Débito,"5,82",Concluído
22/03/2025,PED-1711,,Bolo de Cenoura,Bolos,4,"10,76",,Balcão,Cartão Crédito,,Concluído
22/03/2025,PED-1711,,Brigadeiro,Doces,1,"16,66","1,10",Balcão,Cartão Crédito,"5,83",Concluído
22/03/2025,PED-1712,,Bolo Red Velvet,Bolos,4,"23,97",,Balcão,Dinheiro,,Concluído
22/03/2025,PED-1713,,Coxinha,Salgados,5,"29,12",,Encomenda,PIX,"9,86",Cancelado
22/03/2025,PED-1714,,Torta Holandesa,Tortas,2,"22,93","2,44",WhatsApp,PIX,,Concluído
22/03/2025,PED-1714,,Coxinha,Salgados,2,"26,10",,Encomenda,Dinheiro,"9,59",Concluído
22/03/2025,PED-1714,,Pão de Queijo,Salgados,5,"33,78","1,89",Balcão,Cartão Crédito,"16,39",Concluído
22/03/2025,PED-1715,,Trufa de Morango,Doces,2,"25,33","2,80",Balcão,Cartão Débito,"11,69",Concluído
22/03/2025,PED-1716,,Empada de Frango,Salgados,2,"12,39",,Encomenda,Cartão Débito,"4,11",Concluído
22/03/2025,PED-1716,,Bolo Red Velvet,Bolos,5,"18,72",,Encomenda,PIX,,Concluído
22/03/2025,PED-1716,,Bolo de Cenoura,Bolos,2,"26,41",,Encomenda,Dinheiro,"10,02",Cancelado
22/03/2025,PED-1716,,Torta de Limão,Tortas,5,"29,19",,iFood,Dinheiro,"12,39",Concluído
22/03/2025,PED-1717,,Bolo de Chocolate,Bolos,5,"6,38",,Encomenda,Cartão Débito,,Cancelado
22/03/2025,PED-1717,,Trufa de Maracujá,Doces,2,"16,95",,Balcão,Dinheiro,,Concluído
22/03/2025,PED-1718,,Coxinha,Salgados,4,"25,78",,Encomenda,Dinheiro,,Concluído
22/03/2025,PED-1718,,Torta de Limão,Tortas,2,"12,33","2,79",WhatsApp,Dinheiro,"4,87",Cancelado
22/03/2025,PED-1718,,Empada de Frango,Salgados,3,"23,51",,Balcão,Cartão Crédito,,Concluído
22/03/2025,PED-1719,,Trufa de Morango,Doces,4,"25,71",,WhatsApp,Cartão Débito,,Cancelado
22/03/2025,PED-1719,,Empada de Frango,Salgados,2,"28,62",,iFood,Dinheiro,,Concluído
22/03/2025,PED-1719,,Bolo Red Velvet,Bolos,2,"31,35",,Balcão,Cartão Débito,"13,76",Concluído
22/03/2025,PED-1719,,Torta Holandesa,Tortas,5,"20,60","1,34",Balcão,PIX,"6,30",Concluído
22/03/2025,PED-1720,,Torta Holandesa,Tortas,3,"20,34",,Encomenda,Cartão Crédito,,Cancelado
22/03/2025,PED-1720,,Trufa de Maracujá,Doces,2,"21,14",,iFood,PIX,,Concluído
22/03/2025,PED-1721,,Torta de Limão,Tortas,3,"28,59","2,52",WhatsApp,PIX,,Cancelado
22/03/2025,PED-1721,,Empada de Frango,Salgados,1,"28,45","1,37",iFood,PIX,"8,98",Cancelado
22/03/2025,PED-1722,,Torta Holandesa,Tortas,4,"19,06",,WhatsApp,Cartão Débito,"7,96",Cancelado
22/03/2025,PED-1722,,Coxinha,Salgados,3,"29,90",,Balcão,Cartão Crédito,,Concluído
22/03/2025,PED-1722,,Bolo Red Velvet,Bolos,1,"19,98","2,93",iFood,Dinheiro,"9,81",Cancelado
22/03/2025,PED-1723,,Coxinha,Salgados,2,"15,71",,Balcão,Dinheiro,"6,67",Concluído
22/03/2025,PED-1723,,Torta de Limão,Tortas,4,"29,53",,iFood,PIX,"13,77",Concluído
22/03/2025,PED-1723,,Brigadeiro Gourmet,Doces,1,"6,54",,iFood,Cartão Débito,"2,36",Concluído
22/03/2025,PED-1724,,Trufa de Maracujá,Doces,2,"18,42",,iFood,PIX,,Concluído
22/03/2025,PED-1725,,Torta Holandesa,Tortas,4,"22,45",,iFood,PIX,"11,04",Concluído
22/03/2025,PED-1725,,Empada de Frango,Salgados,1,"16,61",,Balcão,Cartão Crédito,"6,25",Cancelado
22/03/2025,PED-1725,,Bolo de Cenoura,Bolos,5,"7,46",,Balcão,Cartão Débito,,Concluído
22/03/2025,PED-1725,,Brigadeiro,Doces,2,"10,31",,iFood,Cartão Crédito,"4,92",Concluído
22/03/2025,PED-1726,,Trufa de Maracujá,Doces,5,"28,90","1,56",WhatsApp,PIX,"10,28",Concluído
22/03/2025,PED-1727,,Empada de Frango,Salgados,3,"27,17","2,37",iFood,Cartão Débito,,Concluído
22/03/2025,PED-1727,,Trufa de Maracujá,Doces,2,"25,56",,Encomenda,Cartão Débito,,Concluído
22/03/2025,PED-1727,,Brigadeiro Gourmet,Doces,1,"10,57",,iFood,PIX,"4,86",Cancelado
22/03/2025,PED-1728,,Bolo de Cenoura,Bolos,1,"10,37",,Balcão,PIX,,Concluído
22/03/2025,PED-1728,,Brigadeiro,Doces,3,"18,27",,Encomenda,PIX,"7,79",Concluído
22/03/2025,PED-1729,,Brigadeiro Gourmet,Doces,5,"26,49","1,48",Encomenda,PIX,"13,21",Concluído
22/03/2025,PED-1729,,Torta Holandesa,Tortas,2,"33,27","1,58",Encomenda,Cartão Débito,,Concluído
22/03/2025,PED-1729,,Empada de Frango,Salgados,1,"11,13",,WhatsApp,Cartão Débito,,Concluído
23/03/2025,PED-1730,,Empada de Frango,Salgados,2,"13,94",,WhatsApp,Dinheiro,,Concluído
23/03/2025,PED-1731,,Pão de Queijo,Salgados,1,"31,42",,Balcão,Cartão Crédito,,Concluído
23/03/2025,PED-1731,,Bolo Red Velvet,Bolos,5,"8,68","1,12",Encomenda,Cartão Débito,"2,88",Concluído
23/03/2025,PED-1732,,Coxinha,Salgados,1,"26,24","2,20",iFood,Cartão Crédito,"8,82",Concluído
23/03/2025,PED-1732,,Trufa de Morango,Doces,3,"18,14",,WhatsApp,Cartão Crédito,"6,40",Concluído
23/03/2025,PED-1733,,Trufa de Maracujá,Doces,5,"10,83","0,73",WhatsApp,Dinheiro,"4,67",Concluído
23/03/2025,PED-1734,,Empada de Frango,Salgados,4,"12,44",,WhatsApp,Dinheiro,,Concluído
23/03/2025,PED-1735,,Brigadeiro,Doces,2,"34,37",,Balcão,Cartão Débito,,Concluído
23/03/2025,PED-1735,,Coxinha,Salgados,2,"12,06",,WhatsApp,Dinheiro,,Concluído
23/03/2025,PED-1736,,Torta de Limão,Tortas,3,"31,22",,iFood,PIX,"10,40",Cancelado
23/03/2025,PED-1736,,Pão de Queijo,Salgados,2,"27,12",,Encomenda,Cartão Crédito,"8,79",Concluído
23/03/2025,PED-1736,,Bolo de Cenoura,Bolos,4,"11,61",,iFood,Cartão Débito,,Concluído
23/03/2025,PED-1737,,Pão de Queijo,Salgados,5,"29,72",,Balcão,PIX,"9,95",Concluído
23/03/2025,PED-1737,,Bolo de Cenoura,Bolos,2,"18,56","2,20",Encomenda,Dinheiro,,Concluído
23/03/2025,PED-1737,,Bolo Red Velvet,Bolos,3,"25,08",,Balcão,PIX,"7,66",Concluído
23/03/2025,PED-1737,,Coxinha,Salgados,1,"21,26",,iFood,Cartão Crédito,"10,13",Cancelado
23/03/2025,PED-1738,,Empada de Frango,Salgados,2,"19,30",,iFood,PIX,,Concluído
23/03/2025,PED-1738,,Torta Holandesa,Tortas,5,"31,10",,Balcão,PIX,,Concluído
23/03/2025,PED-1738,,Torta de Limão,Tortas,3,"16,39","1,10",iFood,Dinheiro,,Concluído
23/03/2025,PED-1738,,Coxinha,Salgados,3,"7,72",,Balcão,Dinheiro,,Concluído
23/03/2025,PED-1739,,Torta Holandesa,Tortas,1,"19,26",,WhatsApp,Dinheiro,"6,84",Cancelado
23/03/2025,PED-1739,,Pão de Queijo,Salgados,1,"13,04","1,97",Balcão,PIX,,Cancelado
23/03/2025,PED-1740,,Bolo de Cenoura,Bolos,1,"21,29",,Balcão,PIX,,Concluído
23/03/2025,PED-1740,,Pão de Queijo,Salgados,4,"9,83","1,54",WhatsApp,Dinheiro,,Concluído
23/03/2025,PED-1740,,Torta Holandesa,Tortas,1,"29,81",,WhatsApp,Dinheiro,"9,56",Concluído
23/03/2025,PED-1740,,Bolo Red Velvet,Bolos,1,"30,29",,Encomenda,PIX,,Concluído
24/03/2025,PED-1741,,Bolo de Chocolate,Bolos,2,"28,42","1,60",WhatsApp,Cartão Crédito,"11,57",Concluído
24/03/2025,PED-1741,,Brigadeiro Gourmet,Doces,1,"26,33",,Balcão,Cartão Crédito,"8,37",Cancelado
24/03/2025,PED-1742,,Trufa de Maracujá,Doces,3,"28,61",,Balcão,PIX,"10,73",Concluído
24/03/2025,PED-1742,,Bolo de Chocolate,Bolos,4,"19,33",,Balcão,PIX,,Cancelado
24/03/2025,PED-1743,,Bolo Red Velvet,Bolos,1,"5,69","1,08",Encomenda,Cartão Débito,"2,02",Cancelado
24/03/2025,PED-1743,,Pão de Queijo,Salgados,5,"18,37","1,43",WhatsApp,Dinheiro,"8,90",Concluído
24/03/2025,PED-1743,,Coxinha,Salgados,2,"8,06",,Balcão,Cartão Crédito,,Concluído
24/03/2025,PED-1744,,Pão de Queijo,Salgados,5,"14,45",,Balcão,Cartão Crédito,"6,06",Concluído
24/03/2025,PED-1744,,Bolo Red Velvet,Bolos,4,"22,66",,iFood,Dinheiro,"7,38",Concluído
24/03/2025,PED-1744,,Coxinha,Salgados,3,"18,08",,Balcão,PIX,,Concluído
24/03/2025,PED-1745,,Brigadeiro,Doces,1,"7,40",,Encomenda,Cartão Crédito,,Cancelado
24/03/2025,PED-1746,,Trufa de Maracujá,Doces,4,"20,19",,WhatsApp,PIX,"7,77",Concluído
24/03/2025,PED-1746,,Trufa de Morango,Doces,1,"24,64",,Balcão,Dinheiro,"7,40",Concluído
24/03/2025,PED-1746,,Brigadeiro Gourmet,Doces,1,"26,06",,Encomenda,PIX,"12,56",Concluído
24/03/2025,PED-1746,,Bolo de Cenoura,Bolos,4,"23,40",,Balcão,Dinheiro,"9,00",Cancelado
24/03/2025,PED-1747,,Torta Holandesa,Tortas,3,"32,45",,Balcão,Cartão Débito,"9,93",Concluído
24/03/2025,PED-1748,,Bolo de Cenoura,Bolos,4,"21,73",,iFood,Dinheiro,"9,61",Concluído
24/03/2025,PED-1748,,Brigadeiro,Doces,3,"16,78",,Encomenda,PIX,"5,70",Concluído
24/03/2025,PED-1748,,Empada de Frango,Salgados,2,"33,83",,iFood,Cartão Crédito,"11,37",Concluído
24/03/2025,PED-1748,,Bolo de Chocolate,Bolos,4,"33,81",,Balcão,Cartão Débito,"11,52",Concluído
24/03/2025,PED-1749,,Pão de Queijo,Salgados,4,"11,41",,Encomenda,Cartão Crédito,,Concluído
24/03/2025,PED-1749,,Trufa de Morango,Doces,3,"8,23",,Encomenda,Dinheiro,"3,83",Concluído
24/03/2025,PED-1750,,Brigadeiro Gourmet,Doces,4,"21,50",,Balcão,Dinheiro,"7,87",Concluído
24/03/2025,PED-1751,,Coxinha,Salgados,4,"29,10","2,20",Balcão,Cartão Débito,"10,19",Cancelado
24/03/2025,PED-1752,,Empada de Frango,Salgados,5,"7,78",,Balcão,Cartão Débito,"2,82",Concluído
24/03/2025,PED-1752,,Torta Holandesa,Tortas,3,"6,73",,iFood,Cartão Crédito,,Concluído
25/03/2025,PED-1753,,Torta de Limão,Tortas,5,"23,97",,Encomenda,Cartão Débito,,Concluído
25/03/2025,PED-1753,,Brigadeiro,Doces,4,"21,82",,Balcão,Cartão Crédito,"8,66",Concluído
25/03/2025,PED-1753,,Bolo de Cenoura,Bolos,3,"28,38",,iFood,Cartão Crédito,,Concluído
25/03/2025,PED-1753,,Torta Holandesa,Tortas,5,"13,63",,Encomenda,Dinheiro,"6,57",Concluído
25/03/2025,PED-1754,,Bolo Red Velvet,Bolos,2,"6,07",,WhatsApp,Dinheiro,"2,81",Concluído
25/03/2025,PED-1754,,Trufa de Morango,Doces,1,"21,82",,Balcão,Cartão Débito,,Concluído
25/03/2025,PED-1754,,Torta Holandesa,Tortas,1,"27,35",,Encomenda,PIX,,Concluído
25/03/2025,PED-1755,,Coxinha,Salgados,5,"5,91",,Balcão,Dinheiro,,Cancelado
25/03/2025,PED-1756,,Brigadeiro Gourmet,Doces,1,"11,58",,WhatsApp,Cartão Crédito,"5,18",Cancelado
25/03/2025,PED-1756,,Torta Holandesa,Tortas,4,"20,31",,Balcão,Cartão Débito,"6,34",Cancelado
25/03/2025,PED-1756,,Empada de Frango,Salgados,4,"6,91",,WhatsApp,PIX,"2,20",Concluído
25/03/2025,PED-1756,,Bolo Red Velvet,Bolos,1,"28,07","1,26",Balcão,PIX,"12,05",Cancelado
25/03/2025,PED-1757,,Torta de Limão,Tortas,4,"29,57",,Encomenda,Dinheiro,"13,31",Concluído
25/03/2025,PED-1757,,Pão de Queijo,Salgados,5,"6,76",,iFood,Dinheiro,,Cancelado
25/03/2025,PED-1757,,Brigadeiro Gourmet,Doces,1,"22,34","1,40",WhatsApp,PIX,"10,72",Concluído
25/03/2025,PED-1757,,Bolo Red Velvet,Bolos,5,"16,63",,Balcão,Cartão Crédito,"6,24",Cancelado
25/03/2025,PED-1758,,Bolo Red Velvet,Bolos,3,"33,75","2,63",iFood,Cartão Crédito,"11,80",Concluído
25/03/2025,PED-1758,,Brigadeiro Gourmet,Doces,4,"15,88",,WhatsApp,Cartão Débito,"6,17",Concluído
25/03/2025,PED-1758,,Bolo de Chocolate,Bolos,2,"20,80",,Encomenda,Cartão Débito,"7,25",Cancelado
25/03/2025,PED-1758,,Trufa de Morango,Doces,2,"27,39",,WhatsApp,Dinheiro,"10,40",Concluído
25/03/2025,PED-1759,,Brigadeiro Gourmet,Doces,2,"24,64","2,42",Balcão,Cartão Crédito,,Concluído
25/03/2025,PED-1759,,Trufa de Morango,Doces,1,"30,52",,Balcão,PIX,"15,25",Concluído
25/03/2025,PED-1760,,Brigadeiro,Doces,2,"9,42","1,04",Balcão,Cartão Débito,,Concluído
25/03/2025,PED-1760,,Trufa de Morango,Doces,1,"15,18",,Encomenda,Cartão Débito,"6,10",Concluído
25/03/2025,PED-1761,,Trufa de Maracujá,Doces,4,"17,37",,iFood,Dinheiro,"5,54",Concluído
25/03/2025,PED-1761,,Brigadeiro Gourmet,Doces,3,"33,54",,Encomenda,Cartão Crédito,,Concluído
25/03/2025,PED-1762,,Torta Holandesa,Tortas,3,"10,19",,Balcão,Cartão Crédito,"5,00",Concluído
25/03/2025,PED-1762,,Coxinha,Salgados,2,"27,57",,Balcão,PIX,"9,76",Concluído
25/03/2025,PED-1762,,Bolo de Cenoura,Bolos,2,"30,49","2,85",iFood,Cartão Crédito,,Cancelado
25/03/2025,PED-1762,,Empada de Frango,Salgados,5,"32,16",,Encomenda,Cartão Crédito,,Concluído
25/03/2025,PED-1763,,Pão de Queijo,Salgados,5,"18,93",,Balcão,Dinheiro,,Concluído
25/03/2025,PED-1763,,Brigadeiro Gourmet,Doces,2,"30,13",,Encomenda,Cartão Débito,"13,18",Concluído
25/03/2025,PED-1763,,Bolo de Cenoura,Bolos,4,"33,54",,Balcão,Cartão Crédito,"10,53",Concluído
25/03/2025,PED-1763,,Trufa de Maracujá,Doces,5,"14,30","1,87",Encomenda,PIX,"5,18",Concluído
25/03/2025,PED-1764,,Trufa de Maracujá,Doces,4,"7,28",,iFood,PIX,"3,04",Concluído
25/03/2025,PED-1764,,Torta Holandesa,Tortas,5,"26,72",,Encomenda,Cartão Débito,"12,93",Cancelado
25/03/2025,PED-1764,,Pão de Queijo,Salgados,4,"30,12","1,60",Encomenda,Cartão Débito,"11,00",Concluído
25/03/2025,PED-1765,,Brigadeiro Gourmet,Doces,4,"17,89",,Balcão,Cartão Crédito,"6,95",Concluído
25/03/2025,PED-1766,,Brigadeiro,Doces,1,"29,92",,iFood,Cartão Crédito,"13,65",Concluído
25/03/2025,PED-1766,,Torta Holandesa,Tortas,2,"10,35","2,47",Balcão,Cartão Crédito,"3,70",Concluído
25/03/2025,PED-1766,,Empada de Frango,Salgados,5,"29,72",,Balcão,Cartão Crédito,,Concluído
25/03/2025,PED-1767,,Bolo de Cenoura,Bolos,3,"11,23","0,96",Encomenda,Cartão Débito,"5,34",Concluído
25/03/2025,PED-1767,,Bolo Red Velvet,Bolos,3,"10,50",,WhatsApp,Cartão Débito,"3,36",Concluído
26/03/2025,PED-1768,,Empada de Frango,Salgados,1,"7,45",,Encomenda,Cartão Crédito,"3,11",Concluído
26/03/2025,PED-1768,,Torta Holandesa,Tortas,2,"27,88",,iFood,Cartão Crédito,"11,68",Concluído
26/03/2025,PED-1768,,Trufa de Morango,Doces,4,"16,19","0,84",WhatsApp,Cartão Crédito,,Concluído
26/03/2025,PED-1769,,Torta Holandesa,Tortas,1,"11,74",,Encomenda,Cartão Débito,"5,30",Concluído
26/03/2025,PED-1769,,Bolo de Cenoura,Bolos,3,"22,61","2,28",Balcão,Cartão Crédito,,Cancelado
26/03/2025,PED-1770,,Torta de Limão,Tortas,5,"15,84",,WhatsApp,Cartão Débito,"6,88",Concluído
26/03/2025,PED-1770,,Bolo Red Velvet,Bolos,3,"19,82",,Encomenda,Cartão Débito,,Concluído
26/03/2025,PED-1770,,Trufa de Maracujá,Doces,3,"31,73","1,23",WhatsApp,Dinheiro,"10,44",Concluído
26/03/2025,PED-1771,,Brigadeiro,Doces,4,"34,20","1,23",Balcão,Cartão Crédito,,Concluído
26/03/2025,PED-1771,,Bolo Red Velvet,Bolos,2,"21,30",,WhatsApp,Cartão Crédito,,Concluído
27/03/2025,PED-1772,,Torta de Limão,Tortas,1,"19,48",,Balcão,Cartão Crédito,,Concluído
27/03/2025,PED-1772,,Bolo Red Velvet,Bolos,3,"6,70",,WhatsApp,Cartão Débito,"2,82",Cancelado
27/03/2025,PED-1772,,Bolo de Cenoura,Bolos,2,"25,60",,iFood,Dinheiro,"8,85",Concluído
27/03/2025,PED-1772,,Coxinha,Salgados,1,"33,67",,Encomenda,Cartão Crédito,,Concluído
27/03/2025,PED-1773,,Empada de Frango,Salgados,2,"19,14",,iFood,Cartão Débito,"8,30",Concluído
27/03/2025,PED-1773,,Bolo de Cenoura,Bolos,1,"22,51",,iFood,Dinheiro,,Concluído
27/03/2025,PED-1773,,Trufa de Morango,Doces,5,"29,68","1,05",Balcão,Dinheiro,,Concluído
27/03/2025,PED-1774,,Torta de Limão,Tortas,2,"10,05","1,87",iFood,Cartão Crédito,,Cancelado
27/03/2025,PED-1774,,Pão de Queijo,Salgados,5,"28,26",,Balcão,Cartão Débito,,Concluído
28/03/2025,PED-1775,,Coxinha,Salgados,4,"16,23",,Balcão,Cartão Crédito,"5,62",Concluído
28/03/2025,PED-1775,,Bolo de Cenoura,Bolos,3,"12,16",,WhatsApp,Cartão Crédito,,Concluído
28/03/2025,PED-1776,,Brigadeiro,Doces,2,"9,22",,Encomenda,Dinheiro,,Concluído
28/03/2025,PED-1776,,Pão de Queijo,Salgados,5,"11,43",,Balcão,PIX,"4,60",Concluído
28/03/2025,PED-1777,,Bolo de Cenoura,Bolos,1,"9,79",,Balcão,Cartão Crédito,"2,94",Concluído
28/03/2025,PED-1777,,Bolo de Chocolate,Bolos,4,"22,77",,Encomenda,Cartão Crédito,,Concluído
28/03/2025,PED-1778,,Empada de Frango,Salgados,3,"8,42",,Balcão,PIX,"2,68",Cancelado
28/03/2025,PED-1779,,Trufa de Maracujá,Doces,1,"31,26",,iFood,Cartão Crédito,,Cancelado
28/03/2025,PED-1779,,Torta de Limão,Tortas,2,"31,27",,iFood,Dinheiro,"14,79",Concluído
28/03/2025,PED-1779,,Brigadeiro,Doces,2,"5,14",,WhatsApp,Dinheiro,"2,31",Concluído
28/03/2025,PED-1780,,Trufa de Maracujá,Doces,1,"22,92",,Balcão,Cartão Crédito,,Concluído
28/03/2025,PED-1780,,Pão de Queijo,Salgados,4,"32,37",,Encomenda,Cartão Débito,"9,79",Concluído
28/03/2025,PED-1780,,Trufa de Morango,Doces,1,"8,54",,Balcão,Cartão Crédito,,Cancelado
28/03/2025,PED-1781,,Bolo de Cenoura,Bolos,3,"29,22","2,47",iFood,PIX,"12,36",Concluído
28/03/2025,PED-1781,,Trufa de Morango,Doces,5,"22,19",,Encomenda,PIX,"8,33",Concluído
28/03/2025,PED-1781,,Pão de Queijo,Salgados,4,"29,85",,Balcão,Cartão Crédito,"12,17",Cancelado
28/03/2025,PED-1782,,Pão de Queijo,Salgados,5,"20,19",,Encomenda,Cartão Crédito,"9,46",Concluído
28/03/2025,PED-1782,,Bolo de Cenoura,Bolos,5,"33,39",,Encomenda,Cartão Débito,"10,59",Concluído
28/03/2025,PED-1782,,Trufa de Maracujá,Doces,5,"30,84",,Balcão,Dinheiro,"11,11",Cancelado
28/03/2025,PED-1782,,Bolo de Chocolate,Bolos,2,"20,09",,iFood,Cartão Débito,,Cancelado
28/03/2025,PED-1783,,Bolo de Cenoura,Bolos,3,"23,71",,WhatsApp,Cartão Crédito,,Concluído
28/03/2025,PED-1783,,Coxinha,Salgados,5,"20,77",,WhatsApp,Cartão Débito,"9,02",Concluído
28/03/2025,PED-1783,,Torta de Limão,Tortas,5,"29,92",,WhatsApp,Cartão Crédito,"10,03",Concluído
28/03/2025,PED-1784,,Coxinha,Salgados,3,"7,18",,iFood,Cartão Débito,"2,34",Concluído
29/03/2025,PED-1785,,Trufa de Maracujá,Doces,5,"22,82",,WhatsApp,PIX,,Concluído
29/03/2025,PED-1786,,Bolo de Chocolate,Bolos,4,"7,59",,Encomenda,PIX,"3,72",Concluído
29/03/2025,PED-1786,,Pão de Queijo,Salgados,3,"10,57","2,66",WhatsApp,Cartão Débito,,Concluído
29/03/2025,PED-1786,,Torta Holandesa,Tortas,1,"5,20","0,72",WhatsApp,PIX,"2,54",Concluído
29/03/2025,PED-1786,,Torta de Limão,Tortas,4,"34,37",,Encomenda,Cartão Débito,"13,19",Concluído
29/03/2025,PED-1787,,Bolo de Cenoura,Bolos,1,"31,27",,WhatsApp,Cartão Crédito,"15,47",Concluído
29/03/2025,PED-1787,,Bolo de Chocolate,Bolos,1,"31,90",,Balcão,Cartão Débito,"14,33",Concluído
29/03/2025,PED-1787,,Trufa de Maracujá,Doces,1,"23,04",,Balcão,Cartão Crédito,"7,06",Cancelado
29/03/2025,PED-1787,,Empada de Frango,Salgados,1,"17,85","0,51",Balcão,Cartão Débito,"7,85",Cancelado
29/03/2025,PED-1788,,Torta Holandesa,Tortas,2,"31,45","2,54",WhatsApp,Cartão Crédito,"12,92",Concluído
29/03/2025,PED-1788,,Brigadeiro Gourmet,Doces,5,"10,38",,Balcão,Cartão Crédito,,Concluído
29/03/2025,PED-1788,,Brigadeiro,Doces,5,"30,57",,WhatsApp,Cartão Débito,,Cancelado
29/03/2025,PED-1789,,Brigadeiro,Doces,1,"34,71",,Encomenda,PIX,"11,48",Concluído
29/03/2025,PED-1790,,Coxinha,Salgados,2,"17,15",,WhatsApp,Cartão Débito,"6,94",Concluído
29/03/2025,PED-1791,,Empada de Frango,Salgados,4,"27,35","0,59",WhatsApp,Cartão Débito,"11,42",Concluído
29/03/2025,PED-1791,,Bolo de Chocolate,Bolos,5,"27,19",,iFood,PIX,,Concluído
29/03/2025,PED-1791,,Trufa de Morango,Doces,3,"30,83",,Balcão,Cartão Crédito,"11,28",Concluído
29/03/2025,PED-1791,,Brigadeiro Gourmet,Doces,1,"16,33",,Balcão,Cartão Débito,"5,99",Concluído
29/03/2025,PED-1792,,Brigadeiro,Doces,1,"12,48",,iFood,Dinheiro,"4,57",Concluído
29/03/2025,PED-1792,,Pão de Queijo,Salgados,3,"25,20",,Balcão,PIX,,Concluído
29/03/2025,PED-1793,,Bolo de Cenoura,Bolos,5,"23,95","2,90",Balcão,PIX,"11,90",Concluído
29/03/2025,PED-1794,,Torta Holandesa,Tortas,2,"7,21",,WhatsApp,Cartão Débito,"3,05",Concluído
29/03/2025,PED-1794,,Coxinha,Salgados,1,"33,61",,Balcão,PIX,,Concluído
29/03/2025,PED-1794,,Trufa de Morango,Doces,3,"22,92",,Balcão,Dinheiro,,Concluído
29/03/2025,PED-1795,,Torta Holandesa,Tortas,3,"9,54",,iFood,Cartão Débito,,Concluído
29/03/2025,PED-1795,,Bolo de Chocolate,Bolos,5,"30,95",,Encomenda,Dinheiro,"9,55",Concluído
29/03/2025,PED-1795,,Bolo de Cenoura,Bolos,2,"33,84",,iFood,Cartão Débito,"13,87",Concluído
29/03/2025,PED-1795,,Trufa de Maracujá,Doces,1,"14,44",,iFood,PIX,,Concluído
29/03/2025,PED-1796,,Brigadeiro,Doces,5,"33,26",,Balcão,PIX,"10,81",Concluído
29/03/2025,PED-1797,,Empada de Frango,Salgados,3,"30,05",,Balcão,PIX,"12,78",Concluído
29/03/2025,PED-1798,,Empada de Frango,Salgados,2,"19,17",,iFood,PIX,,Concluído
29/03/2025,PED-1798,,Trufa de Maracujá,Doces,4,"19,80",,Balcão,Dinheiro,"9,75",Concluído
29/03/2025,PED-1799,,Empada de Frango,Salgados,4,"20,84",,WhatsApp,Cartão Crédito,"9,15",Cancelado
29/03/2025,PED-1799,,Bolo de Chocolate,Bolos,2,"15,93",,iFood,Cartão Débito,,Cancelado
29/03/2025,PED-1799,,Bolo de Cenoura,Bolos,3,"33,62",,Encomenda,Cartão Crédito,"12,72",Concluído
29/03/2025,PED-1799,,Torta Holandesa,Tortas,3,"18,68",,Balcão,Dinheiro,"6,90",Concluído
29/03/2025,PED-1800,,Trufa de Morango,Doces,2,"15,44","2,80",iFood,PIX,"4,95",Cancelado
29/03/2025,PED-1800,,Trufa de Maracujá,Doces,2,"7,50",,iFood,Dinheiro,"2,58",Concluído
29/03/2025,PED-1801,,Torta Holandesa,Tortas,5,"6,30","0,60",Balcão,Cartão Débito,,Concluído
29/03/2025,PED-1802,,Torta de Limão,Tortas,5,"27,15","2,83",WhatsApp,Dinheiro,"9,46",Concluído
29/03/2025,PED-1803,,Trufa de Morango,Doces,1,"30,24",,Encomenda,Cartão Débito,,Cancelado
29/03/2025,PED-1803,,Coxinha,Salgados,5,"27,79",,WhatsApp,Dinheiro,,Concluído
29/03/2025,PED-1803,,Brigadeiro,Doces,5,"29,30","2,47",WhatsApp,PIX,"11,10",Concluído
29/03/2025,PED-1803,,Bolo Red Velvet,Bolos,2,"32,48",,WhatsApp,Cartão Crédito,,Concluído
29/03/2025,PED-1804,,Empada de Frango,Salgados,4,"15,47",,WhatsApp,Dinheiro,,Concluído
29/03/2025,PED-1804,,Bolo Red Velvet,Bolos,1,"9,69",,WhatsApp,Dinheiro,,Concluído
29/03/2025,PED-1804,,Bolo de Cenoura,Bolos,4,"12,74",,WhatsApp,Dinheiro,"5,84",Concluído
30/03/2025,PED-1805,,Torta Holandesa,Tortas,1,"22,76",,iFood,Cartão Débito,"7,79",Cancelado
30/03/2025,PED-1805,,Bolo de Chocolate,Bolos,1,"27,55",,Encomenda,PIX,"10,82",Concluído
30/03/2025,PED-1805,,Trufa de Maracujá,Doces,5,"20,63",,iFood,PIX,,Concluído
30/03/2025,PED-1805,,Bolo de Cenoura,Bolos,5,"26,91",,WhatsApp,Cartão Crédito,"13,34",Concluído
30/03/2025,PED-1806,,Trufa de Maracujá,Doces,1,"31,92",,WhatsApp,Dinheiro,"14,38",Concluído
30/03/2025,PED-1806,,Brigadeiro Gourmet,Doces,5,"12,27",,WhatsApp,PIX,"5,21",Concluído
30/03/2025,PED-1806,,Bolo de Chocolate,Bolos,3,"7,42",,WhatsApp,PIX,"3,69",Cancelado
30/03/2025,PED-1807,,Bolo de Cenoura,Bolos,3,"22,26",,WhatsApp,Dinheiro,,Concluído
30/03/2025,PED-1808,,Torta de Limão,Tortas,1,"13,51",,Encomenda,Cartão Crédito,"4,40",Concluído
30/03/2025,PED-1809,,Torta Holandesa,Tortas,3,"14,98",,WhatsApp,Dinheiro,"6,82",Concluído
30/03/2025,PED-1809,,Bolo de Cenoura,Bolos,1,"18,74",,Balcão,Cartão Débito,"5,63",Cancelado
30/03/2025,PED-1810,,Coxinha,Salgados,3,"23,82",,WhatsApp,PIX,,Concluído
30/03/2025,PED-1810,,Torta Holandesa,Tortas,1,"33,00",,Balcão,Cartão Crédito,,Concluído
30/03/2025,PED-1811,,Brigadeiro Gourmet,Doces,5,"11,51",,iFood,PIX,"5,26",Cancelado
30/03/2025,PED-1811,,Trufa de Morango,Doces,1,"16,30","2,08",Balcão,PIX,"5,38",Concluído
30/03/2025,PED-1811,,Pão de Queijo,Salgados,4,"22,19",,iFood,Cartão Crédito,"9,12",Concluído
30/03/2025,PED-1811,,Bolo de Chocolate,Bolos,1,"23,86",,WhatsApp,Dinheiro,,Cancelado
30/03/2025,PED-1812,,Trufa de Maracujá,Doces,3,"28,80",,Encomenda,Cartão Crédito,"8,84",Concluído
30/03/2025,PED-1812,,Torta Holandesa,Tortas,3,"33,05",,Encomenda,Cartão Débito,,Concluído
30/03/2025,PED-1812,,Bolo de Chocolate,Bolos,5,"17,38",,WhatsApp,Cartão Crédito,"5,66",Concluído
30/03/2025,PED-1812,,Brigadeiro Gourmet,Doces,1,"22,77",,iFood,PIX,,Concluído
31/03/2025,PED-1813,,Torta de Limão,Tortas,2,"15,91",,Balcão,Cartão Crédito,"6,34",Concluído
31/03/2025,PED-1813,,Empada de Frango,Salgados,2,"31,19",,Balcão,Cartão Crédito,,Concluído
31/03/2025,PED-1813,,Trufa de Maracujá,Doces,2,"14,03",,WhatsApp,Cartão Débito,,Concluído
31/03/2025,PED-1814,,Trufa de Maracujá,Doces,3,"7,35",,WhatsApp,Dinheiro,"2,58",Concluído
31/03/2025,PED-1814,,Torta de Limão,Tortas,1,"8,17",,Encomenda,Cartão Crédito,,Concluído
31/03/2025,PED-1815,,Torta Holandesa,Tortas,4,"24,12",,Encomenda,Cartão Débito,"11,07",Concluído
31/03/2025,PED-1815,,Brigadeiro Gourmet,Doces,3,"13,16",,iFood,Cartão Crédito,"5,43",Concluído
31/03/2025,PED-1815,,Trufa de Maracujá,Doces,5,"34,82","2,48",Balcão,Cartão Crédito,,Concluído
31/03/2025,PED-1816,,Bolo Red Velvet,Bolos,3,"19,05",,iFood,Cartão Débito,"9,17",Cancelado
31/03/2025,PED-1816,,Bolo de Cenoura,Bolos,3,"8,58","0,97",iFood,Cartão Crédito,"3,12",Concluído
31/03/2025,PED-1816,,Torta Holandesa,Tortas,4,"17,37",,WhatsApp,Dinheiro,,Concluído
31/03/2025,PED-1817,,Bolo Red Velvet,Bolos,5,"34,38",,iFood,Dinheiro,"11,15",Concluído
31/03/2025,PED-1817,,Brigadeiro,Doces,5,"31,65",,Encomenda,Dinheiro,"15,17",Concluído
31/03/2025,PED-1817,,Trufa de Maracujá,Doces,3,"17,97",,Encomenda,PIX,"6,87",Concluído
31/03/2025,PED-1818,,Bolo de Chocolate,Bolos,1,"26,87",,WhatsApp,Dinheiro,,Concluído
31/03/2025,PED-1819,,Torta Holandesa,Tortas,5,"8,78",,iFood,PIX,"3,27",Concluído
31/03/2025,PED-1819,,Empada de Frango,Salgados,4,"25,70",,Encomenda,Dinheiro,,Concluído
31/03/2025,PED-1819,,Coxinha,Salgados,2,"25,36",,Balcão,Cartão Crédito,,Concluído
31/03/2025,PED-1820,,Brigadeiro,Doces,4,"23,95","0,83",WhatsApp,PIX,"8,73",Concluído
31/03/2025,PED-1820,,Coxinha,Salgados,1,"5,13",,Balcão,Cartão Débito,,Concluído
31/03/2025,PED-1821,,Empada de Frango,Salgados,5,"18,33",,Encomenda,PIX,"8,87",Concluído
31/03/2025,PED-1821,,Bolo de Cenoura,Bolos,3,"7,69",,WhatsApp,Dinheiro,"3,60",Concluído
31/03/2025,PED-1821,,Bolo de Chocolate,Bolos,5,"6,08",,Balcão,PIX,,Concluído
31/03/2025,PED-1821,,Trufa de Maracujá,Doces,1,"26,67",,WhatsApp,Dinheiro,,Concluído
31/03/2025,PED-1822,,Pão de Queijo,Salgados,4,"26,22",,WhatsApp,Cartão Crédito,,Concluído
31/03/2025,PED-1822,,Trufa de Maracujá,Doces,2,"19,08",,iFood,PIX,,Concluído
31/03/2025,PED-1822,,Torta de Limão,Tortas,2,"11,07","0,88",WhatsApp,Dinheiro,"4,68",Concluído
31/03/2025,PED-1822,,Bolo Red Velvet,Bolos,4,"19,89",,WhatsApp,PIX,,Concluído
31/03/2025,PED-1823,,Trufa de Morango,Doces,4,"6,42",,Encomenda,Dinheiro,,Cancelado
31/03/2025,PED-1823,,Bolo de Cenoura,Bolos,4,"12,67","2,05",Balcão,PIX,,Concluído
31/03/2025,PED-1823,,Empada de Frango,Salgados,1,"20,61",,Balcão,Cartão Débito,"6,82",Cancelado
31/03/2025,PED-1823,,Trufa de Maracujá,Doces,5,"14,10",,Encomenda,Cartão Crédito,,Concluído
31/03/2025,PED-1824,,Trufa de Morango,Doces,4,"18,28",,WhatsApp,PIX,"6,25",Concluído
31/03/2025,PED-1824,,Coxinha,Salgados,5,"11,61",,iFood,Cartão Débito,,Concluído
31/03/2025,PED-1824,,Brigadeiro,Doces,5,"19,17",,WhatsApp,PIX,,Concluído
31/03/2025,PED-1825,,Bolo de Chocolate,Bolos,3,"13,64",,WhatsApp,Cartão Crédito,,Concluído
31/03/2025,PED-1825,,Trufa de Morango,Doces,1,"7,73",,Encomenda,Cartão Débito,"3,37",Concluído
31/03/2025,PED-1825,,Bolo Red Velvet,Bolos,1,"14,67",,iFood,Dinheiro,"6,04",Cancelado
31/03/2025,PED-1825,,Trufa de Maracujá,Doces,2,"18,26",,Encomenda,Dinheiro,"6,88",Cancelado
01/04/2025,PED-1826,,Brigadeiro,Doces,1,"20,81",,Balcão,Cartão Débito,,Concluído
01/04/2025,PED-1826,,Pão de Queijo,Salgados,5,"15,29",,Balcão,Cartão Débito,,Concluído
01/04/2025,PED-1826,,Coxinha,Salgados,3,"22,53",,iFood,Cartão Débito,"10,89",Concluído
01/04/2025,PED-1826,,Trufa de Maracujá,Doces,1,"16,12",,WhatsApp,Cartão Débito,"6,04",Concluído
01/04/2025,PED-1827,,Trufa de Maracujá,Doces,2,"5,02",,Balcão,Dinheiro,"2,48",Cancelado
01/04/2025,PED-1827,,Bolo Red Velvet,Bolos,4,"31,70",,Balcão,PIX,,Concluído
01/04/2025,PED-1827,,Bolo de Chocolate,Bolos,2,"8,00",,Encomenda,Cartão Crédito,,Concluído
01/04/2025,PED-1827,,Coxinha,Salgados,5,"26,78","2,15",Encomenda,PIX,"11,06",Concluído
01/04/2025,PED-1828,,Trufa de Morango,Doces,2,"24,81",,Balcão,Cartão Crédito,"10,67",Concluído
01/04/2025,PED-1828,,Coxinha,Salgados,5,"33,48","2,96",Encomenda,Cartão Débito,,Concluído
01/04/2025,PED-1829,,Torta de Limão,Tortas,3,"28,41",,Encomenda,Cartão Débito,,Concluído
01/04/2025,PED-1829,,Torta Holandesa,Tortas,1,"12,71",,Balcão,PIX,"4,12",Concluído
01/04/2025,PED-1830,,Trufa de Maracujá,Doces,3,"5,96","1,74",Encomenda,Cartão Débito,"2,12",Concluído
01/04/2025,PED-1831,,Torta Holandesa,Tortas,1,"7,04","0,85",Encomenda,Cartão Crédito,,Concluído
01/04/2025,PED-1832,,Empada de Frango,Salgados,4,"25,33","1,26",Balcão,Cartão Crédito,"12,27",Concluído
01/04/2025,PED-1832,,Torta de Limão,Tortas,3,"20,79",,Balcão,Cartão Crédito,"7,61",Concluído
01/04/2025,PED-1832,,Trufa de Morango,Doces,3,"19,45",,Encomenda,Cartão Débito,"5,98",Cancelado
01/04/2025,PED-1833,,Pão de Queijo,Salgados,1,"8,23",,WhatsApp,Cartão Débito,"3,61",Concluído
01/04/2025,PED-1833,,Bolo Red Velvet,Bolos,3,"7,02","2,01",WhatsApp,Cartão Débito,,Concluído
01/04/2025,PED-1833,,Coxinha,Salgados,2,"9,51",,Encomenda,Cartão Débito,"4,13",Concluído
01/04/2025,PED-1833,,Torta Holandesa,Tortas,3,"8,20",,iFood,Cartão Crédito,,Concluído
01/04/2025,PED-1834,,Trufa de Morango,Doces,3,"15,15",,iFood,PIX,,Concluído
01/04/2025,PED-1834,,Torta de Limão,Tortas,3,"34,04",,iFood,Dinheiro,,Concluído
01/04/2025,PED-1834,,Torta Holandesa,Tortas,5,"28,32",,WhatsApp,Cartão Débito,,Concluído
01/04/2025,PED-1835,,Brigadeiro Gourmet,Doces,3,"21,79",,iFood,Cartão Crédito,"6,74",Concluído
01/04/2025,PED-1835,,Brigadeiro,Doces,4,"29,79",,iFood,Dinheiro,,Concluído
01/04/2025,PED-1835,,Pão de Queijo,Salgados,1,"11,45",,Encomenda,PIX,,Concluído
01/04/2025,PED-1835,,Torta Holandesa,Tortas,2,"33,31","0,79",Encomenda,Cartão Débito,,Concluído
01/04/2025,PED-1836,,Brigadeiro,Doces,3,"20,17",,WhatsApp,Dinheiro,,Concluído
01/04/2025,PED-1836,,Brigadeiro Gourmet,Doces,1,"5,41",,Encomenda,Dinheiro,"2,54",Concluído
01/04/2025,PED-1836,,Trufa de Morango,Doces,5,"34,63",,WhatsApp,Cartão Débito,,Concluído
01/04/2025,PED-1837,,Bolo de Cenoura,Bolos,3,"23,90","2,69",Encomenda,PIX,,Concluído
01/04/2025,PED-1837,,Brigadeiro,Doces,3,"28,85","2,10",Encomenda,Dinheiro,,Cancelado
01/04/2025,PED-1838,,Bolo de Cenoura,Bolos,3,"33,91",,Encomenda,Cartão Crédito,"14,89",Concluído
01/04/2025,PED-1838,,Brigadeiro Gourmet,Doces,1,"8,46",,WhatsApp,PIX,"2,88",Concluído
01/04/2025,PED-1839,,Torta de Limão,Tortas,2,"6,37",,Encomenda,PIX,"2,14",Concluído
01/04/2025,PED-1839,,Bolo Red Velvet,Bolos,3,"5,76","1,09",Encomenda,Cartão Crédito,,Cancelado
01/04/2025,PED-1840,,Bolo de Chocolate,Bolos,3,"27,61",,Balcão,PIX,"9,83",Concluído
02/04/2025,PED-1841,,Coxinha,Salgados,2,"15,79",,WhatsApp,PIX,"5,74",Cancelado
02/04/2025,PED-1841,,Brigadeiro Gourmet,Doces,1,"20,01",,iFood,Cartão Crédito,,Concluído
02/04/2025,PED-1841,,Bolo de Cenoura,Bolos,2,"18,85",,WhatsApp,PIX,,Concluído
02/04/2025,PED-1841,,Torta Holandesa,Tortas,5,"10,46",,iFood,Cartão Crédito,"3,17",Cancelado
02/04/2025,PED-1842,,Brigadeiro,Doces,1,"13,37",,Encomenda,Cartão Crédito,"4,68",Concluído
02/04/2025,PED-1843,,Torta de Limão,Tortas,4,"22,52",,Encomenda,Cartão Débito,"8,67",Concluído
02/04/2025,PED-1844,,Torta Holandesa,Tortas,3,"12,10",,WhatsApp,PIX,"3,81",Cancelado
02/04/2025,PED-1844,,Bolo de Chocolate,Bolos,3,"27,77","2,58",iFood,PIX,"8,49",Concluído
02/04/2025,PED-1845,,Empada de Frango,Salgados,1,"23,77",,WhatsApp,PIX,"10,54",Concluído
02/04/2025,PED-1845,,Brigadeiro Gourmet,Doces,3,"7,13","0,64",Encomenda,Cartão Débito,,Cancelado
02/04/2025,PED-1846,,Torta Holandesa,Tortas,3,"18,15",,WhatsApp,Cartão Débito,,Concluído
02/04/2025,PED-1846,,Bolo de Cenoura,Bolos,3,"20,82",,WhatsApp,Cartão Crédito,"10,07",Concluído
02/04/2025,PED-1846,,Coxinha,Salgados,5,"18,90",,Balcão,Cartão Débito,"6,86",Concluído
02/04/2025,PED-1846,,Pão de Queijo,Salgados,5,"21,14",,WhatsApp,PIX,,Concluído
02/04/2025,PED-1847,,Torta de Limão,Tortas,5,"23,48",,Balcão,PIX,,Concluído
02/04/2025,PED-1847,,Brigadeiro,Doces,1,"8,52","0,80",Balcão,PIX,,Concluído
02/04/2025,PED-1848,,Torta Holandesa,Tortas,1,"23,61","2,70",WhatsApp,PIX,"7,25",Concluído
02/04/2025,PED-1848,,Pão de Queijo,Salgados,5,"9,24",,WhatsApp,Cartão Débito,,Concluído
02/04/2025,PED-1848,,Bolo de Chocolate,Bolos,1,"25,23",,Encomenda,Cartão Débito,"10,05",Concluído
02/04/2025,PED-1848,,Bolo de Cenoura,Bolos,5,"14,02",,iFood,PIX,"5,21",Concluído
02/04/2025,PED-1849,,Trufa de Morango,Doces,4,"12,21",,iFood,Cartão Crédito,,Concluído
02/04/2025,PED-1850,,Torta Holandesa,Tortas,5,"33,35",,iFood,Cartão Crédito,"11,93",Concluído
02/04/2025,PED-1850,,Bolo de Chocolate,Bolos,5,"17,48","2,65",iFood,Dinheiro,"7,27",Concluído
02/04/2025,PED-1851,,Bolo de Chocolate,Bolos,4,"30,14",,iFood,PIX,"13,65",Concluído
02/04/2025,PED-1851,,Bolo Red Velvet,Bolos,3,"25,35",,WhatsApp,PIX,"10,82",Cancelado
02/04/2025,PED-1851,,Torta Holandesa,Tortas,4,"17,96",,Encomenda,Cartão Débito,"8,69",Concluído
02/04/2025,PED-1851,,Trufa de Maracujá,Doces,3,"11,55",,Encomenda,Cartão Débito,"3,65",Cancelado
02/04/2025,PED-1852,,Bolo Red Velvet,Bolos,2,"29,76",,WhatsApp,Cartão Débito,"14,44",Concluído
02/04/2025,PED-1853,,Trufa de Maracujá,Doces,2,"21,81",,Encomenda,PIX,"7,92",Concluído
03/04/2025,PED-1854,,Torta de Limão,Tortas,5,"12,05",,WhatsApp,Dinheiro,,Concluído
03/04/2025,PED-1854,,Trufa de Morango,Doces,1,"20,44",,Balcão,Cartão Débito,,Concluído
03/04/2025,PED-1855,,Brigadeiro,Doces,5,"14,13",,WhatsApp,PIX,"5,86",Concluído
03/04/2025,PED-1855,,Bolo de Cenoura,Bolos,1,"31,31",,Balcão,Cartão Débito,"14,58",Concluído
03/04/2025,PED-1856,,Torta Holandesa,Tortas,5,"20,25","0,89",Encomenda,Cartão Débito,"8,24",Concluído
03/04/2025,PED-1857,,Pão de Queijo,Salgados,5,"9,49",,iFood,Cartão Débito,"2,95",Concluído
03/04/2025,PED-1858,,Bolo de Chocolate,Bolos,2,"20,90","1,95",WhatsApp,Cartão Débito,"8,46",Cancelado
03/04/2025,PED-1859,,Torta Holandesa,Tortas,4,"16,54",,Balcão,Cartão Crédito,,Concluído
03/04/2025,PED-1859,,Trufa de Morango,Doces,3,"13,91",,Encomenda,PIX,"4,56",Concluído
03/04/2025,PED-1859,,Torta de Limão,Tortas,2,"8,07",,iFood,PIX,"2,52",Cancelado
04/04/2025,PED-1860,,Brigadeiro Gourmet,Doces,5,"24,89",,Encomenda,PIX,"11,76",Concluído
04/04/2025,PED-1861,,Pão de Queijo,Salgados,2,"31,69",,Balcão,PIX,"12,99",Concluído
04/04/2025,PED-1861,,Empada de Frango,Salgados,4,"22,29",,Balcão,Dinheiro,,Concluído
04/04/2025,PED-1861,,Bolo de Cenoura,Bolos,2,"13,05",,Balcão,Dinheiro,"4,94",Concluído
04/04/2025,PED-1862,,Trufa de Maracujá,Doces,3,"12,35",,iFood,PIX,"3,70",Concluído
04/04/2025,PED-1863,,Torta de Limão,Tortas,1,"30,04","0,65",WhatsApp,Cartão Crédito,"13,20",Concluído
04/04/2025,PED-1863,,Pão de Queijo,Salgados,2,"14,99",,Encomenda,PIX,,Concluído
04/04/2025,PED-1864,,Trufa de Morango,Doces,1,"31,00","2,76",WhatsApp,Cartão Crédito,"12,12",Cancelado
04/04/2025,PED-1864,,Bolo de Cenoura,Bolos,1,"17,48",,WhatsApp,PIX,"7,56",Concluído
04/04/2025,PED-1864,,Empada de Frango,Salgados,5,"34,36",,WhatsApp,Cartão Débito,,Concluído
04/04/2025,PED-1864,,Trufa de Maracujá,Doces,5,"23,88",,Balcão,Cartão Crédito,"8,71",Concluído
04/04/2025,PED-1865,,Trufa de Morango,Doces,3,"30,76",,Balcão,Cartão Débito,"14,75",Concluído
04/04/2025,PED-1865,,Bolo de Cenoura,Bolos,5,"8,07","0,82",Encomenda,Dinheiro,,Concluído
04/04/2025,PED-1865,,Bolo de Chocolate,Bolos,1,"25,60","1,40",WhatsApp,Cartão Débito,"10,41",Concluído
04/04/2025,PED-1865,,Torta Holandesa,Tortas,4,"32,06",,WhatsApp,Cartão Crédito,,Concluído
04/04/2025,PED-1866,,Torta Holandesa,Tortas,2,"20,74",,iFood,Cartão Crédito,"6,61",Concluído
04/04/2025,PED-1866,,Trufa de Morango,Doces,5,"17,61",,iFood,Cartão Crédito,"6,07",Concluído
04/04/2025,PED-1866,,Empada de Frango,Salgados,3,"23,20",,Encomenda,Cartão Débito,"9,78",Concluído
05/04/2025,PED-1867,,Trufa de Morango,Doces,5,"22,93","2,08",Encomenda,Cartão Débito,"9,45",Concluído
05/04/2025,PED-1867,,Pão de Queijo,Salgados,5,"15,44",,WhatsApp,Cartão Débito,"4,86",Concluído
05/04/2025,PED-1867,,Brigadeiro Gourmet,Doces,4,"21,83",,iFood,PIX,,Concluído
05/04/2025,PED-1867,,Bolo de Cenoura,Bolos,5,"28,81",,iFood,Dinheiro,,Concluído
05/04/2025,PED-1868,,Trufa de Maracujá,Doces,5,"11,82","2,56",iFood,PIX,,Concluído
05/04/2025,PED-1868,,Bolo de Chocolate,Bolos,2,"6,28",,Balcão,Cartão Crédito,,Concluído
05/04/2025,PED-1868,,Pão de Queijo,Salgados,5,"16,87",,iFood,Cartão Débito,"6,89",Concluído
05/04/2025,PED-1869,,Brigadeiro,Doces,5,"5,02",,Balcão,Cartão Débito,,Concluído
05/04/2025,PED-1870,,Torta de Limão,Tortas,5,"14,70","2,02",Balcão,Cartão Débito,"6,92",Concluído
05/04/2025,PED-1870,,Empada de Frango,Salgados,1,"14,68","0,88",Balcão,Dinheiro,,Concluído
05/04/2025,PED-1870,,Torta Holandesa,Tortas,1,"13,71",,Encomenda,Dinheiro,,Cancelado
05/04/2025,PED-1871,,Torta de Limão,Tortas,4,"19,64",,WhatsApp,Cartão Crédito,"8,90",Cancelado
05/04/2025,PED-1871,,Brigadeiro,Doces,3,"32,23","1,60",Encomenda,Dinheiro,"12,90",Concluído
05/04/2025,PED-1871,,Bolo de Chocolate,Bolos,4,"26,74","0,91",Balcão,Dinheiro,,Concluído
05/04/2025,PED-1872,,Trufa de Morango,Doces,1,"33,17",,iFood,PIX,"11,91",Cancelado
05/04/2025,PED-1872,,Trufa de Maracujá,Doces,1,"29,38","1,50",Encomenda,Cartão Crédito,"10,82",Concluído
05/04/2025,PED-1873,,Brigadeiro Gourmet,Doces,2,"20,47",,Encomenda,Cartão Crédito,"9,86",Concluído
05/04/2025,PED-1873,,Bolo de Chocolate,Bolos,4,"17,91",,Balcão,Dinheiro,"8,43",Concluído
05/04/2025,PED-1874,,Brigadeiro,Doces,3,"31,52",,Encomenda,Cartão Débito,"11,39",Cancelado
05/04/2025,PED-1874,,Torta de Limão,Tortas,3,"16,81",,iFood,PIX,,Concluído
05/04/2025,PED-1875,,Empada de Frango,Salgados,1,"17,80",,iFood,Cartão Débito,,Concluído
05/04/2025,PED-1875,,Brigadeiro,Doces,1,"13,93",,WhatsApp,PIX,"4,87",Concluído
06/04/2025,PED-1876,,Brigadeiro,Doces,2,"25,26",,WhatsApp,Cartão Débito,"10,33",Cancelado
06/04/2025,PED-1876,,Torta de Limão,Tortas,3,"18,14",,iFood,PIX,"7,56",Concluído
06/04/2025,PED-1876,,Bolo Red Velvet,Bolos,3,"10,73","0,75",Encomenda,Cartão Débito,"4,29",Cancelado
06/04/2025,PED-1876,,Coxinha,Salgados,4,"8,44",,Balcão,Cartão Débito,"2,62",Concluído
06/04/2025,PED-1877,,Brigadeiro Gourmet,Doces,4,"23,35",,WhatsApp,Cartão Débito,"10,57",Concluído
06/04/2025,PED-1878,,Coxinha,Salgados,4,"9,59",,Encomenda,PIX,"4,22",Concluído
06/04/2025,PED-1878,,Empada de Frango,Salgados,5,"16,85",,Balcão,PIX,"6,70",Concluído
06/04/2025,PED-1878,,Brigadeiro Gourmet,Doces,5,"10,11","1,05",WhatsApp,PIX,"4,62",Cancelado
06/04/2025,PED-1879,,Trufa de Morango,Doces,4,"26,01",,Balcão,Cartão Débito,,Concluído
06/04/2025,PED-1879,,Bolo de Chocolate,Bolos,5,"24,65",,Encomenda,PIX,"11,47",Concluído
06/04/2025,PED-1880,,Trufa de Maracujá,Doces,1,"12,43",,WhatsApp,Cartão Débito,"5,79",Concluído
06/04/2025,PED-1881,,Empada de Frango,Salgados,1,"28,12","1,41",WhatsApp,Cartão Débito,,Concluído
06/04/2025,PED-1881,,Bolo de Chocolate,Bolos,4,"20,62","0,72",WhatsApp,Cartão Crédito,"7,74",Cancelado
06/04/2025,PED-1881,,Bolo de Cenoura,Bolos,3,"7,67",,WhatsApp,Cartão Débito,,Concluído
06/04/2025,PED-1881,,Torta Holandesa,Tortas,4,"30,76",,Balcão,Dinheiro,"12,84",Concluído
06/04/2025,PED-1882,,Empada de Frango,Salgados,5,"29,39","1,37",WhatsApp,Cartão Débito,"8,91",Concluído
07/04/2025,PED-1883,,Torta de Limão,Tortas,3,"11,97",,iFood,Cartão Crédito,,Cancelado
07/04/2025,PED-1883,,Empada de Frango,Salgados,4,"20,18",,Encomenda,Cartão Débito,,Cancelado
07/04/2025,PED-1883,,Brigadeiro Gourmet,Doces,5,"19,27",,Balcão,PIX,,Concluído
07/04/2025,PED-1883,,Pão de Queijo,Salgados,4,"7,92","2,40",Balcão,PIX,,Concluído
07/04/2025,PED-1884,,Torta de Limão,Tortas,1,"23,50",,iFood,Cartão Débito,,Concluído
07/04/2025,PED-1884,,Pão de Queijo,Salgados,3,"9,05",,WhatsApp,Cartão Crédito,"4,09",Cancelado
07/04/2025,PED-1885,,Bolo de Cenoura,Bolos,2,"12,46",,Encomenda,Dinheiro,"4,99",Concluído
07/04/2025,PED-1886,,Pão de Queijo,Salgados,1,"27,06",,Balcão,PIX,"12,92",Concluído
07/04/2025,PED-1886,,Coxinha,Salgados,4,"23,23",,Encomenda,Cartão Crédito,"7,65",Cancelado
08/04/2025,PED-1887,,Bolo de Cenoura,Bolos,5,"25,66",,Encomenda,Dinheiro,,Concluído
08/04/2025,PED-1887,,Torta de Limão,Tortas,2,"12,99","2,22",Balcão,PIX,"5,83",Cancelado
08/04/2025,PED-1887,,Trufa de Maracujá,Doces,1,"8,26",,Encomenda,Cartão Débito,,Concluído
08/04/2025,PED-1888,,Trufa de Maracujá,Doces,4,"34,63",,iFood,Dinheiro,,Cancelado
08/04/2025,PED-1888,,Bolo de Cenoura,Bolos,1,"34,37",,iFood,PIX,"16,35",Concluído
08/04/2025,PED-1888,,Brigadeiro,Doces,4,"13,46",,Encomenda,PIX,,Concluído
08/04/2025,PED-1889,,Bolo Red Velvet,Bolos,3,"33,27","1,80",WhatsApp,Dinheiro,"11,37",Concluído
08/04/2025,PED-1889,,Coxinha,Salgados,3,"30,66",,Encomenda,Dinheiro,,Concluído
08/04/2025,PED-1889,,Bolo de Cenoura,Bolos,3,"30,92",,Encomenda,Cartão Crédito,"11,34",Concluído
08/04/2025,PED-1889,,Brigadeiro,Doces,4,"28,95",,Balcão,Dinheiro,"13,25",Concluído
08/04/2025,PED-1890,,Brigadeiro,Doces,2,"6,74",,Balcão,PIX,"2,26",Cancelado
08/04/2025,PED-1890,,Trufa de Morango,Doces,4,"29,35","2,46",WhatsApp,Cartão Débito,"10,81",Concluído
08/04/2025,PED-1890,,Pão de Queijo,Salgados,1,"26,34",,Encomenda,Dinheiro,"12,20",Concluído
08/04/2025,PED-1891,,Pão de Queijo,Salgados,4,"33,53",,WhatsApp,Cartão Débito,,Cancelado
08/04/2025,PED-1892,,Trufa de Morango,Doces,1,"20,29",,Balcão,PIX,,Concluído
08/04/2025,PED-1892,,Brigadeiro Gourmet,Doces,1,"13,76",,WhatsApp,Dinheiro,"4,70",Concluído
08/04/2025,PED-1892,,Bolo de Chocolate,Bolos,3,"30,95",,WhatsApp,Cartão Débito,"12,55",Concluído
09/04/2025,PED-1893,,Trufa de Morango,Doces,4,"25,28",,iFood,Cartão Crédito,"8,45",Concluído
09/04/2025,PED-1894,,Trufa de Maracujá,Doces,5,"18,46","2,41",Encomenda,Cartão Débito,"7,35",Concluído
09/04/2025,PED-1894,,Bolo de Cenoura,Bolos,4,"5,87",,Encomenda,Cartão Débito,,Concluído
09/04/2025,PED-1894,,Brigadeiro,Doces,3,"13,31",,Balcão,Cartão Crédito,"6,01",Concluído
09/04/2025,PED-1895,,Coxinha,Salgados,2,"14,11","1,04",Balcão,Cartão Débito,"5,57",Concluído
09/04/2025,PED-1895,,Torta de Limão,Tortas,1,"14,52",,Balcão,Cartão Débito,,Concluído
09/04/2025,PED-1895,,Trufa de Maracujá,Doces,4,"25,99",,WhatsApp,Cartão Débito,"8,46",Concluído
09/04/2025,PED-1895,,Empada de Frango,Salgados,1,"11,83",,WhatsApp,Dinheiro,"5,55",Cancelado
10/04/2025,PED-1896,,Coxinha,Salgados,3,"5,29",,Encomenda,Cartão Débito,"1,64",Concluído
10/04/2025,PED-1896,,Torta Holandesa,Tortas,2,"28,14",,Balcão,Dinheiro,"12,83",Cancelado
10/04/2025,PED-1896,,Bolo Red Velvet,Bolos,5,"24,77",,WhatsApp,PIX,,Concluído
10/04/2025,PED-1897,,Bolo de Chocolate,Bolos,4,"11,18","1,15",Balcão,Cartão Crédito,"3,75",Concluído
10/04/2025,PED-1897,,Pão de Queijo,Salgados,2,"10,90",,WhatsApp,PIX,"5,21",Concluído
10/04/2025,PED-1897,,Empada de Frango,Salgados,1,"9,08",,Encomenda,Dinheiro,"3,27",Concluído
10/04/2025,PED-1897,,Coxinha,Salgados,1,"13,81",,WhatsApp,Dinheiro,"5,24",Concluído
10/04/2025,PED-1898,,Bolo de Chocolate,Bolos,3,"29,35",,WhatsApp,Dinheiro,"13,51",Cancelado
11/04/2025,PED-1899,,Bolo de Chocolate,Bolos,4,"18,88",,WhatsApp,PIX,"6,02",Concluído
11/04/2025,PED-1900,,Bolo de Chocolate,Bolos,2,"23,89","2,07",Balcão,Cartão Crédito,"10,76",Concluído
11/04/2025,PED-1901,,Bolo de Cenoura,Bolos,5,"13,36","2,58",Encomenda,Dinheiro,"5,99",Concluído
11/04/2025,PED-1901,,Torta Holandesa,Tortas,2,"25,30",,iFood,Cartão Débito,"11,75",Concluído
11/04/2025,PED-1902,,Coxinha,Salgados,5,"9,54",,iFood,Cartão Débito,"2,87",Concluído
11/04/2025,PED-1903,,Bolo de Chocolate,Bolos,2,"17,00",,Balcão,PIX,"7,30",Concluído
11/04/2025,PED-1903,,Bolo Red Velvet,Bolos,2,"12,41",,WhatsApp,Dinheiro,,Cancelado
11/04/2025,PED-1903,,Brigadeiro,Doces,3,"16,12","2,39",Encomenda,PIX,,Concluído
11/04/2025,PED-1903,,Brigadeiro Gourmet,Doces,1,"30,27",,iFood,Dinheiro,"12,86",Concluído
11/04/2025,PED-1904,,Coxinha,Salgados,4,"8,23",,Balcão,PIX,,Concluído
11/04/2025,PED-1904,,Trufa de Morango,Doces,3,"19,12",,Balcão,Dinheiro,"5,87",Cancelado
11/04/2025,PED-1905,,Trufa de Maracujá,Doces,5,"26,99",,Encomenda,Cartão Débito,"10,41",Cancelado
11/04/2025,PED-1906,,Brigadeiro Gourmet,Doces,4,"26,04",,Balcão,Cartão Débito,"13,01",Concluído
11/04/2025,PED-1906,,Coxinha,Salgados,3,"23,68",,Balcão,Dinheiro,"10,21",Cancelado
11/04/2025,PED-1906,,Empada de Frango,Salgados,4,"6,33",,Balcão,Cartão Crédito,"2,27",Cancelado
11/04/2025,PED-1906,,Trufa de Morango,Doces,5,"34,74",,WhatsApp,PIX,"17,10",Concluído
12/04/2025,PED-1907,,Empada de Frango,Salgados,1,"23,39",,Encomenda,Cartão Débito,"9,70",Concluído
12/04/2025,PED-1907,,Trufa de Morango,Doces,2,"22,68",,WhatsApp,Cartão Crédito,"11,33",Concluído
12/04/2025,PED-1907,,Brigadeiro Gourmet,Doces,3,"5,59",,WhatsApp,Dinheiro,"1,90",Concluído
12/04/2025,PED-1908,,Bolo de Chocolate,Bolos,5,"27,46",,Encomenda,Cartão Crédito,,Concluído
12/04/2025,PED-1909,,Pão de Queijo,Salgados,1,"5,19",,Balcão,Dinheiro,"1,68",Cancelado
12/04/2025,PED-1910,,Trufa de Morango,Doces,2,"28,25",,Encomenda,Cartão Crédito,"11,26",Cancelado
12/04/2025,PED-1911,,Trufa de Morango,Doces,5,"5,36",,Balcão,Cartão Crédito,"2,66",Concluído
12/04/2025,PED-1912,,Trufa de Morango,Doces,1,"7,07",,WhatsApp,Cartão Crédito,,Concluído
12/04/2025,PED-1912,,Brigadeiro,Doces,2,"8,96","2,93",Balcão,Cartão Débito,"2,86",Concluído
12/04/2025,PED-1912,,Bolo de Chocolate,Bolos,5,"32,12",,iFood,PIX,,Cancelado
12/04/2025,PED-1913,,Bolo Red Velvet,Bolos,3,"31,04",,WhatsApp,Cartão Débito,"10,57",Concluído
12/04/2025,PED-1913,,Bolo de Chocolate,Bolos,1,"21,83",,iFood,Cartão Débito,"9,05",Cancelado
12/04/2025,PED-1913,,Brigadeiro,Doces,3,"33,83","2,70",Balcão,Dinheiro,"11,15",Concluído
12/04/2025,PED-1914,,Brigadeiro Gourmet,Doces,1,"34,53",,Balcão,PIX,,Concluído
12/04/2025,PED-1914,,Torta de Limão,Tortas,2,"31,73","1,81",Balcão,PIX,"14,38",Concluído
12/04/2025,PED-1915,,Bolo de Chocolate,Bolos,5,"19,19",,WhatsApp,Cartão Crédito,"8,40",Concluído
12/04/2025,PED-1915,,Empada de Frango,Salgados,2,"19,68",,iFood,Cartão Crédito,"9,56",Concluído
12/04/2025,PED-1916,,Brigadeiro Gourmet,Doces,2,"8,57",,WhatsApp,Cartão Débito,,Concluído
12/04/2025,PED-1917,,Torta de Limão,Tortas,1,"22,14",,iFood,Cartão Débito,,Cancelado
12/04/2025,PED-1918,,Brigadeiro Gourmet,Doces,4,"32,26",,WhatsApp,Dinheiro,"13,55",Concluído
13/04/2025,PED-1919,,Bolo de Cenoura,Bolos,5,"10,23",,WhatsApp,PIX,"3,12",Concluído
13/04/2025,PED-1920,,Bolo de Cenoura,Bolos,3,"6,20",,Encomenda,Cartão Débito,"2,77",Concluído
13/04/2025,PED-1920,,Trufa de Maracujá,Doces,3,"34,92","1,29",iFood,PIX,,Concluído
13/04/2025,PED-1920,,Torta Holandesa,Tortas,4,"23,01",,Balcão,Dinheiro,"11,35",Concluído
13/04/2025,PED-1920,,Bolo Red Velvet,Bolos,1,"14,69","1,43",WhatsApp,Cartão Débito,,Concluído
13/04/2025,PED-1921,,Brigadeiro Gourmet,Doces,5,"19,32","2,96",WhatsApp,PIX,"9,65",Concluído
13/04/2025,PED-1921,,Brigadeiro,Doces,2,"9,15","2,61",WhatsApp,Cartão Crédito,,Concluído
13/04/2025,PED-1922,,Empada de Frango,Salgados,4,"21,05","2,30",Encomenda,PIX,,Concluído
13/04/2025,PED-1923,,Bolo de Cenoura,Bolos,5,"21,74",,iFood,Cartão Crédito,,Concluído
13/04/2025,PED-1923,,Pão de Queijo,Salgados,2,"8,29",,iFood,Dinheiro,,Concluído
13/04/2025,PED-1923,,Coxinha,Salgados,1,"21,90",,iFood,PIX,"8,68",Concluído
13/04/2025,PED-1924,,Trufa de Maracujá,Doces,3,"13,58",,Encomenda,PIX,,Concluído
13/04/2025,PED-1924,,Brigadeiro Gourmet,Doces,1,"11,17","1,36",iFood,PIX,,Concluído
13/04/2025,PED-1925,,Pão de Queijo,Salgados,3,"21,37",,Balcão,Dinheiro,,Concluído
13/04/2025,PED-1925,,Bolo Red Velvet,Bolos,5,"32,46",,WhatsApp,Cartão Crédito,"10,25",Concluído
13/04/2025,PED-1925,,Bolo de Chocolate,Bolos,4,"5,10",,iFood,PIX,"2,22",Concluído
13/04/2025,PED-1926,,Pão de Queijo,Salgados,4,"5,95",,Balcão,Cartão Débito,,Concluído
13/04/2025,PED-1926,,Trufa de Morango,Doces,1,"9,12",,iFood,PIX,"4,33",Concluído
13/04/2025,PED-1926,,Empada de Frango,Salgados,2,"8,36",,iFood,Cartão Crédito,"3,17",Concluído
13/04/2025,PED-1927,,Coxinha,Salgados,5,"9,11",,WhatsApp,PIX,,Concluído
13/04/2025,PED-1927,,Bolo Red Velvet,Bolos,2,"33,62","0,76",Balcão,Dinheiro,"14,06",Concluído
13/04/2025,PED-1928,,Bolo de Chocolate,Bolos,4,"17,19",,Encomenda,Dinheiro,"7,73",Cancelado
13/04/2025,PED-1928,,Torta Holandesa,Tortas,5,"24,11",,Balcão,Cartão Crédito,,Concluído
13/04/2025,PED-1928,,Brigadeiro,Doces,5,"19,53",,iFood,Dinheiro,,Cancelado
13/04/2025,PED-1929,,Torta de Limão,Tortas,3,"18,46",,Balcão,PIX,,Concluído
13/04/2025,PED-1929,,Coxinha,Salgados,2,"18,95",,Balcão,Cartão Crédito,,Concluído
13/04/2025,PED-1929,,Empada de Frango,Salgados,5,"27,86","2,23",WhatsApp,Cartão Crédito,"8,37",Cancelado
13/04/2025,PED-1930,,Torta Holandesa,Tortas,4,"14,28","0,78",Balcão,Cartão Crédito,"4,36",Concluído
13/04/2025,PED-1931,,Brigadeiro,Doces,5,"29,40","2,12",Balcão,PIX,"11,70",Concluído
13/04/2025,PED-1931,,Torta de Limão,Tortas,2,"18,87","0,60",Balcão,Dinheiro,,Concluído
13/04/2025,PED-1932,,Empada de Frango,Salgados,3,"20,00",,iFood,PIX,"8,60",Concluído
13/04/2025,PED-1932,,Bolo de Chocolate,Bolos,4,"13,73",,Encomenda,Dinheiro,"6,38",Concluído
13/04/2025,PED-1932,,Torta Holandesa,Tortas,4,"29,67",,iFood,Cartão Crédito,,Concluído
13/04/2025,PED-1933,,Trufa de Morango,Doces,3,"23,12","0,66",Balcão,PIX,,Cancelado
13/04/2025,PED-1934,,Torta Holandesa,Tortas,1,"18,18",,iFood,PIX,,Concluído
13/04/2025,PED-1934,,Bolo Red Velvet,Bolos,1,"7,97",,iFood,PIX,"2,97",Concluído
13/04/2025,PED-1934,,Bolo de Cenoura,Bolos,1,"13,67",,iFood,Dinheiro,"4,88",Concluído
13/04/2025,PED-1935,,Bolo de Chocolate,Bolos,1,"17,34","2,39",Balcão,Dinheiro,,Concluído
13/04/2025,PED-1936,,Bolo de Chocolate,Bolos,3,"9,13",,Encomenda,Cartão Débito,"4,05",Concluído
13/04/2025,PED-1936,,Bolo Red Velvet,Bolos,2,"34,20",,Balcão,Dinheiro,"14,02",Concluído
14/04/2025,PED-1937,,Coxinha,Salgados,4,"11,36","1,79",Balcão,Cartão Débito,,Concluído
14/04/2025,PED-1937,,Trufa de Morango,Doces,5,"15,10",,Balcão,PIX,,Cancelado
14/04/2025,PED-1937,,Brigadeiro Gourmet,Doces,4,"8,12","2,82",WhatsApp,Cartão Débito,"2,59",Cancelado
14/04/2025,PED-1938,,Empada de Frango,Salgados,2,"15,63",,Encomenda,PIX,,Concluído
14/04/2025,PED-1938,,Bolo de Cenoura,Bolos,1,"20,70",,Encomenda,Cartão Débito,,Concluído
14/04/2025,PED-1938,,Trufa de Maracujá,Doces,4,"22,31",,Balcão,Dinheiro,"6,98",Concluído
14/04/2025,PED-1938,,Pão de Queijo,Salgados,1,"13,33","2,61",iFood,Cartão Crédito,"5,02",Cancelado
14/04/2025,PED-1939,,Coxinha,Salgados,1,"34,60",,WhatsApp,Dinheiro,"12,50",Concluído
14/04/2025,PED-1939,,Torta de Limão,Tortas,3,"23,11",,iFood,Cartão Crédito,,Concluído
16/04/2025,PED-1940,,Trufa de Morango,Doces,2,"21,49","2,78",iFood,Dinheiro,"8,66",Concluído
16/04/2025,PED-1940,,Torta de Limão,Tortas,4,"22,06",,Encomenda,PIX,"9,49",Concluído
16/04/2025,PED-1940,,Empada de Frango,Salgados,1,"24,58",,WhatsApp,Cartão Crédito,,Concluído
16/04/2025,PED-1941,,Torta Holandesa,Tortas,5,"13,92","1,60",Encomenda,Dinheiro,,Concluído
16/04/2025,PED-1941,,Bolo Red Velvet,Bolos,5,"26,17",,iFood,PIX,"11,48",Concluído
16/04/2025,PED-1941,,Trufa de Maracujá,Doces,3,"5,24",,WhatsApp,Cartão Crédito,,Concluído
16/04/2025,PED-1941,,Torta de Limão,Tortas,4,"28,66",,iFood,Cartão Crédito,,Concluído
16/04/2025,PED-1942,,Bolo de Chocolate,Bolos,3,"32,92","1,55",Encomenda,Cartão Crédito,"12,99",Concluído
16/04/2025,PED-1942,,Trufa de Maracujá,Doces,3,"19,10","0,90",Balcão,PIX,,Cancelado
16/04/2025,PED-1942,,Brigadeiro,Doces,2,"15,63",,WhatsApp,Cartão Crédito,"7,37",Concluído
16/04/2025,PED-1943,,Bolo de Chocolate,Bolos,2,"12,18",,Encomenda,Cartão Débito,"3,83",Concluído
16/04/2025,PED-1943,,Bolo Red Velvet,Bolos,5,"22,44","0,80",iFood,PIX,"7,46",Cancelado
16/04/2025,PED-1944,,Bolo de Cenoura,Bolos,4,"27,62",,Balcão,Cartão Crédito,"9,25",Cancelado
16/04/2025,PED-1944,,Brigadeiro Gourmet,Doces,2,"5,32",,Encomenda,Dinheiro,"2,55",Concluído
16/04/2025,PED-1944,,Torta de Limão,Tortas,2,"15,90","2,23",Balcão,Cartão Crédito,"7,40",Cancelado
16/04/2025,PED-1945,,Bolo de Cenoura,Bolos,4,"23,45",,Balcão,Cartão Crédito,,Concluído
16/04/2025,PED-1946,,Bolo de Chocolate,Bolos,5,"16,92",,WhatsApp,Cartão Débito,"7,90",Concluído
16/04/2025,PED-1946,,Trufa de Maracujá,Doces,5,"20,43",,Encomenda,PIX,,Cancelado
16/04/2025,PED-1946,,Torta Holandesa,Tortas,4,"16,41",,Balcão,PIX,,Cancelado
16/04/2025,PED-1946,,Pão de Queijo,Salgados,4,"6,33",,iFood,Cartão Débito,"2,09",Concluído
16/04/2025,PED-1947,,Torta Holandesa,Tortas,2,"14,21",,Encomenda,PIX,,Cancelado
16/04/2025,PED-1947,,Pão de Queijo,Salgados,2,"8,56",,WhatsApp,Cartão Débito,,Concluído
16/04/2025,PED-1948,,Pão de Queijo,Salgados,4,"10,13","2,33",WhatsApp,Cartão Crédito,"4,34",Concluído
16/04/2025,PED-1948,,Trufa de Morango,Doces,3,"27,64",,iFood,Dinheiro,"9,75",Concluído
16/04/2025,PED-1948,,Bolo de Chocolate,Bolos,1,"34,60","1,79",Encomenda,Cartão Débito,"10,39",Concluído
16/04/2025,PED-1949,,Bolo Red Velvet,Bolos,5,"6,82",,WhatsApp,Dinheiro,"3,19",Concluído
16/04/2025,PED-1950,,Bolo de Cenoura,Bolos,2,"17,25",,Balcão,PIX,"7,04",Concluído
16/04/2025,PED-1950,,Trufa de Maracujá,Doces,3,"11,42",,WhatsApp,PIX,"3,82",Concluído
16/04/2025,PED-1951,,Bolo de Chocolate,Bolos,3,"11,30",,Balcão,PIX,"5,58",Concluído
17/04/2025,PED-1952,,Brigadeiro,Doces,5,"21,58",,WhatsApp,PIX,,Concluído
17/04/2025,PED-1953,,Bolo Red Velvet,Bolos,4,"15,08",,Balcão,Cartão Débito,"4,92",Cancelado
17/04/2025,PED-1953,,Brigadeiro Gourmet,Doces,2,"27,05",,iFood,Cartão Débito,,Concluído
17/04/2025,PED-1954,,Pão de Queijo,Salgados,3,"23,19","2,42",WhatsApp,Dinheiro,"11,01",Concluído
17/04/2025,PED-1954,,Bolo de Chocolate,Bolos,2,"10,84","2,97",Encomenda,Cartão Débito,"3,41",Cancelado
17/04/2025,PED-1955,,Brigadeiro Gourmet,Doces,4,"5,60",,WhatsApp,Cartão Crédito,,Concluído
17/04/2025,PED-1955,,Bolo Red Velvet,Bolos,1,"30,48",,WhatsApp,Dinheiro,"11,86",Concluído
17/04/2025,PED-1955,,Bolo de Cenoura,Bolos,2,"20,25","2,34",iFood,Cartão Crédito,"7,79",Concluído
17/04/2025,PED-1956,,Torta de Limão,Tortas,4,"30,78","1,14",Balcão,Cartão Crédito,"14,80",Concluído
17/04/2025,PED-1956,,Empada de Frango,Salgados,2,"23,37",,iFood,Cartão Débito,"7,75",Concluído
17/04/2025,PED-1957,,Bolo de Chocolate,Bolos,1,"33,88",,iFood,Cartão Débito,,Concluído
17/04/2025,PED-1957,,Brigadeiro,Doces,1,"18,01",,WhatsApp,Dinheiro,,Cancelado
17/04/2025,PED-1957,,Bolo Red Velvet,Bolos,1,"31,20",,Balcão,Cartão Crédito,,Concluído
17/04/2025,PED-1958,,Torta de Limão,Tortas,2,"29,79",,WhatsApp,Dinheiro,,Cancelado
17/04/2025,PED-1958,,Bolo Red Velvet,Bolos,2,"27,33",,iFood,Dinheiro,,Cancelado
17/04/2025,PED-1958,,Brigadeiro Gourmet,Doces,1,"12,38","1,27",Encomenda,PIX,"4,78",Concluído
17/04/2025,PED-1958,,Coxinha,Salgados,2,"14,60","2,00",Balcão,PIX,"5,42",Concluído
18/04/2025,PED-1959,,Trufa de Morango,Doces,3,"26,28",,WhatsApp,PIX,,Concluído
18/04/2025,PED-1959,,Brigadeiro Gourmet,Doces,4,"33,65","2,31",Balcão,Cartão Débito,"15,40",Concluído
18/04/2025,PED-1959,,Bolo de Chocolate,Bolos,2,"24,75",,iFood,Cartão Débito,"11,99",Concluído
18/04/2025,PED-1960,,Bolo Red Velvet,Bolos,3,"12,51",,Encomenda,PIX,"4,63",Concluído
18/04/2025,PED-1960,,Empada de Frango,Salgados,2,"23,31","1,91",WhatsApp,Dinheiro,"10,53",Concluído
18/04/2025,PED-1960,,Torta Holandesa,Tortas,2,"11,94",,WhatsApp,Dinheiro,"4,94",Concluído
18/04/2025,PED-1960,,Pão de Queijo,Salgados,4,"29,80",,Encomenda,Dinheiro,,Concluído
18/04/2025,PED-1961,,Trufa de Morango,Doces,5,"7,15","1,42",iFood,Dinheiro,"2,24",Concluído
18/04/2025,PED-1961,,Bolo de Chocolate,Bolos,2,"34,37",,WhatsApp,PIX,"15,53",Concluído
18/04/2025,PED-1961,,Brigadeiro Gourmet,Doces,5,"13,22",,Encomenda,Dinheiro,"4,75",Concluído
18/04/2025,PED-1961,,Trufa de Maracujá,Doces,2,"29,24",,Encomenda,Dinheiro,,Cancelado
18/04/2025,PED-1962,,Coxinha,Salgados,1,"31,99","1,32",Encomenda,Dinheiro,"10,30",Concluído
18/04/2025,PED-1962,,Torta Holandesa,Tortas,2,"22,85",,iFood,Dinheiro,"9,25",Concluído
18/04/2025,PED-1963,,Brigadeiro,Doces,3,"13,18",,WhatsApp,PIX,"5,07",Concluído
18/04/2025,PED-1963,,Coxinha,Salgados,2,"13,42","2,51",iFood,Cartão Débito,"5,75",Concluído
18/04/2025,PED-1963,,Bolo Red Velvet,Bolos,3,"22,82",,Encomenda,Cartão Débito,,Concluído
18/04/2025,PED-1964,,Bolo de Cenoura,Bolos,4,"12,31","1,70",Encomenda,Dinheiro,"4,86",Concluído
18/04/2025,PED-1964,,Brigadeiro,Doces,2,"33,36",,WhatsApp,Dinheiro,,Concluído
18/04/2025,PED-1964,,Coxinha,Salgados,1,"22,55",,Balcão,Cartão Crédito,,Concluído
18/04/2025,PED-1965,,Coxinha,Salgados,5,"30,38",,Balcão,PIX,"13,35",Concluído
18/04/2025,PED-1966,,Coxinha,Salgados,3,"15,92","0,69",Encomenda,Cartão Débito,"5,63",Concluído
18/04/2025,PED-1966,,Brigadeiro Gourmet,Doces,4,"25,52",,Balcão,PIX,"11,53",Concluído
18/04/2025,PED-1967,,Empada de Frango,Salgados,2,"20,50",,WhatsApp,Cartão Crédito,"8,06",Concluído
18/04/2025,PED-1967,,Trufa de Maracujá,Doces,1,"7,58",,iFood,Cartão Débito,"2,61",Concluído
18/04/2025,PED-1967,,Brigadeiro,Doces,2,"15,97","0,73",WhatsApp,Cartão Débito,,Cancelado
18/04/2025,PED-1968,,Bolo de Chocolate,Bolos,2,"28,82",,iFood,Cartão Crédito,"11,10",Concluído
19/04/2025,PED-1969,,Empada de Frango,Salgados,4,"13,69","0,63",Balcão,Cartão Crédito,,Concluído
19/04/2025,PED-1969,,Torta Holandesa,Tortas,3,"22,02","2,79",WhatsApp,Cartão Crédito,,Concluído
19/04/2025,PED-1969,,Brigadeiro Gourmet,Doces,5,"21,55",,Balcão,Cartão Débito,"7,74",Cancelado
19/04/2025,PED-1969,,Pão de Queijo,Salgados,5,"29,94",,WhatsApp,Dinheiro,"11,82",Concluído
19/04/2025,PED-1970,,Trufa de Maracujá,Doces,5,"31,61",,Encomenda,Cartão Crédito,"10,97",Concluído
19/04/2025,PED-1970,,Bolo de Chocolate,Bolos,1,"18,82",,WhatsApp,PIX,"9,08",Concluído
19/04/2025,PED-1970,,Coxinha,Salgados,4,"21,23","2,15",Balcão,Cartão Crédito,,Concluído
19/04/2025,PED-1971,,Empada de Frango,Salgados,2,"10,55",,Encomenda,Cartão Débito,"5,03",Concluído
19/04/2025,PED-1972,,Empada de Frango,Salgados,5,"23,51","2,15",iFood,Dinheiro,"9,41",Concluído
19/04/2025,PED-1973,,Brigadeiro,Doces,2,"17,47","2,28",Balcão,Cartão Débito,,Concluído
19/04/2025,PED-1973,,Pão de Queijo,Salgados,3,"5,89",,Encomenda,Dinheiro,"1,90",Concluído
19/04/2025,PED-1973,,Trufa de Morango,Doces,5,"31,53",,Encomenda,Dinheiro,"11,99",Concluído
19/04/2025,PED-1973,,Torta Holandesa,Tortas,2,"21,00",,Encomenda,PIX,,Cancelado
19/04/2025,PED-1974,,Coxinha,Salgados,5,"12,85",,Balcão,PIX,,Concluído
19/04/2025,PED-1975,,Empada de Frango,Salgados,4,"11,30",,WhatsApp,PIX,,Concluído
19/04/2025,PED-1976,,Coxinha,Salgados,5,"5,24",,WhatsApp,Cartão Crédito,,Cancelado
20/04/2025,PED-1977,,Torta Holandesa,Tortas,2,"26,93",,WhatsApp,Cartão Débito,,Concluído
20/04/2025,PED-1977,,Pão de Queijo,Salgados,5,"33,14",,Encomenda,Cartão Crédito,"12,32",Concluído
20/04/2025,PED-1978,,Pão de Queijo,Salgados,4,"27,06",,WhatsApp,Cartão Débito,"13,50",Concluído
20/04/2025,PED-1978,,Bolo Red Velvet,Bolos,5,"27,99",,WhatsApp,Dinheiro,,Concluído
20/04/2025,PED-1978,,Bolo de Cenoura,Bolos,1,"33,41",,Balcão,Cartão Crédito,"13,37",Concluído
20/04/2025,PED-1978,,Trufa de Maracujá,Doces,3,"31,25",,iFood,Dinheiro,,Concluído
20/04/2025,PED-1979,,Torta de Limão,Tortas,5,"31,78",,Balcão,Dinheiro,"15,50",Concluído
20/04/2025,PED-1979,,Brigadeiro Gourmet,Doces,5,"7,22",,Encomenda,Dinheiro,"2,59",Concluído
20/04/2025,PED-1979,,Pão de Queijo,Salgados,5,"6,27",,Balcão,Cartão Crédito,"3,00",Concluído
20/04/2025,PED-1979,,Bolo Red Velvet,Bolos,2,"21,47",,Encomenda,PIX,,Concluído
20/04/2025,PED-1980,,Empada de Frango,Salgados,1,"32,05",,iFood,PIX,"13,84",Concluído
20/04/2025,PED-1980,,Trufa de Maracujá,Doces,3,"30,85",,Balcão,Cartão Crédito,"9,26",Concluído
20/04/2025,PED-1980,,Bolo de Chocolate,Bolos,4,"12,02","1,53",WhatsApp,Dinheiro,"4,94",Concluído
20/04/2025,PED-1981,,Coxinha,Salgados,2,"7,32","2,86",iFood,Cartão Débito,"3,51",Concluído
20/04/2025,PED-1982,,Trufa de Maracujá,Doces,2,"20,62",,Encomenda,Dinheiro,"8,33",Concluído
20/04/2025,PED-1982,,Pão de Queijo,Salgados,1,"12,31",,WhatsApp,Cartão Débito,,Concluído
20/04/2025,PED-1983,,Brigadeiro,Doces,5,"5,76",,Encomenda,Cartão Débito,,Concluído
20/04/2025,PED-1983,,Trufa de Morango,Doces,2,"5,36",,Balcão,PIX,"2,04",Cancelado
20/04/2025,PED-1983,,Pão de Queijo,Salgados,4,"20,43",,iFood,PIX,,Concluído
20/04/2025,PED-1984,,Bolo Red Velvet,Bolos,3,"19,41","1,06",Encomenda,Cartão Débito,"8,74",Concluído
20/04/2025,PED-1984,,Brigadeiro Gourmet,Doces,1,"32,83",,iFood,PIX,,Concluído
20/04/2025,PED-1984,,Bolo de Chocolate,Bolos,5,"19,42","1,65",Encomenda,Cartão Crédito,"7,26",Concluído
20/04/2025,PED-1985,,Bolo Red Velvet,Bolos,1,"22,52","1,47",Encomenda,Cartão Débito,,Cancelado
20/04/2025,PED-1985,,Brigadeiro,Doces,2,"8,01",,WhatsApp,PIX,"3,17",Concluído
20/04/2025,PED-1986,,Bolo Red Velvet,Bolos,2,"20,84","0,92",Encomenda,Cartão Crédito,"6,78",Concluído
20/04/2025,PED-1986,,Pão de Queijo,Salgados,4,"7,97","2,92",Encomenda,PIX,"3,81",Cancelado
20/04/2025,PED-1986,,Empada de Frango,Salgados,5,"29,70",,Encomenda,Cartão Crédito,"12,19",Cancelado
20/04/2025,PED-1987,,Torta Holandesa,Tortas,4,"20,24",,WhatsApp,Dinheiro,"7,10",Cancelado
20/04/2025,PED-1987,,Coxinha,Salgados,5,"15,30",,WhatsApp,Dinheiro,"5,20",Concluído
20/04/2025,PED-1987,,Torta de Limão,Tortas,4,"10,16",,iFood,Dinheiro,"3,18",Concluído
20/04/2025,PED-1987,,Bolo Red Velvet,Bolos,2,"21,33",,iFood,PIX,,Concluído
20/04/2025,PED-1988,,Torta Holandesa,Tortas,3,"13,91",,Encomenda,Cartão Débito,"6,43",Concluído
20/04/2025,PED-1988,,Pão de Queijo,Salgados,5,"31,03",,Encomenda,Cartão Débito,"13,11",Concluído
20/04/2025,PED-1988,,Bolo de Cenoura,Bolos,2,"17,17",,WhatsApp,Dinheiro,"5,18",Cancelado
20/04/2025,PED-1989,,Brigadeiro,Doces,1,"14,50","1,95",Encomenda,Dinheiro,,Cancelado
20/04/2025,PED-1989,,Trufa de Maracujá,Doces,5,"15,69","2,81",Balcão,Cartão Débito,"7,64",Concluído
20/04/2025,PED-1990,,Bolo de Chocolate,Bolos,3,"24,40",,Balcão,Cartão Crédito,"9,31",Cancelado
20/04/2025,PED-1990,,Bolo de Cenoura,Bolos,4,"18,64",,Balcão,Cartão Débito,,Concluído
21/04/2025,PED-1991,,Brigadeiro Gourmet,Doces,1,"14,23",,Encomenda,Dinheiro,"6,02",Concluído
21/04/2025,PED-1991,,Bolo de Cenoura,Bolos,4,"7,12","1,75",Encomenda,Cartão Débito,"2,37",Concluído
21/04/2025,PED-1991,,Bolo Red Velvet,Bolos,4,"14,24",,WhatsApp,Cartão Débito,,Cancelado
21/04/2025,PED-1991,,Trufa de Maracujá,Doces,5,"28,91",,WhatsApp,PIX,"11,65",Concluído
21/04/2025,PED-1992,,Brigadeiro,Doces,2,"17,21",,iFood,Cartão Débito,,Concluído
21/04/2025,PED-1993,,Empada de Frango,Salgados,4,"16,09",,Encomenda,PIX,"7,91",Concluído
21/04/2025,PED-1993,,Pão de Queijo,Salgados,1,"17,91",,Encomenda,Cartão Crédito,,Concluído
21/04/2025,PED-1993,,Bolo de Chocolate,Bolos,5,"8,12","0,68",iFood,Dinheiro,,Concluído
21/04/2025,PED-1994,,Torta de Limão,Tortas,5,"27,04",,iFood,Dinheiro,"10,18",Cancelado
21/04/2025,PED-1994,,Bolo Red Velvet,Bolos,5,"8,00",,Balcão,Dinheiro,"2,95",Concluído
21/04/2025,PED-1995,,Brigadeiro Gourmet,Doces,3,"32,40",,Balcão,Cartão Crédito,,Concluído
21/04/2025,PED-1995,,Torta Holandesa,Tortas,1,"5,11",,Balcão,Cartão Débito,"2,44",Concluído
21/04/2025,PED-1995,,Pão de Queijo,Salgados,1,"17,76",,WhatsApp,PIX,,Concluído
21/04/2025,PED-1995,,Trufa de Morango,Doces,5,"8,33",,WhatsApp,Dinheiro,"3,15",Concluído
21/04/2025,PED-1996,,Empada de Frango,Salgados,3,"33,03",,Balcão,PIX,,Concluído
21/04/2025,PED-1996,,Torta Holandesa,Tortas,2,"18,17",,iFood,Cartão Crédito,"8,72",Cancelado
21/04/2025,PED-1996,,Trufa de Morango,Doces,2,"13,46",,WhatsApp,Dinheiro,"5,16",Concluído
21/04/2025,PED-1997,,Brigadeiro Gourmet,Doces,1,"25,77","2,45",Encomenda,Dinheiro,"10,33",Cancelado
21/04/2025,PED-1997,,Torta Holandesa,Tortas,1,"11,88",,iFood,PIX,"5,02",Concluído
21/04/2025,PED-1997,,Bolo de Chocolate,Bolos,2,"8,76",,Encomenda,Dinheiro,,Concluído
21/04/2025,PED-1997,,Empada de Frango,Salgados,5,"18,73",,Encomenda,PIX,"6,90",Concluído
21/04/2025,PED-1998,,Bolo de Cenoura,Bolos,4,"29,33",,WhatsApp,PIX,,Concluído
21/04/2025,PED-1999,,Brigadeiro,Doces,1,"32,77","1,71",iFood,Cartão Débito,,Concluído
21/04/2025,PED-1999,,Pão de Queijo,Salgados,1,"24,67",,WhatsApp,Dinheiro,,Concluído
21/04/2025,PED-1999,,Coxinha,Salgados,3,"7,60",,iFood,PIX,,Cancelado
21/04/2025,PED-2000,,Trufa de Morango,Doces,2,"21,71","2,73",Encomenda,Dinheiro,"7,93",Concluído
21/04/2025,PED-2000,,Coxinha,Salgados,1,"14,50","0,85",Balcão,PIX,"5,90",Concluído
21/04/2025,PED-2000,,Torta Holandesa,Tortas,5,"24,91","2,82",Encomenda,Dinheiro,"11,99",Concluído
21/04/2025,PED-2001,,Trufa de Morango,Doces,1,"14,68","1,51",iFood,Dinheiro,"6,83",Concluído
21/04/2025,PED-2002,,Torta de Limão,Tortas,4,"30,93",,Balcão,Dinheiro,,Concluído
21/04/2025,PED-2003,,Pão de Queijo,Salgados,2,"9,84",,WhatsApp,Cartão Débito,,Concluído
21/04/2025,PED-2004,,Pão de Queijo,Salgados,3,"15,74",,Encomenda,Cartão Débito,,Cancelado
21/04/2025,PED-2005,,Torta Holandesa,Tortas,5,"9,59",,Balcão,Dinheiro,,Cancelado
21/04/2025,PED-2005,,Pão de Queijo,Salgados,5,"34,35",,iFood,Cartão Crédito,"16,94",Concluído
21/04/2025,PED-2005,,Trufa de Maracujá,Doces,3,"32,09",,WhatsApp,Dinheiro,,Concluído
21/04/2025,PED-2005,,Brigadeiro,Doces,5,"16,70",,iFood,PIX,,Cancelado
22/04/2025,PED-2006,,Torta de Limão,Tortas,1,"27,98","2,33",WhatsApp,Cartão Débito,"10,35",Concluído
22/04/2025,PED-2007,,Trufa de Morango,Doces,5,"11,87",,Encomenda,Dinheiro,"4,73",Concluído
22/04/2025,PED-2007,,Torta Holandesa,Tortas,4,"33,64",,Balcão,Cartão Crédito,"15,55",Concluído
22/04/2025,PED-2007,,Bolo Red Velvet,Bolos,5,"17,68",,WhatsApp,Cartão Crédito,"6,35",Concluído
22/04/2025,PED-2008,,Bolo Red Velvet,Bolos,3,"13,05",,Balcão,Cartão Débito,"4,86",Concluído
22/04/2025,PED-2009,,Bolo de Cenoura,Bolos,2,"23,07",,iFood,Cartão Crédito,"10,65",Concluído
23/04/2025,PED-2010,,Trufa de Maracujá,Doces,2,"10,28",,iFood,Cartão Débito,"3,58",Concluído
23/04/2025,PED-2011,,Bolo de Chocolate,Bolos,3,"34,97",,iFood,Cartão Crédito,,Cancelado
23/04/2025,PED-2011,,Trufa de Morango,Doces,3,"7,22","2,35",Balcão,Cartão Crédito,"3,51",Concluído
23/04/2025,PED-2011,,Brigadeiro Gourmet,Doces,4,"17,30",,Balcão,PIX,"6,53",Concluído
23/04/2025,PED-2012,,Torta Holandesa,Tortas,5,"15,80","1,67",Encomenda,Dinheiro,"4,76",Concluído
23/04/2025,PED-2012,,Pão de Queijo,Salgados,4,"14,94","2,66",Balcão,Cartão Débito,,Concluído
23/04/2025,PED-2012,,Coxinha,Salgados,1,"5,24",,Encomenda,Cartão Crédito,"2,20",Concluído
23/04/2025,PED-2013,,Brigadeiro,Doces,5,"33,27","2,28",WhatsApp,Cartão Crédito,"14,52",Concluído
23/04/2025,PED-2013,,Bolo Red Velvet,Bolos,1,"15,61",,Encomenda,Cartão Crédito,"7,06",Concluído
23/04/2025,PED-2014,,Brigadeiro Gourmet,Doces,4,"22,99",,WhatsApp,PIX,,Cancelado
23/04/2025,PED-2014,,Bolo Red Velvet,Bolos,2,"18,85",,Balcão,Cartão Débito,"6,34",Concluído
23/04/2025,PED-2015,,Trufa de Morango,Doces,2,"30,26",,WhatsApp,Cartão Débito,"10,85",Concluído
23/04/2025,PED-2016,,Pão de Queijo,Salgados,5,"29,20",,Encomenda,Cartão Débito,,Concluído
23/04/2025,PED-2017,,Trufa de Maracujá,Doces,3,"16,00","0,82",iFood,Cartão Crédito,"7,76",Cancelado
24/04/2025,PED-2018,,Brigadeiro,Doces,2,"27,57",,iFood,PIX,"12,86",Concluído
24/04/2025,PED-2019,,Bolo Red Velvet,Bolos,2,"30,61",,WhatsApp,PIX,"12,04",Concluído
24/04/2025,PED-2019,,Trufa de Morango,Doces,5,"21,96",,Encomenda,Cartão Débito,,Concluído
24/04/2025,PED-2020,,Coxinha,Salgados,2,"5,14",,Balcão,Cartão Débito,"1,93",Cancelado
24/04/2025,PED-2021,,Bolo Red Velvet,Bolos,2,"17,46",,Encomenda,Cartão Débito,"8,11",Concluído
24/04/2025,PED-2021,,Pão de Queijo,Salgados,4,"10,41",,Encomenda,Cartão Crédito,,Concluído
24/04/2025,PED-2021,,Empada de Frango,Salgados,2,"25,73","1,59",Balcão,Cartão Crédito,"9,62",Concluído
24/04/2025,PED-2022,,Bolo de Chocolate,Bolos,4,"15,03",,Encomenda,Cartão Débito,,Concluído
24/04/2025,PED-2023,,Brigadeiro Gourmet,Doces,4,"28,49",,WhatsApp,Dinheiro,"12,22",Cancelado
24/04/2025,PED-2024,,Pão de Queijo,Salgados,4,"32,82",,Balcão,Cartão Débito,,Cancelado
24/04/2025,PED-2024,,Torta Holandesa,Tortas,5,"33,92",,iFood,Cartão Débito,"14,38",Concluído
24/04/2025,PED-2025,,Pão de Queijo,Salgados,4,"10,85","2,48",WhatsApp,Cartão Débito,"3,53",Concluído
24/04/2025,PED-2025,,Torta de Limão,Tortas,2,"9,15",,Balcão,Dinheiro,,Concluído
24/04/2025,PED-2025,,Brigadeiro,Doces,3,"30,22",,Balcão,PIX,"9,16",Concluído
24/04/2025,PED-2026,,Torta Holandesa,Tortas,5,"29,23",,iFood,PIX,,Concluído
24/04/2025,PED-2026,,Bolo Red Velvet,Bolos,4,"18,96","2,33",Encomenda,Dinheiro,,Cancelado
24/04/2025,PED-2026,,Torta de Limão,Tortas,5,"25,52",,Encomenda,Dinheiro,"10,33",Concluído
24/04/2025,PED-2026,,Brigadeiro,Doces,5,"31,92",,Encomenda,Dinheiro,"12,90",Concluído
24/04/2025,PED-2027,,Pão de Queijo,Salgados,3,"21,41",,iFood,Cartão Crédito,"9,64",Concluído
24/04/2025,PED-2027,,Torta de Limão,Tortas,3,"30,53","1,95",WhatsApp,Dinheiro,"13,30",Cancelado
24/04/2025,PED-2027,,Trufa de Maracujá,Doces,2,"23,21","1,01",Balcão,Dinheiro,,Cancelado
24/04/2025,PED-2028,,Trufa de Morango,Doces,4,"20,73",,iFood,Cartão Crédito,"7,55",Cancelado
24/04/2025,PED-2028,,Bolo de Cenoura,Bolos,3,"21,64","1,34",Encomenda,Cartão Débito,,Concluído
24/04/2025,PED-2029,,Coxinha,Salgados,3,"12,05","1,70",Encomenda,Cartão Crédito,"3,63",Concluído
24/04/2025,PED-2029,,Trufa de Maracujá,Doces,4,"26,34",,Balcão,Cartão Crédito,"8,20",Concluído
24/04/2025,PED-2029,,Bolo de Cenoura,Bolos,3,"19,45",,iFood,Cartão Débito,"9,30",Concluído
24/04/2025,PED-2030,,Brigadeiro Gourmet,Doces,5,"13,25","1,54",iFood,Cartão Crédito,"6,03",Concluído
24/04/2025,PED-2030,,Bolo de Chocolate,Bolos,1,"34,90",,Encomenda,PIX,,Concluído
24/04/2025,PED-2030,,Bolo Red Velvet,Bolos,3,"30,48",,Encomenda,Dinheiro,"10,43",Concluído
24/04/2025,PED-2030,,Brigadeiro,Doces,3,"6,85",,WhatsApp,Dinheiro,"3,06",Cancelado
24/04/2025,PED-2031,,Torta Holandesa,Tortas,5,"16,02","0,53",Encomenda,Cartão Crédito,,Cancelado
24/04/2025,PED-2031,,Bolo de Cenoura,Bolos,2,"24,94",,iFood,Dinheiro,"8,24",Concluído
24/04/2025,PED-2031,,Brigadeiro,Doces,4,"19,85",,Balcão,Cartão Crédito,"7,14",Concluído
25/04/2025,PED-2032,,Torta Holandesa,Tortas,5,"5,58","1,32",WhatsApp,Cartão Débito,,Concluído
25/04/2025,PED-2032,,Coxinha,Salgados,5,"18,79",,Balcão,PIX,"9,32",Cancelado
25/04/2025,PED-2032,,Brigadeiro Gourmet,Doces,3,"15,27",,Balcão,Cartão Débito,,Cancelado
25/04/2025,PED-2032,,Empada de Frango,Salgados,2,"29,59",,Balcão,Cartão Crédito,,Concluído
25/04/2025,PED-2033,,Bolo Red Velvet,Bolos,5,"8,94","2,40",Encomenda,Cartão Débito,,Cancelado
25/04/2025,PED-2033,,Bolo de Chocolate,Bolos,4,"22,89",,Balcão,Cartão Débito,,Concluído
25/04/2025,PED-2033,,Brigadeiro,Doces,4,"26,03",,WhatsApp,PIX,,Concluído
25/04/2025,PED-2034,,Pão de Queijo,Salgados,5,"31,27","2,73",iFood,Dinheiro,,Cancelado
25/04/2025,PED-2034,,Trufa de Maracujá,Doces,2,"22,21",,Balcão,Cartão Débito,"10,62",Cancelado
25/04/2025,PED-2035,,Torta Holandesa,Tortas,4,"23,81","2,64",Balcão,Cartão Crédito,"9,60",Concluído
25/04/2025,PED-2035,,Pão de Queijo,Salgados,1,"33,66","1,48",Balcão,Cartão Débito,"14,07",Concluído
25/04/2025,PED-2035,,Brigadeiro Gourmet,Doces,1,"26,69",,Encomenda,Cartão Débito,"8,78",Concluído
25/04/2025,PED-2035,,Bolo Red Velvet,Bolos,3,"28,06",,WhatsApp,PIX,,Concluído
25/04/2025,PED-2036,,Torta Holandesa,Tortas,4,"9,87",,WhatsApp,PIX,,Concluído
25/04/2025,PED-2036,,Bolo Red Velvet,Bolos,5,"32,82",,Encomenda,Cartão Débito,,Concluído
25/04/2025,PED-2036,,Brigadeiro,Doces,5,"34,26","2,10",iFood,Cartão Crédito,"16,36",Concluído
25/04/2025,PED-2036,,Coxinha,Salgados,3,"28,79",,Encomenda,Cartão Crédito,"13,19",Concluído
25/04/2025,PED-2037,,Brigadeiro,Doces,5,"8,17",,WhatsApp,Cartão Crédito,,Cancelado
25/04/2025,PED-2037,,Pão de Queijo,Salgados,3,"7,71",,iFood,Cartão Débito,"3,24",Cancelado
25/04/2025,PED-2037,,Empada de Frango,Salgados,4,"29,92","0,92",WhatsApp,Cartão Débito,,Cancelado
25/04/2025,PED-2038,,Trufa de Morango,Doces,1,"11,37","2,25",Encomenda,Dinheiro,"3,75",Concluído
25/04/2025,PED-2038,,Brigadeiro,Doces,5,"9,69",,Balcão,PIX,,Cancelado
25/04/2025,PED-2038,,Empada de Frango,Salgados,5,"31,50","1,83",Balcão,PIX,,Concluído
25/04/2025,PED-2038,,Bolo de Chocolate,Bolos,4,"31,57","0,51",Balcão,Dinheiro,"14,27",Concluído
25/04/2025,PED-2039,,Pão de Queijo,Salgados,5,"11,01",,WhatsApp,PIX,"4,63",Concluído
25/04/2025,PED-2039,,Bolo Red Velvet,Bolos,5,"33,93","2,19",Encomenda,Dinheiro,,Concluído
25/04/2025,PED-2039,,Brigadeiro,Doces,3,"34,23","0,61",Encomenda,PIX,"13,41",Concluído
25/04/2025,PED-2039,,Coxinha,Salgados,3,"18,85","2,26",WhatsApp,Dinheiro,"7,49",Concluído
26/04/2025,PED-2040,,Trufa de Maracujá,Doces,3,"32,90",,Encomenda,PIX,"14,10",Cancelado
26/04/2025,PED-2040,,Torta de Limão,Tortas,3,"16,21",,WhatsApp,Dinheiro,"8,04",Concluído
26/04/2025,PED-2040,,Bolo de Chocolate,Bolos,1,"17,75","1,28",Balcão,PIX,,Concluído
26/04/2025,PED-2041,,Bolo de Chocolate,Bolos,4,"26,94",,Encomenda,Dinheiro,,Concluído
26/04/2025,PED-2041,,Brigadeiro,Doces,4,"28,87","2,74",Balcão,PIX,,Concluído
26/04/2025,PED-2041,,Trufa de Morango,Doces,3,"31,16",,iFood,Cartão Crédito,"12,54",Concluído
26/04/2025,PED-2042,,Bolo de Chocolate,Bolos,4,"34,72",,Balcão,Cartão Crédito,,Concluído
26/04/2025,PED-2042,,Brigadeiro,Doces,5,"10,51","1,31",WhatsApp,Dinheiro,"4,20",Concluído
26/04/2025,PED-2042,,Trufa de Morango,Doces,4,"28,85","1,43",WhatsApp,PIX,,Concluído
26/04/2025,PED-2043,,Bolo de Cenoura,Bolos,5,"21,11",,WhatsApp,Dinheiro,,Concluído
26/04/2025,PED-2043,,Empada de Frango,Salgados,3,"27,90",,WhatsApp,PIX,,Concluído
26/04/2025,PED-2044,,Bolo de Cenoura,Bolos,5,"7,82",,Encomenda,Dinheiro,"3,25",Concluído
26/04/2025,PED-2044,,Trufa de Morango,Doces,3,"13,49","1,24",iFood,Cartão Crédito,,Concluído
26/04/2025,PED-2044,,Trufa de Maracujá,Doces,1,"34,78",,Encomenda,Cartão Débito,"14,95",Cancelado
26/04/2025,PED-2045,,Trufa de Morango,Doces,4,"7,60",,WhatsApp,Dinheiro,"2,52",Cancelado
26/04/2025,PED-2046,,Trufa de Morango,Doces,5,"28,12",,Balcão,PIX,,Concluído
26/04/2025,PED-2047,,Torta de Limão,Tortas,1,"33,63",,WhatsApp,Cartão Crédito,,Concluído
26/04/2025,PED-2047,,Coxinha,Salgados,1,"16,78",,WhatsApp,Cartão Crédito,"7,44",Concluído
26/04/2025,PED-2047,,Trufa de Morango,Doces,2,"32,21",,Balcão,PIX,,Concluído
26/04/2025,PED-2048,,Torta Holandesa,Tortas,5,"34,73",,Encomenda,Cartão Crédito,"16,60",Concluído
26/04/2025,PED-2048,,Bolo de Chocolate,Bolos,1,"23,82","2,03",Encomenda,Cartão Crédito,,Concluído
26/04/2025,PED-2048,,Pão de Queijo,Salgados,2,"5,06","1,30",iFood,PIX,,Concluído
26/04/2025,PED-2049,,Bolo Red Velvet,Bolos,2,"32,85",,Encomenda,Cartão Crédito,"16,34",Cancelado
26/04/2025,PED-2049,,Torta Holandesa,Tortas,4,"14,04",,Balcão,Dinheiro,,Concluído
26/04/2025,PED-2050,,Pão de Queijo,Salgados,3,"31,03","1,20",WhatsApp,PIX,"11,13",Concluído
26/04/2025,PED-2050,,Bolo de Cenoura,Bolos,1,"19,35",,iFood,Cartão Crédito,,Concluído
26/04/2025,PED-2050,,Trufa de Maracujá,Doces,4,"10,73",,Encomenda,PIX,"4,04",Concluído
26/04/2025,PED-2050,,Bolo Red Velvet,Bolos,1,"13,93",,Encomenda,Cartão Débito,,Concluído
27/04/2025,PED-2051,,Torta de Limão,Tortas,3,"8,79",,iFood,Dinheiro,"4,26",Concluído
27/04/2025,PED-2051,,Coxinha,Salgados,3,"18,70",,iFood,Cartão Débito,,Concluído
27/04/2025,PED-2051,,Trufa de Morango,Doces,4,"27,50",,WhatsApp,Dinheiro,"13,25",Concluído
27/04/2025,PED-2051,,Brigadeiro Gourmet,Doces,2,"24,20",,iFood,Cartão Crédito,"11,73",Concluído
27/04/2025,PED-2052,,Torta de Limão,Tortas,2,"28,76",,Encomenda,Cartão Crédito,"10,12",Cancelado
27/04/2025,PED-2052,,Coxinha,Salgados,2,"17,97",,Balcão,Cartão Débito,,Concluído
27/04/2025,PED-2052,,Brigadeiro Gourmet,Doces,3,"28,88",,Encomenda,Dinheiro,"12,42",Cancelado
27/04/2025,PED-2053,,Bolo de Chocolate,Bolos,5,"20,31",,Encomenda,PIX,"8,92",Concluído
27/04/2025,PED-2053,,Empada de Frango,Salgados,2,"17,78",,iFood,PIX,"8,67",Concluído
27/04/2025,PED-2054,,Empada de Frango,Salgados,4,"5,60",,Encomenda,Cartão Débito,"1,78",Concluído
27/04/2025,PED-2054,,Trufa de Morango,Doces,2,"17,33","1,34",Encomenda,Dinheiro,,Concluído
27/04/2025,PED-2054,,Bolo Red Velvet,Bolos,5,"22,52",,Balcão,Cartão Débito,"10,39",Concluído
27/04/2025,PED-2054,,Bolo de Cenoura,Bolos,2,"12,34","0,53",Balcão,PIX,"4,15",Cancelado
27/04/2025,PED-2055,,Trufa de Maracujá,Doces,3,"32,65",,Balcão,Cartão Débito,"14,63",Concluído
27/04/2025,PED-2055,,Torta de Limão,Tortas,4,"6,11","1,54",iFood,Cartão Débito,"2,21",Cancelado
27/04/2025,PED-2055,,Torta Holandesa,Tortas,2,"28,19",,Encomenda,Cartão Crédito,,Concluído
27/04/2025,PED-2055,,Bolo de Chocolate,Bolos,5,"13,42",,Balcão,Dinheiro,"4,39",Concluído
27/04/2025,PED-2056,,Pão de Queijo,Salgados,2,"12,54",,Balcão,Dinheiro,"5,40",Concluído
27/04/2025,PED-2056,,Bolo Red Velvet,Bolos,2,"9,66",,WhatsApp,PIX,"4,01",Concluído
27/04/2025,PED-2057,,Bolo Red Velvet,Bolos,2,"9,78",,iFood,Cartão Débito,,Concluído
27/04/2025,PED-2057,,Empada de Frango,Salgados,3,"32,82",,Encomenda,Cartão Débito,"11,06",Concluído
27/04/2025,PED-2057,,Trufa de Morango,Doces,4,"29,96",,Encomenda,Cartão Crédito,"12,48",Concluído
27/04/2025,PED-2058,,Bolo Red Velvet,Bolos,2,"19,60","1,61",Encomenda,PIX,,Concluído
27/04/2025,PED-2058,,Bolo de Chocolate,Bolos,5,"32,11",,WhatsApp,Cartão Débito,"12,66",Concluído
27/04/2025,PED-2058,,Pão de Queijo,Salgados,3,"8,77",,Encomenda,Cartão Débito,,Concluído
27/04/2025,PED-2059,,Brigadeiro Gourmet,Doces,4,"24,98",,Balcão,Cartão Crédito,"8,72",Concluído
27/04/2025,PED-2060,,Bolo de Cenoura,Bolos,2,"20,13","1,13",iFood,PIX,,Concluído
27/04/2025,PED-2060,,Brigadeiro Gourmet,Doces,3,"23,08","2,86",WhatsApp,Cartão Débito,"8,39",Concluído
27/04/2025,PED-2060,,Coxinha,Salgados,5,"27,98","2,28",iFood,PIX,"11,94",Concluído
28/04/2025,PED-2061,,Coxinha,Salgados,3,"9,22",,Encomenda,PIX,"3,60",Cancelado
28/04/2025,PED-2061,,Pão de Queijo,Salgados,3,"14,19",,iFood,Cartão Crédito,,Cancelado
28/04/2025,PED-2061,,Bolo Red Velvet,Bolos,5,"18,45","2,41",Encomenda,Dinheiro,"7,66",Concluído
28/04/2025,PED-2061,,Brigadeiro Gourmet,Doces,5,"34,93",,WhatsApp,Dinheiro,"14,60",Concluído
28/04/2025,PED-2062,,Trufa de Maracujá,Doces,5,"14,19",,WhatsApp,Cartão Crédito,"6,47",Concluído
28/04/2025,PED-2063,,Brigadeiro,Doces,4,"5,94",,Encomenda,PIX,"2,23",Concluído
28/04/2025,PED-2064,,Brigadeiro Gourmet,Doces,5,"26,96","1,58",Balcão,PIX,,Concluído
28/04/2025,PED-2065,,Pão de Queijo,Salgados,1,"10,39",,iFood,Cartão Crédito,"3,52",Concluído
28/04/2025,PED-2065,,Brigadeiro,Doces,3,"12,53",,WhatsApp,Cartão Crédito,,Concluído
28/04/2025,PED-2065,,Bolo de Cenoura,Bolos,4,"19,10",,iFood,Dinheiro,"7,48",Concluído
28/04/2025,PED-2066,,Pão de Queijo,Salgados,1,"32,35","0,96",Encomenda,Cartão Débito,,Cancelado
28/04/2025,PED-2066,,Brigadeiro Gourmet,Doces,1,"23,84","2,08",Encomenda,PIX,"10,35",Concluído
28/04/2025,PED-2066,,Empada de Frango,Salgados,2,"18,46",,Balcão,PIX,"9,06",Concluído
28/04/2025,PED-2066,,Bolo de Cenoura,Bolos,1,"28,39","0,79",WhatsApp,Cartão Débito,,Cancelado
28/04/2025,PED-2067,,Bolo de Cenoura,Bolos,2,"12,97",,WhatsApp,Cartão Crédito,,Concluído
29/04/2025,PED-2068,,Torta de Limão,Tortas,1,"26,85",,iFood,Dinheiro,,Concluído
29/04/2025,PED-2068,,Brigadeiro Gourmet,Doces,4,"7,91",,Balcão,Dinheiro,"3,94",Concluído
29/04/2025,PED-2069,,Brigadeiro Gourmet,Doces,5,"28,68",,Balcão,Cartão Débito,,Concluído
29/04/2025,PED-2070,,Bolo Red Velvet,Bolos,5,"26,69","2,62",Balcão,Cartão Crédito,,Cancelado
29/04/2025,PED-2071,,Torta Holandesa,Tortas,5,"7,96",,WhatsApp,Cartão Débito,"2,61",Cancelado
29/04/2025,PED-2072,,Brigadeiro Gourmet,Doces,1,"11,38",,Encomenda,Dinheiro,"4,38",Concluído
29/04/2025,PED-2072,,Empada de Frango,Salgados,1,"29,23","1,02",Encomenda,Dinheiro,"10,66",Concluído
29/04/2025,PED-2072,,Torta Holandesa,Tortas,1,"25,29",,Balcão,Cartão Débito,,Concluído
29/04/2025,PED-2073,,Brigadeiro Gourmet,Doces,1,"32,40",,Encomenda,Cartão Débito,"10,49",Concluído
29/04/2025,PED-2073,,Coxinha,Salgados,4,"10,59",,WhatsApp,Cartão Crédito,,Concluído
29/04/2025,PED-2074,,Coxinha,Salgados,2,"22,55",,Balcão,Dinheiro,"10,32",Concluído
29/04/2025,PED-2074,,Trufa de Morango,Doces,5,"17,35",,Encomenda,Dinheiro,,Cancelado
29/04/2025,PED-2074,,Brigadeiro Gourmet,Doces,2,"16,72",,Balcão,Dinheiro,"5,96",Concluído
29/04/2025,PED-2075,,Trufa de Maracujá,Doces,3,"13,92","0,63",WhatsApp,Cartão Crédito,"5,38",Concluído
29/04/2025,PED-2076,,Empada de Frango,Salgados,3,"11,84","0,94",Balcão,Dinheiro,,Concluído
29/04/2025,PED-2076,,Brigadeiro Gourmet,Doces,3,"30,92","1,22",Balcão,Cartão Crédito,,Cancelado
29/04/2025,PED-2076,,Trufa de Maracujá,Doces,5,"27,23",,iFood,Cartão Crédito,"13,15",Concluído
29/04/2025,PED-2076,,Pão de Queijo,Salgados,3,"29,76",,Balcão,Cartão Débito,,Concluído
29/04/2025,PED-2077,,Trufa de Morango,Doces,4,"32,17",,WhatsApp,PIX,"12,89",Concluído
29/04/2025,PED-2077,,Coxinha,Salgados,1,"31,13",,iFood,Cartão Crédito,"10,16",Concluído
29/04/2025,PED-2077,,Trufa de Maracujá,Doces,3,"6,06",,Balcão,Cartão Débito,"2,62",Concluído
30/04/2025,PED-2078,,Trufa de Morango,Doces,4,"25,85",,Encomenda,Dinheiro,"11,82",Concluído
30/04/2025,PED-2079,,Torta de Limão,Tortas,4,"21,86",,Balcão,Cartão Crédito,,Concluído
30/04/2025,PED-2080,,Bolo de Chocolate,Bolos,2,"21,69",,WhatsApp,PIX,"10,28",Concluído
30/04/2025,PED-2080,,Coxinha,Salgados,5,"10,85",,Balcão,Cartão Débito,"3,59",Concluído
30/04/2025,PED-2081,,Bolo Red Velvet,Bolos,5,"19,66",,Balcão,Cartão Débito,"6,97",Concluído
30/04/2025,PED-2081,,Empada de Frango,Salgados,1,"29,79",,Balcão,Dinheiro,,Concluído
30/04/2025,PED-2081,,Brigadeiro,Doces,1,"19,21",,Encomenda,PIX,"9,47",Concluído
01/05/2025,PED-2082,,Bolo de Chocolate,Bolos,1,"16,84",,Balcão,Cartão Crédito,,Cancelado
01/05/2025,PED-2082,,Trufa de Morango,Doces,1,"14,84",,Balcão,Cartão Débito,,Concluído
01/05/2025,PED-2083,,Torta Holandesa,Tortas,1,"17,34",,WhatsApp,Dinheiro,,Concluído
01/05/2025,PED-2083,,Trufa de Maracujá,Doces,4,"16,79","1,92",iFood,PIX,,Cancelado
01/05/2025,PED-2083,,Brigadeiro,Doces,2,"6,49",,iFood,Cartão Crédito,"2,23",Cancelado
01/05/2025,PED-2084,,Torta de Limão,Tortas,4,"14,31",,Balcão,PIX,,Cancelado
01/05/2025,PED-2085,,Brigadeiro Gourmet,Doces,3,"18,06",,Encomenda,Cartão Débito,,Cancelado
01/05/2025,PED-2085,,Brigadeiro,Doces,3,"28,43",,Balcão,Cartão Crédito,"10,11",Cancelado
01/05/2025,PED-2085,,Trufa de Morango,Doces,5,"22,60",,iFood,PIX,,Cancelado
01/05/2025,PED-2085,,Bolo de Chocolate,Bolos,5,"29,89",,Encomenda,Cartão Débito,"13,31",Concluído
01/05/2025,PED-2086,,Brigadeiro,Doces,4,"20,20",,Encomenda,Cartão Crédito,"7,34",Concluído
01/05/2025,PED-2086,,Torta Holandesa,Tortas,4,"14,12",,Balcão,PIX,"6,77",Concluído
01/05/2025,PED-2086,,Coxinha,Salgados,1,"14,00",,WhatsApp,Cartão Crédito,"6,22",Concluído
01/05/2025,PED-2086,,Brigadeiro Gourmet,Doces,3,"16,03","1,67",WhatsApp,Cartão Débito,,Concluído
01/05/2025,PED-2087,,Torta de Limão,Tortas,3,"10,76",,Balcão,Cartão Débito,"3,23",Concluído
01/05/2025,PED-2087,,Bolo Red Velvet,Bolos,2,"23,61",,iFood,PIX,,Concluído
01/05/2025,PED-2087,,Brigadeiro,Doces,1,"29,59",,Balcão,Cartão Crédito,"10,54",Concluído
01/05/2025,PED-2088,,Pão de Queijo,Salgados,2,"16,36","1,44",WhatsApp,PIX,"8,16",Concluído
01/05/2025,PED-2088,,Trufa de Morango,Doces,3,"30,41",,Balcão,Cartão Débito,"14,78",Cancelado
01/05/2025,PED-2088,,Bolo de Chocolate,Bolos,5,"10,70",,WhatsApp,Cartão Crédito,"3,25",Concluído
01/05/2025,PED-2088,,Bolo Red Velvet,Bolos,5,"12,52",,iFood,PIX,"4,00",Cancelado
01/05/2025,PED-2089,,Bolo Red Velvet,Bolos,1,"17,37","1,54",Balcão,Cartão Débito,"7,88",Concluído
01/05/2025,PED-2089,,Bolo de Chocolate,Bolos,2,"29,18","2,80",Balcão,Cartão Crédito,"9,97",Concluído
01/05/2025,PED-2090,,Trufa de Maracujá,Doces,1,"13,82",,iFood,Cartão Débito,"5,52",Concluído
01/05/2025,PED-2090,,Bolo de Chocolate,Bolos,2,"12,57","0,61",Balcão,PIX,"5,24",Concluído
01/05/2025,PED-2091,,Trufa de Maracujá,Doces,4,"14,24","2,04",Balcão,Dinheiro,"4,44",Concluído
01/05/2025,PED-2091,,Pão de Queijo,Salgados,5,"34,02",,WhatsApp,Cartão Débito,"12,76",Concluído
01/05/2025,PED-2092,,Torta Holandesa,Tortas,3,"26,05",,WhatsApp,PIX,"10,15",Concluído
01/05/2025,PED-2092,,Coxinha,Salgados,3,"16,70",,Encomenda,Cartão Crédito,"5,79",Concluído
01/05/2025,PED-2092,,Bolo de Cenoura,Bolos,1,"26,89",,iFood,PIX,"10,43",Concluído
01/05/2025,PED-2093,,Torta Holandesa,Tortas,5,"9,84",,Balcão,Dinheiro,"4,16",Concluído
01/05/2025,PED-2094,,Trufa de Morango,Doces,3,"7,39","0,95",Encomenda,Dinheiro,,Concluído
01/05/2025,PED-2094,,Torta Holandesa,Tortas,5,"6,08",,iFood,Cartão Crédito,,Cancelado
01/05/2025,PED-2094,,Torta de Limão,Tortas,4,"7,25",,Balcão,PIX,,Concluído
01/05/2025,PED-2094,,Trufa de Maracujá,Doces,1,"15,07",,Encomenda,Dinheiro,"6,40",Concluído
01/05/2025,PED-2095,,Torta de Limão,Tortas,2,"15,07",,Balcão,Cartão Débito,,Cancelado
01/05/2025,PED-2095,,Trufa de Morango,Doces,1,"11,36",,iFood,Cartão Débito,"4,85",Concluído
01/05/2025,PED-2095,,Brigadeiro,Doces,4,"14,03",,iFood,PIX,"4,63",Concluído
01/05/2025,PED-2095,,Trufa de Maracujá,Doces,1,"6,64",,WhatsApp,PIX,"2,43",Concluído
01/05/2025,PED-2096,,Brigadeiro,Doces,3,"10,86",,Encomenda,Cartão Crédito,"4,61",Cancelado
02/05/2025,PED-2097,,Empada de Frango,Salgados,5,"31,99","1,01",iFood,PIX,"13,24",Cancelado
02/05/2025,PED-2097,,Brigadeiro Gourmet,Doces,1,"10,71",,Balcão,Cartão Crédito,,Concluído
02/05/2025,PED-2097,,Bolo de Cenoura,Bolos,4,"11,70",,WhatsApp,Cartão Débito,"4,55",Concluído
02/05/2025,PED-2097,,Coxinha,Salgados,4,"10,91",,WhatsApp,Cartão Crédito,"4,02",Concluído
02/05/2025,PED-2098,,Trufa de Maracujá,Doces,3,"21,82","1,85",WhatsApp,PIX,"9,11",Concluído
02/05/2025,PED-2098,,Trufa de Morango,Doces,3,"28,66",,Balcão,Cartão Débito,,Concluído
02/05/2025,PED-2098,,Pão de Queijo,Salgados,2,"30,61",,WhatsApp,Cartão Crédito,,Concluído
02/05/2025,PED-2098,,Coxinha,Salgados,5,"20,69",,WhatsApp,Dinheiro,,Concluído
02/05/2025,PED-2099,,Coxinha,Salgados,4,"34,12",,Balcão,Cartão Crédito,,Cancelado
02/05/2025,PED-2099,,Trufa de Morango,Doces,3,"13,82",,Balcão,PIX,,Cancelado
02/05/2025,PED-2100,,Brigadeiro Gourmet,Doces,3,"22,90",,iFood,Cartão Crédito,"10,47",Concluído
02/05/2025,PED-2101,,Brigadeiro Gourmet,Doces,4,"19,12","2,35",WhatsApp,Cartão Débito,,Concluído
02/05/2025,PED-2102,,Torta Holandesa,Tortas,1,"23,79",,WhatsApp,Dinheiro,,Concluído
02/05/2025,PED-2102,,Torta de Limão,Tortas,5,"23,54",,WhatsApp,Cartão Crédito,,Concluído
02/05/2025,PED-2102,,Bolo de Chocolate,Bolos,1,"33,40",,Encomenda,Cartão Crédito,"14,81",Concluído
04/05/2025,PED-2103,,Torta de Limão,Tortas,4,"26,30",,WhatsApp,Dinheiro,"13,08",Concluído
04/05/2025,PED-2103,,Bolo Red Velvet,Bolos,5,"34,49",,WhatsApp,PIX,"15,98",Concluído
04/05/2025,PED-2104,,Coxinha,Salgados,5,"5,93","0,92",Balcão,PIX,"2,65",Concluído
04/05/2025,PED-2104,,Torta de Limão,Tortas,3,"5,35",,iFood,Cartão Crédito,,Cancelado
04/05/2025,PED-2104,,Pão de Queijo,Salgados,1,"10,45",,iFood,Dinheiro,,Concluído
04/05/2025,PED-2104,,Trufa de Morango,Doces,2,"12,69",,Balcão,PIX,,Concluído
04/05/2025,PED-2105,,Torta de Limão,Tortas,1,"5,03",,iFood,Dinheiro,"1,61",Cancelado
04/05/2025,PED-2106,,Brigadeiro,Doces,5,"26,45",,Balcão,Cartão Débito,"11,31",Concluído
04/05/2025,PED-2107,,Brigadeiro,Doces,4,"21,61",,iFood,PIX,"7,40",Cancelado
04/05/2025,PED-2107,,Bolo de Cenoura,Bolos,1,"30,98",,iFood,Dinheiro,"12,13",Concluído
04/05/2025,PED-2107,,Trufa de Maracujá,Doces,5,"6,72",,iFood,Cartão Crédito,"2,55",Concluído
04/05/2025,PED-2108,,Bolo de Cenoura,Bolos,1,"15,74",,Balcão,Cartão Crédito,"6,17",Cancelado
04/05/2025,PED-2108,,Coxinha,Salgados,5,"26,59",,Balcão,Dinheiro,"8,52",Concluído
04/05/2025,PED-2108,,Torta de Limão,Tortas,4,"26,13","1,58",Encomenda,Cartão Crédito,"10,81",Concluído
04/05/2025,PED-2108,,Empada de Frango,Salgados,5,"19,59",,WhatsApp,Cartão Crédito,,Concluído
04/05/2025,PED-2109,,Bolo de Chocolate,Bolos,2,"26,96",,Balcão,Cartão Débito,"11,55",Concluído
04/05/2025,PED-2109,,Trufa de Maracujá,Doces,4,"18,40",,WhatsApp,PIX,"6,42",Cancelado
04/05/2025,PED-2109,,Torta Holandesa,Tortas,5,"31,87",,WhatsApp,Dinheiro,"12,03",Concluído
04/05/2025,PED-2109,,Torta de Limão,Tortas,4,"33,68",,iFood,Cartão Crédito,"12,32",Concluído
04/05/2025,PED-2110,,Pão de Queijo,Salgados,2,"5,26",,Encomenda,PIX,"2,52",Concluído
04/05/2025,PED-2110,,Brigadeiro,Doces,4,"20,73",,iFood,Dinheiro,"6,50",Concluído
04/05/2025,PED-2110,,Bolo de Chocolate,Bolos,2,"18,10",,Encomenda,Dinheiro,,Concluído
04/05/2025,PED-2110,,Torta de Limão,Tortas,5,"5,18",,Balcão,Cartão Crédito,,Concluído
04/05/2025,PED-2111,,Torta de Limão,Tortas,2,"23,70",,Encomenda,Cartão Crédito,,Concluído
04/05/2025,PED-2112,,Bolo de Cenoura,Bolos,3,"25,53",,Encomenda,PIX,"11,39",Concluído
04/05/2025,PED-2113,,Bolo de Chocolate,Bolos,1,"23,12",,iFood,PIX,"7,59",Concluído
05/05/2025,PED-2114,,Brigadeiro,Doces,4,"31,97","2,67",Balcão,Cartão Crédito,,Concluído
05/05/2025,PED-2114,,Torta de Limão,Tortas,5,"32,76","1,99",Encomenda,Cartão Débito,"12,21",Concluído
05/05/2025,PED-2114,,Bolo de Chocolate,Bolos,4,"21,49",,Encomenda,PIX,"9,06",Concluído
05/05/2025,PED-2114,,Trufa de Maracujá,Doces,3,"16,77",,iFood,PIX,,Concluído
05/05/2025,PED-2115,,Bolo Red Velvet,Bolos,3,"32,94","1,00",WhatsApp,PIX,,Concluído
05/05/2025,PED-2115,,Torta de Limão,Tortas,1,"28,73",,Balcão,Cartão Crédito,"12,20",Concluído
05/05/2025,PED-2115,,Trufa de Morango,Doces,3,"19,82",,iFood,Cartão Crédito,"8,96",Cancelado
05/05/2025,PED-2116,,Bolo de Cenoura,Bolos,1,"18,46",,WhatsApp,Cartão Crédito,"7,00",Concluído
05/05/2025,PED-2117,,Empada de Frango,Salgados,2,"6,33",,iFood,Cartão Crédito,"2,80",Concluído
05/05/2025,PED-2118,,Empada de Frango,Salgados,5,"16,83",,WhatsApp,Dinheiro,"8,05",Concluído
05/05/2025,PED-2118,,Brigadeiro,Doces,4,"28,36",,Encomenda,PIX,,Cancelado
05/05/2025,PED-2118,,Torta de Limão,Tortas,4,"21,92",,WhatsApp,PIX,,Concluído
05/05/2025,PED-2118,,Trufa de Maracujá,Doces,1,"13,50","2,91",Encomenda,Cartão Crédito,,Concluído
05/05/2025,PED-2119,,Empada de Frango,Salgados,4,"17,71",,WhatsApp,Cartão Crédito,"8,46",Concluído
05/05/2025,PED-2119,,Bolo Red Velvet,Bolos,1,"16,88",,WhatsApp,Dinheiro,,Cancelado
05/05/2025,PED-2120,,Torta de Limão,Tortas,4,"32,30",,iFood,Cartão Débito,"13,49",Concluído
05/05/2025,PED-2120,,Bolo de Chocolate,Bolos,4,"10,86",,Balcão,PIX,"4,67",Concluído
05/05/2025,PED-2120,,Bolo de Cenoura,Bolos,4,"18,11",,WhatsApp,Dinheiro,"8,01",Concluído
05/05/2025,PED-2120,,Brigadeiro Gourmet,Doces,1,"7,38",,WhatsApp,Dinheiro,"2,99",Cancelado
06/05/2025,PED-2121,,Brigadeiro Gourmet,Doces,1,"26,77",,Balcão,Cartão Débito,"13,12",Cancelado
06/05/2025,PED-2122,,Pão de Queijo,Salgados,5,"7,07",,WhatsApp,Cartão Crédito,"2,49",Concluído
06/05/2025,PED-2122,,Torta de Limão,Tortas,1,"22,39","1,12",Balcão,Dinheiro,"9,10",Concluído
06/05/2025,PED-2123,,Torta de Limão,Tortas,5,"22,57",,iFood,Cartão Crédito,,Concluído
06/05/2025,PED-2123,,Torta Holandesa,Tortas,1,"23,75",,WhatsApp,Dinheiro,,Concluído
06/05/2025,PED-2124,,Trufa de Maracujá,Doces,5,"32,88",,WhatsApp,Dinheiro,,Cancelado
06/05/2025,PED-2125,,Coxinha,Salgados,5,"30,34",,Balcão,Cartão Débito,"12,64",Concluído
06/05/2025,PED-2125,,Brigadeiro,Doces,4,"32,33",,iFood,Dinheiro,"12,33",Concluído
06/05/2025,PED-2125,,Pão de Queijo,Salgados,4,"21,61","1,59",Balcão,Cartão Crédito,,Concluído
06/05/2025,PED-2125,,Torta Holandesa,Tortas,2,"21,30",,iFood,Dinheiro,"7,39",Concluído
06/05/2025,PED-2126,,Torta de Limão,Tortas,5,"12,04",,Balcão,PIX,"4,65",Concluído
06/05/2025,PED-2126,,Bolo Red Velvet,Bolos,4,"31,36","0,71",iFood,PIX,,Concluído
06/05/2025,PED-2126,,Coxinha,Salgados,5,"27,54",,WhatsApp,Cartão Débito,"11,46",Cancelado
06/05/2025,PED-2126,,Trufa de Morango,Doces,1,"26,93",,Encomenda,PIX,"10,64",Concluído
06/05/2025,PED-2127,,Pão de Queijo,Salgados,1,"17,13",,iFood,Dinheiro,,Concluído
06/05/2025,PED-2127,,Coxinha,Salgados,1,"6,20",,Encomenda,Cartão Débito,"2,40",Concluído
06/05/2025,PED-2127,,Trufa de Morango,Doces,5,"27,58",,WhatsApp,Cartão Débito,,Concluído
06/05/2025,PED-2128,,Bolo de Cenoura,Bolos,1,"23,07",,iFood,Cartão Crédito,,Concluído
06/05/2025,PED-2128,,Empada de Frango,Salgados,3,"7,29",,iFood,Cartão Débito,"3,06",Cancelado
06/05/2025,PED-2128,,Torta de Limão,Tortas,2,"33,83","1,83",iFood,Cartão Crédito,"16,16",Concluído
06/05/2025,PED-2129,,Torta de Limão,Tortas,5,"10,78",,WhatsApp,Cartão Débito,"4,81",Concluído
06/05/2025,PED-2129,,Bolo de Chocolate,Bolos,5,"7,61",,Balcão,Cartão Crédito,"2,54",Cancelado
06/05/2025,PED-2130,,Bolo Red Velvet,Bolos,2,"14,30",,Balcão,Cartão Crédito,,Concluído
06/05/2025,PED-2130,,Torta Holandesa,Tortas,1,"6,71","2,50",Balcão,PIX,,Concluído
06/05/2025,PED-2130,,Torta de Limão,Tortas,4,"12,07","2,16",Encomenda,Cartão Débito,"5,31",Concluído
07/05/2025,PED-2131,,Bolo de Chocolate,Bolos,1,"33,27",,iFood,Cartão Crédito,"16,27",Concluído
07/05/2025,PED-2131,,Trufa de Maracujá,Doces,1,"15,47","2,34",WhatsApp,Cartão Débito,"6,16",Concluído
07/05/2025,PED-2131,,Coxinha,Salgados,3,"15,36",,Encomenda,Cartão Crédito,"4,80",Cancelado
07/05/2025,PED-2132,,Trufa de Maracujá,Doces,2,"25,75",,iFood,Cartão Crédito,"12,13",Concluído
07/05/2025,PED-2132,,Empada de Frango,Salgados,4,"22,05","1,05",iFood,Cartão Débito,,Concluído
07/05/2025,PED-2132,,Brigadeiro,Doces,1,"11,31","2,70",Balcão,Cartão Débito,"4,57",Concluído
07/05/2025,PED-2132,,Brigadeiro Gourmet,Doces,4,"11,51",,iFood,Cartão Débito,,Concluído
07/05/2025,PED-2133,,Pão de Queijo,Salgados,1,"19,58",,Balcão,PIX,"6,10",Cancelado
07/05/2025,PED-2133,,Trufa de Maracujá,Doces,4,"16,02",,Balcão,Dinheiro,,Concluído
07/05/2025,PED-2133,,Empada de Frango,Salgados,3,"13,07",,Encomenda,PIX,"5,74",Concluído
07/05/2025,PED-2133,,Bolo de Chocolate,Bolos,5,"10,81",,iFood,Dinheiro,,Concluído
07/05/2025,PED-2134,,Bolo de Cenoura,Bolos,2,"22,27",,WhatsApp,Dinheiro,"6,85",Concluído
07/05/2025,PED-2135,,Bolo de Chocolate,Bolos,1,"28,03",,WhatsApp,Cartão Crédito,"13,36",Cancelado
07/05/2025,PED-2135,,Torta de Limão,Tortas,2,"15,84",,iFood,PIX,,Concluído
07/05/2025,PED-2135,,Bolo Red Velvet,Bolos,1,"34,55",,Balcão,Cartão Débito,"12,80",Concluído
07/05/2025,PED-2136,,Trufa de Maracujá,Doces,5,"11,10","1,61",iFood,Dinheiro,,Concluído
07/05/2025,PED-2136,,Bolo Red Velvet,Bolos,3,"26,44",,iFood,Cartão Débito,"10,86",Concluído
07/05/2025,PED-2136,,Coxinha,Salgados,1,"19,01","1,16",Balcão,PIX,,Concluído
07/05/2025,PED-2136,,Brigadeiro Gourmet,Doces,1,"8,84",,WhatsApp,Cartão Crédito,"3,28",Concluído
07/05/2025,PED-2137,,Bolo Red Velvet,Bolos,4,"9,40",,Balcão,PIX,"3,29",Concluído
07/05/2025,PED-2137,,Coxinha,Salgados,3,"32,35","2,62",WhatsApp,Cartão Crédito,"12,44",Concluído
07/05/2025,PED-2137,,Torta Holandesa,Tortas,2,"9,15","2,42",Balcão,Cartão Crédito,"3,21",Concluído
07/05/2025,PED-2137,,Empada de Frango,Salgados,1,"11,54",,Encomenda,PIX,"4,00",Concluído
07/05/2025,PED-2138,,Pão de Queijo,Salgados,1,"18,76","1,61",iFood,Cartão Débito,,Concluído
07/05/2025,PED-2138,,Torta Holandesa,Tortas,3,"34,17",,WhatsApp,Cartão Crédito,,Concluído
07/05/2025,PED-2139,,Torta de Limão,Tortas,2,"12,09",,Balcão,Cartão Débito,,Cancelado
07/05/2025,PED-2139,,Bolo de Cenoura,Bolos,1,"19,09",,Balcão,PIX,,Concluído
07/05/2025,PED-2140,,Trufa de Morango,Doces,1,"20,00",,WhatsApp,Dinheiro,"9,14",Concluído
07/05/2025,PED-2140,,Brigadeiro Gourmet,Doces,2,"15,45",,Encomenda,Cartão Crédito,,Concluído
08/05/2025,PED-2141,,Bolo de Cenoura,Bolos,3,"34,42",,iFood,PIX,,Concluído
08/05/2025,PED-2142,,Torta de Limão,Tortas,4,"15,18",,Balcão,PIX,"6,96",Cancelado
08/05/2025,PED-2142,,Brigadeiro Gourmet,Doces,4,"24,81",,Balcão,Cartão Crédito,"9,46",Cancelado
08/05/2025,PED-2143,,Trufa de Morango,Doces,4,"7,63",,WhatsApp,Dinheiro,"3,57",Concluído
08/05/2025,PED-2143,,Trufa de Maracujá,Doces,5,"34,94",,WhatsApp,PIX,,Concluído
08/05/2025,PED-2144,,Trufa de Morango,Doces,3,"8,09",,Encomenda,Cartão Crédito,,Concluído
08/05/2025,PED-2144,,Pão de Queijo,Salgados,3,"6,10","0,85",iFood,Cartão Débito,"2,36",Cancelado
08/05/2025,PED-2145,,Trufa de Maracujá,Doces,1,"13,04",,WhatsApp,Dinheiro,"3,93",Concluído
09/05/2025,PED-2146,,Empada de Frango,Salgados,5,"27,73",,iFood,Cartão Débito,,Concluído
09/05/2025,PED-2146,,Coxinha,Salgados,5,"11,96","1,30",WhatsApp,Dinheiro,"4,53",Concluído
09/05/2025,PED-2147,,Pão de Queijo,Salgados,2,"34,44","1,19",Encomenda,Cartão Débito,,Concluído
09/05/2025,PED-2148,,Empada de Frango,Salgados,2,"34,12","1,11",Balcão,PIX,"10,89",Cancelado
09/05/2025,PED-2149,,Coxinha,Salgados,1,"7,93",,Encomenda,Dinheiro,"2,76",Concluído
09/05/2025,PED-2149,,Bolo Red Velvet,Bolos,3,"27,34",,WhatsApp,Cartão Débito,"9,48",Concluído
09/05/2025,PED-2150,,Bolo de Chocolate,Bolos,1,"13,06","2,75",Encomenda,PIX,"5,80",Concluído
09/05/2025,PED-2150,,Empada de Frango,Salgados,2,"5,37",,Encomenda,PIX,,Concluído
09/05/2025,PED-2151,,Coxinha,Salgados,5,"25,90",,Encomenda,Cartão Crédito,,Concluído
09/05/2025,PED-2152,,Bolo de Chocolate,Bolos,3,"5,94",,Balcão,Cartão Crédito,"2,63",Concluído
09/05/2025,PED-2153,,Bolo de Cenoura,Bolos,3,"27,96",,iFood,Dinheiro,,Concluído
09/05/2025,PED-2153,,Trufa de Morango,Doces,4,"13,87",,Balcão,Cartão Débito,"4,46",Concluído
09/05/2025,PED-2153,,Brigadeiro,Doces,3,"19,81",,Encomenda,Cartão Débito,"7,81",Concluído
09/05/2025,PED-2153,,Brigadeiro Gourmet,Doces,1,"20,95",,WhatsApp,Cartão Crédito,"8,37",Concluído
09/05/2025,PED-2154,,Torta Holandesa,Tortas,5,"32,67","1,78",Encomenda,PIX,,Cancelado
09/05/2025,PED-2155,,Trufa de Morango,Doces,4,"21,45","2,86",iFood,Cartão Débito,"10,46",Concluído
09/05/2025,PED-2155,,Bolo de Cenoura,Bolos,4,"13,49",,Encomenda,Cartão Débito,"6,34",Concluído
09/05/2025,PED-2155,,Bolo Red Velvet,Bolos,2,"11,79",,Balcão,Cartão Débito,,Concluído
09/05/2025,PED-2156,,Trufa de Morango,Doces,2,"13,38",,Balcão,Dinheiro,,Concluído
09/05/2025,PED-2156,,Bolo Red Velvet,Bolos,1,"22,04",,iFood,PIX,"9,56",Concluído
09/05/2025,PED-2156,,Coxinha,Salgados,2,"25,94","0,78",Encomenda,PIX,,Concluído
09/05/2025,PED-2156,,Torta Holandesa,Tortas,4,"15,72",,Encomenda,Cartão Crédito,"5,90",Concluído
09/05/2025,PED-2157,,Trufa de Morango,Doces,2,"27,88",,WhatsApp,Cartão Crédito,"9,59",Concluído
09/05/2025,PED-2157,,Empada de Frango,Salgados,1,"33,26",,WhatsApp,Dinheiro,"11,18",Concluído
09/05/2025,PED-2158,,Bolo de Chocolate,Bolos,1,"16,47",,WhatsApp,Dinheiro,"7,38",Concluído
09/05/2025,PED-2158,,Trufa de Morango,Doces,4,"27,25",,Balcão,PIX,"9,70",Concluído
09/05/2025,PED-2158,,Trufa de Maracujá,Doces,5,"8,58","0,79",Encomenda,Dinheiro,,Concluído
09/05/2025,PED-2158,,Brigadeiro,Doces,4,"18,70",,Encomenda,Cartão Débito,,Cancelado
09/05/2025,PED-2159,,Pão de Queijo,Salgados,2,"11,60","0,77",Encomenda,Cartão Débito,"4,12",Concluído
09/05/2025,PED-2159,,Torta Holandesa,Tortas,5,"19,57",,Balcão,Dinheiro,"7,96",Concluído
09/05/2025,PED-2159,,Bolo de Chocolate,Bolos,4,"8,15",,Encomenda,PIX,"2,84",Concluído
09/05/2025,PED-2159,,Trufa de Maracujá,Doces,5,"11,88",,Encomenda,PIX,,Concluído
09/05/2025,PED-2160,,Trufa de Morango,Doces,3,"29,44","2,05",Balcão,Dinheiro,"14,21",Cancelado
10/05/2025,PED-2161,,Trufa de Morango,Doces,2,"26,72",,Balcão,Cartão Crédito,"9,12",Concluído
10/05/2025,PED-2162,,Coxinha,Salgados,4,"9,70",,WhatsApp,Dinheiro,"3,14",Concluído
10/05/2025,PED-2162,,Trufa de Maracujá,Doces,5,"30,14",,Balcão,Cartão Débito,"13,58",Cancelado
10/05/2025,PED-2162,,Brigadeiro,Doces,2,"7,30",,iFood,Cartão Débito,,Cancelado
10/05/2025,PED-2162,,Bolo Red Velvet,Bolos,5,"18,63",,WhatsApp,Dinheiro,,Concluído
10/05/2025,PED-2163,,Brigadeiro Gourmet,Doces,3,"10,95",,Balcão,PIX,"5,05",Concluído
10/05/2025,PED-2163,,Brigadeiro,Doces,1,"27,84",,Encomenda,PIX,,Concluído
10/05/2025,PED-2163,,Pão de Queijo,Salgados,2,"33,80",,Encomenda,PIX,"10,39",Cancelado
10/05/2025,PED-2163,,Bolo Red Velvet,Bolos,3,"29,50",,iFood,Cartão Débito,"10,07",Concluído
10/05/2025,PED-2164,,Trufa de Maracujá,Doces,2,"20,95",,Balcão,Cartão Crédito,,Cancelado
10/05/2025,PED-2165,,Empada de Frango,Salgados,5,"31,64",,Encomenda,PIX,"14,48",Concluído
10/05/2025,PED-2165,,Torta de Limão,Tortas,1,"34,87",,Encomenda,Cartão Crédito,,Concluído
10/05/2025,PED-2165,,Trufa de Maracujá,Doces,1,"18,46","1,57",WhatsApp,PIX,"5,78",Cancelado
10/05/2025,PED-2165,,Bolo de Chocolate,Bolos,2,"24,27","2,89",WhatsApp,Dinheiro,"9,60",Concluído
10/05/2025,PED-2166,,Torta Holandesa,Tortas,2,"5,45",,WhatsApp,Cartão Débito,,Concluído
10/05/2025,PED-2166,,Brigadeiro Gourmet,Doces,5,"33,19",,Balcão,Cartão Crédito,,Concluído
10/05/2025,PED-2167,,Torta Holandesa,Tortas,3,"22,77",,iFood,Cartão Débito,"9,30",Concluído
10/05/2025,PED-2167,,Brigadeiro,Doces,3,"11,88",,Balcão,PIX,"5,90",Concluído
10/05/2025,PED-2168,,Trufa de Maracujá,Doces,5,"33,57","1,28",Balcão,Dinheiro,"14,78",Cancelado
10/05/2025,PED-2168,,Bolo de Chocolate,Bolos,1,"22,44",,iFood,Dinheiro,"7,96",Concluído
10/05/2025,PED-2169,,Trufa de Maracujá,Doces,1,"30,39",,WhatsApp,Cartão Débito,"11,06",Concluído
10/05/2025,PED-2169,,Brigadeiro,Doces,5,"8,82",,Balcão,Dinheiro,"2,78",Concluído
10/05/2025,PED-2169,,Pão de Queijo,Salgados,4,"18,03",,WhatsApp,Dinheiro,"7,49",Concluído
10/05/2025,PED-2169,,Empada de Frango,Salgados,4,"14,90","1,47",Encomenda,PIX,"6,44",Concluído
10/05/2025,PED-2170,,Brigadeiro,Doces,1,"20,71",,WhatsApp,Dinheiro,"6,48",Cancelado
10/05/2025,PED-2170,,Torta Holandesa,Tortas,3,"14,44",,WhatsApp,Cartão Débito,,Concluído
10/05/2025,PED-2170,,Empada de Frango,Salgados,4,"20,50",,Encomenda,PIX,"6,92",Concluído
10/05/2025,PED-2171,,Torta de Limão,Tortas,2,"29,76",,Balcão,Cartão Crédito,"11,74",Concluído
10/05/2025,PED-2171,,Empada de Frango,Salgados,3,"30,07",,iFood,Cartão Débito,"13,68",Concluído
10/05/2025,PED-2171,,Torta Holandesa,Tortas,2,"16,64",,WhatsApp,Cartão Débito,"7,05",Concluído
11/05/2025,PED-2172,,Trufa de Maracujá,Doces,3,"28,65",,Encomenda,Dinheiro,,Concluído
11/05/2025,PED-2172,,Bolo de Chocolate,Bolos,4,"28,31","2,56",Balcão,Cartão Crédito,"9,67",Concluído
11/05/2025,PED-2173,,Bolo de Chocolate,Bolos,5,"10,10",,iFood,Cartão Débito,"4,56",Concluído
11/05/2025,PED-2173,,Brigadeiro Gourmet,Doces,5,"27,54","2,93",iFood,Cartão Crédito,"9,77",Concluído
11/05/2025,PED-2173,,Coxinha,Salgados,4,"26,14","1,60",iFood,Cartão Crédito,"11,03",Concluído
11/05/2025,PED-2174,,Torta Holandesa,Tortas,5,"22,74",,Encomenda,Dinheiro,,Concluído
11/05/2025,PED-2174,,Bolo de Cenoura,Bolos,2,"6,07",,Encomenda,Dinheiro,,Concluído
11/05/2025,PED-2174,,Coxinha,Salgados,4,"21,06",,Balcão,Cartão Débito,"9,38",Concluído
11/05/2025,PED-2174,,Bolo de Chocolate,Bolos,5,"27,23",,Encomenda,Cartão Crédito,,Concluído
11/05/2025,PED-2175,,Pão de Queijo,Salgados,3,"13,37",,iFood,Cartão Crédito,,Cancelado
11/05/2025,PED-2175,,Torta de Limão,Tortas,3,"26,18",,iFood,Cartão Crédito,"12,61",Concluído
11/05/2025,PED-2175,,Bolo Red Velvet,Bolos,5,"33,97",,WhatsApp,Cartão Débito,"12,30",Concluído
11/05/2025,PED-2176,,Bolo de Cenoura,Bolos,4,"18,56",,WhatsApp,Cartão Débito,,Concluído
11/05/2025,PED-2176,,Coxinha,Salgados,2,"32,95",,Encomenda,Cartão Crédito,,Concluído
11/05/2025,PED-2176,,Empada de Frango,Salgados,3,"20,41",,WhatsApp,Cartão Débito,,Cancelado
11/05/2025,PED-2176,,Bolo Red Velvet,Bolos,4,"15,01",,WhatsApp,Cartão Débito,,Cancelado
12/05/2025,PED-2177,,Bolo de Chocolate,Bolos,2,"8,25","1,62",Balcão,PIX,,Concluído
12/05/2025,PED-2178,,Torta de Limão,Tortas,4,"11,03",,Balcão,PIX,"4,98",Concluído
12/05/2025,PED-2178,,Empada de Frango,Salgados,4,"18,41",,Encomenda,PIX,,Concluído
12/05/2025,PED-2178,,Trufa de Maracujá,Doces,3,"17,45",,Encomenda,PIX,"7,96",Concluído
12/05/2025,PED-2179,,Empada de Frango,Salgados,2,"7,94",,Balcão,Cartão Crédito,"3,46",Concluído
12/05/2025,PED-2180,,Brigadeiro,Doces,3,"16,46","1,68",WhatsApp,Cartão Crédito,,Concluído
12/05/2025,PED-2180,,Bolo de Cenoura,Bolos,2,"20,89","2,91",Balcão,Cartão Crédito,"7,57",Concluído
12/05/2025,PED-2180,,Coxinha,Salgados,4,"15,85",,iFood,PIX,,Concluído
12/05/2025,PED-2180,,Brigadeiro Gourmet,Doces,3,"25,57",,Encomenda,Cartão Crédito,,Concluído
12/05/2025,PED-2181,,Brigadeiro,Doces,4,"24,50","1,69",iFood,PIX,"8,72",Concluído
12/05/2025,PED-2182,,Trufa de Morango,Doces,5,"17,62",,iFood,Cartão Crédito,"5,59",Concluído
12/05/2025,PED-2182,,Coxinha,Salgados,2,"31,69",,Balcão,Cartão Débito,,Concluído
12/05/2025,PED-2182,,Trufa de Maracujá,Doces,3,"21,75",,WhatsApp,PIX,,Concluído
12/05/2025,PED-2182,,Bolo de Cenoura,Bolos,3,"34,58",,iFood,Cartão Crédito,"17,00",Concluído
12/05/2025,PED-2183,,Trufa de Maracujá,Doces,2,"13,20","2,91",Balcão,Dinheiro,"4,04",Concluído
12/05/2025,PED-2183,,Bolo Red Velvet,Bolos,1,"24,10",,iFood,Cartão Débito,"10,77",Concluído
12/05/2025,PED-2184,,Bolo de Cenoura,Bolos,5,"29,57","1,78",Balcão,Dinheiro,,Cancelado
13/05/2025,PED-2185,,Empada de Frango,Salgados,4,"16,33",,Encomenda,Cartão Crédito,"5,89",Concluído
13/05/2025,PED-2185,,Brigadeiro,Doces,4,"25,91","1,80",iFood,Cartão Crédito,,Cancelado
13/05/2025,PED-2185,,Coxinha,Salgados,4,"21,85","2,21",Balcão,Cartão Débito,"7,19",Concluído
13/05/2025,PED-2186,,Trufa de Morango,Doces,3,"29,00",,WhatsApp,PIX,"9,65",Concluído
13/05/2025,PED-2186,,Trufa de Maracujá,Doces,2,"34,90",,Balcão,Cartão Débito,"16,80",Concluído
13/05/2025,PED-2186,,Pão de Queijo,Salgados,2,"24,70","2,09",iFood,Dinheiro,"8,17",Concluído
13/05/2025,PED-2187,,Brigadeiro,Doces,5,"8,61","1,49",Encomenda,PIX,"3,41",Concluído
13/05/2025,PED-2188,,Brigadeiro Gourmet,Doces,5,"23,58",,iFood,PIX,"8,48",Concluído
14/05/2025,PED-2189,,Brigadeiro Gourmet,Doces,2,"32,53",,Encomenda,PIX,,Concluído
14/05/2025,PED-2189,,Bolo de Cenoura,Bolos,5,"8,36","2,84",Encomenda,Cartão Crédito,"4,05",Concluído
14/05/2025,PED-2189,,Bolo de Chocolate,Bolos,2,"8,91",,Balcão,PIX,,Concluído
14/05/2025,PED-2190,,Trufa de Maracujá,Doces,2,"20,31","1,18",Balcão,Cartão Débito,,Concluído
14/05/2025,PED-2190,,Empada de Frango,Salgados,5,"30,47",,Balcão,Cartão Crédito,,Cancelado
14/05/2025,PED-2191,,Trufa de Maracujá,Doces,5,"7,37",,Balcão,PIX,,Cancelado
14/05/2025,PED-2191,,Pão de Queijo,Salgados,3,"20,36",,WhatsApp,PIX,"7,51",Cancelado
14/05/2025,PED-2191,,Torta de Limão,Tortas,1,"13,41",,Balcão,Dinheiro,"6,06",Concluído
14/05/2025,PED-2192,,Empada de Frango,Salgados,4,"15,57",,WhatsApp,Cartão Débito,"6,56",Concluído
14/05/2025,PED-2192,,Bolo de Cenoura,Bolos,5,"9,21",,WhatsApp,Dinheiro,"4,13",Cancelado
14/05/2025,PED-2193,,Bolo Red Velvet,Bolos,5,"7,59",,Balcão,Dinheiro,"2,57",Concluído
14/05/2025,PED-2194,,Bolo de Cenoura,Bolos,3,"18,61",,Balcão,Cartão Débito,,Concluído
14/05/2025,PED-2194,,Brigadeiro,Doces,2,"6,59",,Balcão,Dinheiro,"2,56",Concluído
14/05/2025,PED-2194,,Torta de Limão,Tortas,4,"30,25",,iFood,Cartão Débito,,Concluído
14/05/2025,PED-2194,,Torta Holandesa,Tortas,4,"21,66",,Balcão,PIX,"10,33",Cancelado
16/05/2025,PED-2195,,Trufa de Maracujá,Doces,3,"22,07",,Balcão,Dinheiro,,Concluído
16/05/2025,PED-2195,,Bolo Red Velvet,Bolos,4,"9,28","2,14",Balcão,Dinheiro,,Concluído
16/05/2025,PED-2195,,Bolo de Chocolate,Bolos,5,"33,76",,Balcão,Cartão Crédito,"11,81",Cancelado
16/05/2025,PED-2196,,Trufa de Morango,Doces,2,"10,15",,Encomenda,Cartão Débito,,Concluído
16/05/2025,PED-2196,,Empada de Frango,Salgados,4,"11,98","2,63",Balcão,PIX,,Concluído
16/05/2025,PED-2197,,Pão de Queijo,Salgados,5,"19,14",,iFood,Cartão Crédito,,Concluído
16/05/2025,PED-2197,,Bolo de Cenoura,Bolos,5,"10,43","2,10",WhatsApp,Dinheiro,"3,54",Concluído
16/05/2025,PED-2197,,Bolo de Chocolate,Bolos,4,"31,43",,WhatsApp,Cartão Débito,"13,29",Concluído
16/05/2025,PED-2197,,Torta Holandesa,Tortas,4,"27,79",,iFood,Cartão Débito,"10,28",Concluído
16/05/2025,PED-2198,,Trufa de Maracujá,Doces,5,"32,72",,WhatsApp,Cartão Crédito,,Concluído
16/05/2025,PED-2199,,Bolo de Chocolate,Bolos,2,"12,10",,iFood,Cartão Crédito,"4,49",Concluído
16/05/2025,PED-2199,,Brigadeiro Gourmet,Doces,4,"23,47",,iFood,Dinheiro,"9,76",Cancelado
16/05/2025,PED-2199,,Empada de Frango,Salgados,5,"34,84",,iFood,PIX,"17,16",Concluído
16/05/2025,PED-2199,,Torta Holandesa,Tortas,4,"8,84",,Encomenda,Cartão Crédito,"2,88",Concluído
16/05/2025,PED-2200,,Trufa de Morango,Doces,1,"14,73","1,02",Balcão,Cartão Crédito,,Concluído
16/05/2025,PED-2200,,Pão de Queijo,Salgados,5,"10,65",,WhatsApp,Cartão Crédito,,Concluído
16/05/2025,PED-2200,,Torta de Limão,Tortas,4,"16,44",,Encomenda,Dinheiro,,Cancelado
16/05/2025,PED-2201,,Brigadeiro,Doces,1,"25,84",,iFood,Cartão Débito,"11,47",Concluído
16/05/2025,PED-2202,,Torta Holandesa,Tortas,3,"16,87",,Balcão,Cartão Débito,"7,79",Concluído
16/05/2025,PED-2202,,Pão de Queijo,Salgados,4,"17,60",,Encomenda,Cartão Crédito,"8,38",Concluído
16/05/2025,PED-2203,,Pão de Queijo,Salgados,2,"18,57","0,82",iFood,Cartão Crédito,"8,57",Cancelado
17/05/2025,PED-2204,,Trufa de Morango,Doces,2,"29,28",,WhatsApp,PIX,,Cancelado
17/05/2025,PED-2204,,Torta de Limão,Tortas,1,"5,06",,Balcão,Cartão Crédito,"1,89",Cancelado
17/05/2025,PED-2204,,Bolo Red Velvet,Bolos,3,"26,06",,Encomenda,Cartão Crédito,,Concluído
17/05/2025,PED-2205,,Empada de Frango,Salgados,3,"16,40",,iFood,Cartão Débito,"5,80",Cancelado
17/05/2025,PED-2205,,Bolo de Chocolate,Bolos,3,"24,45",,Balcão,Cartão Crédito,"10,44",Concluído
17/05/2025,PED-2205,,Pão de Queijo,Salgados,3,"19,11",,Encomenda,Cartão Débito,,Cancelado
17/05/2025,PED-2205,,Trufa de Morango,Doces,4,"34,02",,iFood,Cartão Crédito,"14,87",Concluído
17/05/2025,PED-2206,,Coxinha,Salgados,5,"30,27","1,76",Encomenda,Cartão Débito,"10,43",Concluído
17/05/2025,PED-2206,,Trufa de Maracujá,Doces,3,"7,94","2,49",Encomenda,Cartão Crédito,"2,55",Cancelado
17/05/2025,PED-2206,,Bolo de Cenoura,Bolos,4,"29,52",,Balcão,PIX,,Concluído
17/05/2025,PED-2206,,Pão de Queijo,Salgados,2,"25,65",,Balcão,Dinheiro,"8,67",Concluído
17/05/2025,PED-2207,,Torta de Limão,Tortas,2,"16,50",,WhatsApp,Cartão Débito,,Cancelado
17/05/2025,PED-2207,,Torta Holandesa,Tortas,4,"11,85","1,47",iFood,Cartão Crédito,"4,90",Concluído
17/05/2025,PED-2207,,Bolo Red Velvet,Bolos,5,"8,39",,WhatsApp,Cartão Débito,"3,84",Cancelado
17/05/2025,PED-2207,,Pão de Queijo,Salgados,1,"5,20",,Encomenda,PIX,,Concluído
17/05/2025,PED-2208,,Trufa de Morango,Doces,3,"18,36","1,19",iFood,PIX,,Cancelado
17/05/2025,PED-2208,,Coxinha,Salgados,4,"11,31","0,60",Encomenda,PIX,"3,99",Concluído
17/05/2025,PED-2208,,Bolo de Cenoura,Bolos,1,"10,57",,Encomenda,Cartão Débito,,Cancelado
17/05/2025,PED-2208,,Trufa de Maracujá,Doces,1,"28,48",,iFood,Cartão Crédito,,Concluído
17/05/2025,PED-2209,,Empada de Frango,Salgados,2,"6,74",,WhatsApp,PIX,,Concluído
17/05/2025,PED-2209,,Trufa de Maracujá,Doces,4,"32,58",,WhatsApp,Dinheiro,,Concluído
17/05/2025,PED-2210,,Bolo Red Velvet,Bolos,3,"29,87","1,51",iFood,Cartão Débito,,Concluído
17/05/2025,PED-2210,,Trufa de Morango,Doces,4,"5,10",,iFood,Dinheiro,,Cancelado
17/05/2025,PED-2210,,Brigadeiro Gourmet,Doces,5,"33,54",,Balcão,Cartão Crédito,,Concluído
17/05/2025,PED-2210,,Brigadeiro,Doces,3,"20,34",,iFood,Dinheiro,"8,90",Concluído
17/05/2025,PED-2211,,Trufa de Maracujá,Doces,1,"32,53",,WhatsApp,PIX,,Cancelado
17/05/2025,PED-2211,,Brigadeiro,Doces,3,"31,38","2,19",iFood,Cartão Crédito,"12,20",Concluído
17/05/2025,PED-2212,,Coxinha,Salgados,3,"5,76",,iFood,PIX,,Concluído
17/05/2025,PED-2213,,Trufa de Morango,Doces,4,"24,28",,WhatsApp,PIX,,Concluído
17/05/2025,PED-2213,,Empada de Frango,Salgados,3,"28,84",,WhatsApp,Cartão Débito,"14,11",Concluído
17/05/2025,PED-2214,,Brigadeiro,Doces,4,"23,99",,Balcão,Dinheiro,,Concluído
17/05/2025,PED-2214,,Trufa de Maracujá,Doces,3,"31,35","1,68",iFood,Cartão Débito,,Concluído
17/05/2025,PED-2214,,Pão de Queijo,Salgados,1,"32,16",,Encomenda,PIX,,Concluído
17/05/2025,PED-2215,,Trufa de Maracujá,Doces,4,"18,79",,Encomenda,Cartão Débito,"6,65",Concluído
17/05/2025,PED-2215,,Coxinha,Salgados,5,"21,11",,iFood,PIX,"8,94",Concluído
17/05/2025,PED-2215,,Empada de Frango,Salgados,5,"10,92",,iFood,Cartão Crédito,"3,31",Cancelado
17/05/2025,PED-2216,,Coxinha,Salgados,4,"9,00",,iFood,Dinheiro,"4,31",Concluído
17/05/2025,PED-2216,,Trufa de Maracujá,Doces,2,"21,81",,iFood,Cartão Crédito,,Concluído
17/05/2025,PED-2216,,Empada de Frango,Salgados,1,"17,31",,Encomenda,Dinheiro,"7,98",Concluído
17/05/2025,PED-2217,,Torta de Limão,Tortas,1,"16,91",,iFood,Dinheiro,,Cancelado
17/05/2025,PED-2217,,Pão de Queijo,Salgados,2,"34,19",,Balcão,Dinheiro,"15,49",Concluído
17/05/2025,PED-2217,,Coxinha,Salgados,2,"6,04","2,05",iFood,Dinheiro,"1,90",Concluído
17/05/2025,PED-2217,,Brigadeiro,Doces,4,"9,29",,Encomenda,Cartão Débito,,Cancelado
17/05/2025,PED-2218,,Coxinha,Salgados,4,"27,24",,iFood,Cartão Débito,,Concluído
17/05/2025,PED-2219,,Torta Holandesa,Tortas,2,"28,68","2,20",iFood,PIX,"12,48",Concluído
17/05/2025,PED-2219,,Bolo Red Velvet,Bolos,2,"24,93",,Encomenda,Dinheiro,,Concluído
17/05/2025,PED-2219,,Bolo de Cenoura,Bolos,4,"7,36",,Balcão,PIX,"2,52",Concluído
17/05/2025,PED-2219,,Trufa de Maracujá,Doces,1,"19,14",,Balcão,Cartão Débito,,Concluído
17/05/2025,PED-2220,,Pão de Queijo,Salgados,3,"24,17","0,92",WhatsApp,Cartão Crédito,,Concluído
17/05/2025,PED-2221,,Trufa de Maracujá,Doces,5,"34,17","1,55",Balcão,Cartão Débito,,Cancelado
17/05/2025,PED-2221,,Coxinha,Salgados,2,"5,91",,Encomenda,PIX,,Concluído
18/05/2025,PED-2222,,Trufa de Morango,Doces,2,"26,03",,Encomenda,PIX,"12,97",Concluído
18/05/2025,PED-2222,,Bolo de Chocolate,Bolos,3,"29,21",,Encomenda,Cartão Crédito,"11,72",Cancelado
18/05/2025,PED-2223,,Bolo de Cenoura,Bolos,2,"10,17",,WhatsApp,Dinheiro,,Concluído
18/05/2025,PED-2224,,Trufa de Maracujá,Doces,1,"20,46",,WhatsApp,Cartão Débito,"9,36",Cancelado
18/05/2025,PED-2224,,Bolo Red Velvet,Bolos,4,"17,53",,iFood,Cartão Crédito,"6,18",Concluído
18/05/2025,PED-2225,,Bolo Red Velvet,Bolos,3,"33,11",,Balcão,Dinheiro,,Cancelado
18/05/2025,PED-2225,,Trufa de Maracujá,Doces,3,"32,26",,Balcão,Cartão Débito,"12,58",Concluído
18/05/2025,PED-2226,,Brigadeiro,Doces,5,"27,63",,Encomenda,Cartão Débito,"13,54",Concluído
18/05/2025,PED-2227,,Coxinha,Salgados,2,"20,64",,iFood,PIX,,Concluído
18/05/2025,PED-2227,,Bolo de Cenoura,Bolos,3,"14,95",,Balcão,PIX,,Concluído
18/05/2025,PED-2227,,Brigadeiro Gourmet,Doces,5,"11,92","1,03",Encomenda,Cartão Crédito,"3,57",Concluído
18/05/2025,PED-2228,,Coxinha,Salgados,4,"22,27",,WhatsApp,Cartão Crédito,,Concluído
18/05/2025,PED-2228,,Bolo de Chocolate,Bolos,5,"10,91",,Balcão,Cartão Crédito,"4,70",Concluído
18/05/2025,PED-2228,,Pão de Queijo,Salgados,4,"8,84",,Encomenda,Dinheiro,"3,57",Concluído
18/05/2025,PED-2228,,Torta de Limão,Tortas,5,"9,21",,WhatsApp,Cartão Crédito,"4,39",Concluído
18/05/2025,PED-2229,,Trufa de Morango,Doces,4,"22,58",,Balcão,Cartão Débito,"7,15",Concluído
18/05/2025,PED-2229,,Brigadeiro Gourmet,Doces,1,"29,95",,Balcão,Cartão Crédito,,Concluído
18/05/2025,PED-2229,,Pão de Queijo,Salgados,3,"14,39",,Balcão,Cartão Crédito,,Concluído
18/05/2025,PED-2230,,Empada de Frango,Salgados,3,"7,83",,WhatsApp,Cartão Crédito,"3,90",Concluído
18/05/2025,PED-2231,,Coxinha,Salgados,2,"16,35",,Balcão,PIX,,Concluído
18/05/2025,PED-2232,,Trufa de Maracujá,Doces,1,"21,44",,Balcão,Cartão Crédito,"8,88",Concluído
18/05/2025,PED-2232,,Bolo Red Velvet,Bolos,5,"16,31",,WhatsApp,PIX,,Concluído
18/05/2025,PED-2233,,Empada de Frango,Salgados,5,"12,86",,WhatsApp,Cartão Débito,"4,78",Concluído
18/05/2025,PED-2233,,Brigadeiro Gourmet,Doces,3,"24,66",,iFood,Dinheiro,"8,47",Concluído
18/05/2025,PED-2234,,Torta Holandesa,Tortas,1,"17,46",,WhatsApp,Dinheiro,"7,13",Cancelado
18/05/2025,PED-2234,,Bolo de Cenoura,Bolos,3,"18,53","1,81",WhatsApp,Cartão Débito,"5,60",Cancelado
18/05/2025,PED-2235,,Bolo de Cenoura,Bolos,1,"24,90",,Balcão,Cartão Débito,"9,96",Concluído
18/05/2025,PED-2235,,Coxinha,Salgados,3,"10,30","2,82",Encomenda,Cartão Débito,"3,28",Cancelado
18/05/2025,PED-2235,,Torta de Limão,Tortas,5,"14,49",,iFood,Dinheiro,"5,64",Cancelado
18/05/2025,PED-2235,,Torta Holandesa,Tortas,4,"23,57","1,67",Encomenda,Dinheiro,,Concluído
18/05/2025,PED-2236,,Brigadeiro Gourmet,Doces,5,"31,87","2,54",WhatsApp,Dinheiro,,Concluído
18/05/2025,PED-2236,,Brigadeiro,Doces,1,"14,68",,Encomenda,Cartão Crédito,"6,10",Concluído
18/05/2025,PED-2236,,Torta Holandesa,Tortas,3,"25,47",,iFood,Dinheiro,"7,64",Cancelado
18/05/2025,PED-2236,,Trufa de Maracujá,Doces,4,"17,43",,Balcão,Cartão Débito,,Concluído
18/05/2025,PED-2237,,Trufa de Maracujá,Doces,2,"16,85",,iFood,Cartão Débito,"7,68",Concluído
18/05/2025,PED-2238,,Bolo de Cenoura,Bolos,5,"24,82","1,71",iFood,Cartão Débito,"9,67",Concluído
18/05/2025,PED-2238,,Torta Holandesa,Tortas,4,"18,98","0,88",WhatsApp,Cartão Débito,"7,16",Cancelado
18/05/2025,PED-2238,,Torta de Limão,Tortas,3,"18,83",,Balcão,Cartão Débito,,Concluído
18/05/2025,PED-2238,,Bolo de Chocolate,Bolos,3,"26,64","2,39",WhatsApp,Cartão Crédito,"10,30",Concluído
18/05/2025,PED-2239,,Empada de Frango,Salgados,5,"21,78",,Encomenda,Cartão Crédito,,Concluído
18/05/2025,PED-2239,,Bolo Red Velvet,Bolos,5,"22,98","1,45",Encomenda,PIX,"9,90",Concluído
19/05/2025,PED-2240,,Torta Holandesa,Tortas,1,"7,85","0,64",iFood,Dinheiro,,Concluído
19/05/2025,PED-2240,,Coxinha,Salgados,5,"27,68",,Encomenda,PIX,"12,69",Concluído
19/05/2025,PED-2241,,Bolo Red Velvet,Bolos,2,"12,88",,WhatsApp,Cartão Débito,"5,38",Concluído
19/05/2025,PED-2241,,Brigadeiro,Doces,1,"20,52","2,51",Balcão,Cartão Crédito,,Cancelado
19/05/2025,PED-2242,,Torta Holandesa,Tortas,5,"21,33",,Encomenda,Cartão Débito,"8,26",Concluído
19/05/2025,PED-2242,,Brigadeiro,Doces,3,"29,52",,Balcão,Dinheiro,"10,28",Concluído
19/05/2025,PED-2242,,Bolo de Chocolate,Bolos,3,"15,85",,iFood,PIX,"6,27",Concluído
19/05/2025,PED-2243,,Pão de Queijo,Salgados,5,"30,87",,iFood,PIX,"11,49",Cancelado
19/05/2025,PED-2244,,Trufa de Maracujá,Doces,4,"15,14",,iFood,Cartão Débito,,Concluído
19/05/2025,PED-2245,,Empada de Frango,Salgados,4,"31,11","1,89",WhatsApp,PIX,"10,45",Concluído
19/05/2025,PED-2245,,Trufa de Morango,Doces,2,"10,01",,Balcão,Dinheiro,,Cancelado
19/05/2025,PED-2245,,Torta Holandesa,Tortas,3,"34,37","1,93",WhatsApp,PIX,,Cancelado
19/05/2025,PED-2245,,Pão de Queijo,Salgados,5,"24,33","1,84",Encomenda,PIX,"11,60",Concluído
20/05/2025,PED-2246,,Pão de Queijo,Salgados,5,"12,11",,Encomenda,Cartão Débito,"5,24",Concluído
20/05/2025,PED-2246,,Trufa de Maracujá,Doces,4,"9,70",,Balcão,Cartão Crédito,"3,26",Concluído
20/05/2025,PED-2246,,Trufa de Morango,Doces,3,"5,79",,iFood,Dinheiro,"2,30",Concluído
20/05/2025,PED-2247,,Bolo Red Velvet,Bolos,2,"32,89",,iFood,Cartão Débito,"15,70",Concluído
20/05/2025,PED-2248,,Bolo de Cenoura,Bolos,4,"26,70",,Balcão,Dinheiro,,Concluído
20/05/2025,PED-2248,,Trufa de Morango,Doces,4,"21,62","0,83",Balcão,Cartão Débito,"9,68",Concluído
20/05/2025,PED-2248,,Brigadeiro Gourmet,Doces,5,"21,61",,WhatsApp,Cartão Crédito,"10,04",Concluído
20/05/2025,PED-2249,,Empada de Frango,Salgados,2,"12,72",,WhatsApp,PIX,"5,07",Concluído
20/05/2025,PED-2249,,Trufa de Maracujá,Doces,1,"26,90",,iFood,Cartão Débito,,Concluído
20/05/2025,PED-2249,,Brigadeiro Gourmet,Doces,2,"29,34",,iFood,Dinheiro,"9,24",Cancelado
20/05/2025,PED-2249,,Torta Holandesa,Tortas,4,"30,97",,Encomenda,Cartão Crédito,"13,76",Cancelado
20/05/2025,PED-2250,,Torta de Limão,Tortas,1,"19,35",,WhatsApp,Cartão Débito,"9,08",Concluído
20/05/2025,PED-2250,,Bolo Red Velvet,Bolos,2,"14,75",,Encomenda,Dinheiro,,Concluído
20/05/2025,PED-2250,,Bolo de Chocolate,Bolos,2,"28,56","2,43",Balcão,Cartão Débito,"11,45",Cancelado
20/05/2025,PED-2250,,Torta Holandesa,Tortas,3,"30,87",,Balcão,Cartão Crédito,,Concluído
20/05/2025,PED-2251,,Bolo de Cenoura,Bolos,4,"5,79","1,35",iFood,PIX,"2,73",Concluído
20/05/2025,PED-2251,,Brigadeiro Gourmet,Doces,4,"27,99",,WhatsApp,Cartão Débito,"9,28",Cancelado
20/05/2025,PED-2251,,Pão de Queijo,Salgados,5,"8,26",,WhatsApp,Cartão Débito,,Cancelado
20/05/2025,PED-2251,,Bolo Red Velvet,Bolos,4,"24,24","1,10",Encomenda,Cartão Crédito,,Concluído
20/05/2025,PED-2252,,Brigadeiro Gourmet,Doces,3,"13,09",,Encomenda,Cartão Crédito,,Concluído
20/05/2025,PED-2252,,Brigadeiro,Doces,4,"29,72","1,42",iFood,PIX,"14,28",Cancelado
20/05/2025,PED-2252,,Torta Holandesa,Tortas,1,"32,70",,Balcão,PIX,,Concluído
21/05/2025,PED-2253,,Bolo Red Velvet,Bolos,4,"28,80",,Balcão,Cartão Débito,,Concluído
21/05/2025,PED-2253,,Brigadeiro Gourmet,Doces,1,"29,63",,WhatsApp,Cartão Débito,"11,72",Concluído
21/05/2025,PED-2253,,Coxinha,Salgados,4,"21,60",,WhatsApp,Dinheiro,"7,61",Concluído
21/05/2025,PED-2254,,Pão de Queijo,Salgados,3,"34,40",,iFood,PIX,,Concluído
21/05/2025,PED-2254,,Brigadeiro,Doces,1,"14,90",,WhatsApp,PIX,,Concluído
21/05/2025,PED-2254,,Bolo de Chocolate,Bolos,1,"17,72","1,16",iFood,Cartão Crédito,,Cancelado
21/05/2025,PED-2254,,Bolo de Cenoura,Bolos,1,"5,52",,WhatsApp,PIX,"1,79",Concluído
21/05/2025,PED-2255,,Coxinha,Salgados,5,"11,46",,iFood,Cartão Crédito,,Concluído
21/05/2025,PED-2255,,Brigadeiro Gourmet,Doces,4,"33,40","2,51",Balcão,Cartão Débito,,Concluído
21/05/2025,PED-2255,,Bolo Red Velvet,Bolos,1,"29,37",,WhatsApp,Cartão Débito,"13,32",Concluído
21/05/2025,PED-2256,,Trufa de Morango,Doces,1,"5,43",,Balcão,Dinheiro,"2,24",Concluído
21/05/2025,PED-2256,,Trufa de Maracujá,Doces,4,"17,31",,iFood,Cartão Débito,,Concluído
21/05/2025,PED-2257,,Empada de Frango,Salgados,3,"18,02",,iFood,PIX,,Concluído
21/05/2025,PED-2257,,Coxinha,Salgados,4,"10,11","2,08",Balcão,Cartão Crédito,"4,49",Concluído
21/05/2025,PED-2257,,Brigadeiro,Doces,3,"19,89",,iFood,PIX,,Cancelado
21/05/2025,PED-2257,,Trufa de Maracujá,Doces,5,"21,39",,WhatsApp,Cartão Débito,"7,32",Concluído
21/05/2025,PED-2258,,Empada de Frango,Salgados,2,"13,11",,WhatsApp,Dinheiro,,Concluído
21/05/2025,PED-2258,,Brigadeiro,Doces,3,"14,52",,WhatsApp,Dinheiro,,Concluído
21/05/2025,PED-2258,,Trufa de Maracujá,Doces,4,"14,42",,WhatsApp,Cartão Débito,,Concluído
21/05/2025,PED-2258,,Coxinha,Salgados,1,"15,38",,WhatsApp,Dinheiro,"7,13",Concluído
21/05/2025,PED-2259,,Trufa de Maracujá,Doces,1,"18,27",,iFood,Dinheiro,"8,48",Concluído
21/05/2025,PED-2259,,Bolo de Chocolate,Bolos,1,"24,96",,Balcão,Cartão Débito,"11,77",Concluído
21/05/2025,PED-2260,,Bolo Red Velvet,Bolos,4,"18,96",,iFood,Cartão Débito,"8,04",Concluído
21/05/2025,PED-2260,,Torta Holandesa,Tortas,3,"10,39",,Balcão,Dinheiro,,Concluído
21/05/2025,PED-2260,,Brigadeiro Gourmet,Doces,1,"19,14",,iFood,Cartão Débito,,Concluído
21/05/2025,PED-2261,,Bolo de Cenoura,Bolos,4,"19,66",,Encomenda,Cartão Crédito,,Concluído
21/05/2025,PED-2261,,Trufa de Maracujá,Doces,5,"12,11",,Encomenda,PIX,,Concluído
21/05/2025,PED-2261,,Coxinha,Salgados,1,"22,63","2,40",iFood,Cartão Crédito,"10,64",Concluído
21/05/2025,PED-2261,,Torta de Limão,Tortas,2,"17,94",,iFood,Dinheiro,"8,75",Concluído
21/05/2025,PED-2262,,Bolo de Chocolate,Bolos,5,"29,86","2,18",Encomenda,Cartão Crédito,"11,09",Concluído
21/05/2025,PED-2262,,Trufa de Maracujá,Doces,3,"8,16",,Encomenda,Dinheiro,,Cancelado
21/05/2025,PED-2263,,Torta Holandesa,Tortas,1,"29,28",,Encomenda,Dinheiro,"10,45",Concluído
22/05/2025,PED-2264,,Coxinha,Salgados,5,"26,48",,iFood,Cartão Crédito,"9,04",Concluído
22/05/2025,PED-2264,,Empada de Frango,Salgados,2,"20,80",,iFood,Dinheiro,"8,35",Cancelado
22/05/2025,PED-2265,,Trufa de Morango,Doces,1,"19,35","2,19",WhatsApp,Cartão Crédito,"7,35",Concluído
22/05/2025,PED-2265,,Pão de Queijo,Salgados,5,"12,21",,Encomenda,PIX,"4,04",Concluído
22/05/2025,PED-2265,,Bolo de Chocolate,Bolos,5,"34,65",,Encomenda,PIX,"14,77",Concluído
22/05/2025,PED-2266,,Brigadeiro Gourmet,Doces,1,"14,14",,Encomenda,Cartão Débito,"5,37",Concluído
22/05/2025,PED-2266,,Bolo de Chocolate,Bolos,3,"31,27",,WhatsApp,Cartão Crédito,,Concluído
22/05/2025,PED-2266,,Coxinha,Salgados,3,"8,25","1,49",Encomenda,Cartão Crédito,"2,53",Cancelado
22/05/2025,PED-2266,,Empada de Frango,Salgados,4,"26,09",,Encomenda,Dinheiro,"10,75",Concluído
22/05/2025,PED-2267,,Brigadeiro Gourmet,Doces,5,"19,38",,WhatsApp,Cartão Débito,,Concluído
22/05/2025,PED-2267,,Trufa de Maracujá,Doces,5,"8,66","0,62",Balcão,Dinheiro,"4,21",Concluído
22/05/2025,PED-2267,,Trufa de Morango,Doces,5,"19,31",,WhatsApp,PIX,"8,72",Concluído
22/05/2025,PED-2267,,Bolo de Chocolate,Bolos,4,"33,81",,Encomenda,Cartão Crédito,"11,49",Cancelado
22/05/2025,PED-2268,,Bolo de Cenoura,Bolos,3,"9,41","1,22",Balcão,Dinheiro,,Concluído
22/05/2025,PED-2268,,Pão de Queijo,Salgados,1,"15,75",,iFood,Cartão Débito,,Concluído
22/05/2025,PED-2268,,Bolo Red Velvet,Bolos,1,"5,97",,Balcão,PIX,"1,82",Cancelado
22/05/2025,PED-2268,,Trufa de Morango,Doces,4,"25,31","2,11",WhatsApp,Cartão Débito,"10,17",Concluído
22/05/2025,PED-2269,,Trufa de Morango,Doces,1,"13,78",,Balcão,Dinheiro,"4,73",Concluído
22/05/2025,PED-2270,,Brigadeiro Gourmet,Doces,3,"14,15",,WhatsApp,Dinheiro,,Concluído
22/05/2025,PED-2271,,Bolo de Cenoura,Bolos,4,"28,19",,Encomenda,PIX,"10,64",Concluído
22/05/2025,PED-2271,,Coxinha,Salgados,5,"9,08","2,05",Encomenda,Cartão Débito,"3,33",Concluído
22/05/2025,PED-2271,,Pão de Queijo,Salgados,1,"7,28",,iFood,Dinheiro,"2,37",Concluído
22/05/2025,PED-2272,,Torta Holandesa,Tortas,3,"12,55",,iFood,Dinheiro,"5,61",Cancelado
22/05/2025,PED-2272,,Coxinha,Salgados,2,"30,76",,Encomenda,Dinheiro,"11,76",Cancelado
22/05/2025,PED-2272,,Torta de Limão,Tortas,2,"9,70",,iFood,Cartão Crédito,"3,98",Cancelado
22/05/2025,PED-2272,,Bolo de Cenoura,Bolos,5,"6,37","1,92",Encomenda,Dinheiro,,Concluído
22/05/2025,PED-2273,,Coxinha,Salgados,3,"30,04",,WhatsApp,PIX,"9,94",Concluído
22/05/2025,PED-2273,,Trufa de Morango,Doces,5,"33,42",,WhatsApp,Dinheiro,"15,61",Concluído
22/05/2025,PED-2274,,Brigadeiro,Doces,1,"20,03",,Balcão,Dinheiro,,Concluído
22/05/2025,PED-2274,,Coxinha,Salgados,4,"20,57",,Balcão,PIX,,Cancelado
22/05/2025,PED-2274,,Bolo de Cenoura,Bolos,1,"21,74",,Balcão,Dinheiro,"8,49",Concluído
22/05/2025,PED-2274,,Brigadeiro Gourmet,Doces,5,"28,76",,Encomenda,PIX,,Concluído
22/05/2025,PED-2275,,Trufa de Morango,Doces,1,"16,85",,Balcão,PIX,"5,31",Concluído
22/05/2025,PED-2275,,Empada de Frango,Salgados,1,"26,12",,iFood,Dinheiro,"12,79",Concluído
22/05/2025,PED-2275,,Torta de Limão,Tortas,3,"11,41",,Balcão,Cartão Débito,"4,76",Concluído
22/05/2025,PED-2275,,Brigadeiro,Doces,1,"23,44",,iFood,Dinheiro,"9,71",Concluído
22/05/2025,PED-2276,,Bolo de Cenoura,Bolos,2,"26,56",,iFood,Cartão Crédito,"9,36",Concluído
22/05/2025,PED-2276,,Brigadeiro Gourmet,Doces,4,"17,89",,Encomenda,Cartão Débito,"7,73",Concluído
22/05/2025,PED-2276,,Empada de Frango,Salgados,3,"23,63",,Encomenda,Cartão Débito,"11,78",Concluído
22/05/2025,PED-2276,,Coxinha,Salgados,5,"30,32","2,07",WhatsApp,Dinheiro,"14,81",Concluído
22/05/2025,PED-2277,,Torta Holandesa,Tortas,4,"12,61",,Balcão,PIX,"5,88",Concluído
22/05/2025,PED-2277,,Pão de Queijo,Salgados,4,"22,47",,Balcão,Cartão Débito,,Concluído
22/05/2025,PED-2277,,Brigadeiro Gourmet,Doces,2,"21,24",,Encomenda,Cartão Débito,"10,60",Concluído
22/05/2025,PED-2277,,Bolo de Cenoura,Bolos,1,"21,67",,iFood,Dinheiro,"6,66",Concluído
23/05/2025,PED-2278,,Coxinha,Salgados,5,"20,50",,Encomenda,Dinheiro,"8,26",Concluído
23/05/2025,PED-2278,,Pão de Queijo,Salgados,1,"21,60",,Encomenda,Cartão Crédito,,Concluído
23/05/2025,PED-2278,,Brigadeiro Gourmet,Doces,4,"7,94",,iFood,Cartão Débito,,Cancelado
23/05/2025,PED-2278,,Empada de Frango,Salgados,2,"13,08",,Balcão,Cartão Crédito,"4,19",Concluído
23/05/2025,PED-2279,,Bolo de Chocolate,Bolos,1,"11,97",,iFood,Cartão Débito,"5,85",Cancelado
23/05/2025,PED-2279,,Torta Holandesa,Tortas,4,"22,32",,iFood,Cartão Crédito,"9,66",Concluído
23/05/2025,PED-2279,,Brigadeiro Gourmet,Doces,2,"20,32",,WhatsApp,PIX,"8,85",Concluído
23/05/2025,PED-2279,,Torta de Limão,Tortas,1,"14,98",,WhatsApp,Cartão Crédito,"6,57",Concluído
23/05/2025,PED-2280,,Brigadeiro,Doces,4,"30,12","2,15",WhatsApp,Cartão Débito,"15,02",Concluído
23/05/2025,PED-2280,,Trufa de Morango,Doces,2,"33,44","1,19",WhatsApp,PIX,,Cancelado
23/05/2025,PED-2280,,Bolo de Cenoura,Bolos,5,"19,29",,WhatsApp,PIX,,Concluído
23/05/2025,PED-2281,,Empada de Frango,Salgados,1,"33,72",,Balcão,Cartão Crédito,"11,46",Cancelado
23/05/2025,PED-2281,,Coxinha,Salgados,4,"20,99",,Balcão,Cartão Crédito,"7,83",Concluído
23/05/2025,PED-2281,,Bolo de Cenoura,Bolos,4,"18,08",,Encomenda,PIX,"8,01",Concluído
23/05/2025,PED-2281,,Brigadeiro Gourmet,Doces,4,"6,00",,iFood,Cartão Débito,,Concluído
23/05/2025,PED-2282,,Trufa de Morango,Doces,5,"26,91",,iFood,Cartão Débito,"9,66",Concluído
23/05/2025,PED-2282,,Brigadeiro,Doces,2,"5,20",,Balcão,Cartão Crédito,"1,69",Concluído
23/05/2025,PED-2282,,Pão de Queijo,Salgados,2,"28,88",,Balcão,Cartão Débito,"13,47",Concluído
23/05/2025,PED-2283,,Trufa de Morango,Doces,1,"5,29",,Balcão,Dinheiro,,Concluído
23/05/2025,PED-2283,,Bolo de Chocolate,Bolos,4,"18,38","0,68",WhatsApp,Cartão Débito,"7,66",Concluído
23/05/2025,PED-2284,,Bolo Red Velvet,Bolos,2,"8,59",,WhatsApp,PIX,,Cancelado
24/05/2025,PED-2285,,Pão de Queijo,Salgados,4,"21,58",,WhatsApp,Dinheiro,,Concluído
24/05/2025,PED-2285,,Torta Holandesa,Tortas,3,"15,80",,Encomenda,PIX,"7,54",Concluído
24/05/2025,PED-2285,,Bolo de Chocolate,Bolos,3,"19,86","2,35",Balcão,PIX,"6,50",Concluído
24/05/2025,PED-2285,,Empada de Frango,Salgados,4,"5,85",,iFood,Dinheiro,"2,90",Concluído
24/05/2025,PED-2286,,Bolo de Cenoura,Bolos,2,"11,37",,Encomenda,PIX,,Concluído
24/05/2025,PED-2286,,Torta de Limão,Tortas,2,"25,75",,iFood,Dinheiro,"10,10",Concluído
24/05/2025,PED-2286,,Brigadeiro,Doces,2,"11,03",,WhatsApp,PIX,,Concluído
24/05/2025,PED-2286,,Bolo de Chocolate,Bolos,5,"10,73","0,88",Balcão,PIX,,Concluído
24/05/2025,PED-2287,,Coxinha,Salgados,5,"15,65",,WhatsApp,PIX,,Concluído
24/05/2025,PED-2287,,Pão de Queijo,Salgados,5,"12,57",,iFood,PIX,"5,49",Concluído
24/05/2025,PED-2288,,Empada de Frango,Salgados,2,"17,66",,Balcão,Cartão Débito,"5,38",Cancelado
24/05/2025,PED-2288,,Bolo de Cenoura,Bolos,4,"25,46",,Balcão,Cartão Crédito,"9,40",Concluído
24/05/2025,PED-2288,,Torta de Limão,Tortas,5,"24,72",,Balcão,PIX,"9,17",Concluído
24/05/2025,PED-2288,,Pão de Queijo,Salgados,3,"34,21","2,94",Encomenda,PIX,,Concluído
24/05/2025,PED-2289,,Bolo Red Velvet,Bolos,2,"13,86",,Balcão,PIX,"4,35",Cancelado
24/05/2025,PED-2289,,Trufa de Morango,Doces,3,"18,08","2,18",Encomenda,PIX,"6,24",Cancelado
24/05/2025,PED-2289,,Torta de Limão,Tortas,4,"19,70",,Balcão,PIX,,Concluído
24/05/2025,PED-2289,,Bolo de Chocolate,Bolos,4,"34,48",,WhatsApp,Cartão Crédito,"13,65",Concluído
24/05/2025,PED-2290,,Brigadeiro,Doces,5,"34,10",,Encomenda,Cartão Crédito,,Concluído
24/05/2025,PED-2291,,Bolo de Cenoura,Bolos,3,"11,56",,WhatsApp,PIX,,Concluído
24/05/2025,PED-2292,,Bolo de Chocolate,Bolos,1,"27,24","1,42",Balcão,PIX,,Cancelado
24/05/2025,PED-2293,,Torta de Limão,Tortas,5,"31,11","0,85",WhatsApp,Dinheiro,"14,98",Concluído
24/05/2025,PED-2293,,Brigadeiro Gourmet,Doces,5,"24,32",,WhatsApp,Cartão Crédito,"10,39",Concluído
24/05/2025,PED-2294,,Empada de Frango,Salgados,1,"12,53",,Balcão,Cartão Débito,"5,30",Concluído
24/05/2025,PED-2294,,Trufa de Maracujá,Doces,4,"27,31",,Encomenda,Cartão Crédito,"12,10",Concluído
24/05/2025,PED-2294,,Bolo Red Velvet,Bolos,4,"30,77",,iFood,Cartão Débito,"13,73",Concluído
24/05/2025,PED-2295,,Torta de Limão,Tortas,1,"34,05",,Balcão,Dinheiro,,Cancelado
24/05/2025,PED-2296,,Torta Holandesa,Tortas,2,"34,08","0,82",WhatsApp,Dinheiro,,Concluído
24/05/2025,PED-2296,,Empada de Frango,Salgados,4,"13,59","0,52",Balcão,PIX,"4,73",Cancelado
24/05/2025,PED-2296,,Brigadeiro Gourmet,Doces,1,"14,45",,WhatsApp,Cartão Débito,,Concluído
24/05/2025,PED-2297,,Trufa de Maracujá,Doces,5,"22,80",,Balcão,Cartão Crédito,,Concluído
24/05/2025,PED-2297,,Brigadeiro,Doces,1,"14,05","1,58",Encomenda,Cartão Débito,,Concluído
24/05/2025,PED-2297,,Pão de Queijo,Salgados,2,"15,18",,iFood,Dinheiro,"5,39",Concluído
24/05/2025,PED-2297,,Bolo de Cenoura,Bolos,1,"20,95","1,61",Balcão,Cartão Débito,"8,23",Concluído
24/05/2025,PED-2298,,Empada de Frango,Salgados,1,"18,48","1,75",Encomenda,PIX,"7,68",Cancelado
24/05/2025,PED-2298,,Bolo de Chocolate,Bolos,5,"5,14",,iFood,Dinheiro,"1,91",Cancelado
24/05/2025,PED-2298,,Bolo de Cenoura,Bolos,5,"21,70","1,96",WhatsApp,Dinheiro,"9,62",Concluído
25/05/2025,PED-2299,,Bolo Red Velvet,Bolos,5,"10,45",,WhatsApp,Cartão Crédito,"4,88",Concluído
25/05/2025,PED-2299,,Brigadeiro,Doces,3,"31,04",,Balcão,Cartão Débito,,Concluído
25/05/2025,PED-2299,,Torta Holandesa,Tortas,2,"21,57",,WhatsApp,Cartão Débito,,Concluído
25/05/2025,PED-2300,,Bolo de Cenoura,Bolos,3,"9,74",,iFood,Cartão Crédito,,Concluído
25/05/2025,PED-2301,,Coxinha,Salgados,4,"12,25",,Balcão,PIX,"4,76",Concluído
25/05/2025,PED-2301,,Empada de Frango,Salgados,3,"15,43",,Encomenda,Dinheiro,,Cancelado
25/05/2025,PED-2301,,Torta de Limão,Tortas,1,"22,68",,WhatsApp,PIX,,Cancelado
25/05/2025,PED-2301,,Pão de Queijo,Salgados,3,"14,01",,iFood,Cartão Débito,,Cancelado
25/05/2025,PED-2302,,Bolo de Chocolate,Bolos,5,"19,44","1,54",Balcão,Dinheiro,"7,76",Concluído
25/05/2025,PED-2302,,Trufa de Maracujá,Doces,5,"23,39",,iFood,Cartão Crédito,"8,44",Concluído
25/05/2025,PED-2303,,Coxinha,Salgados,1,"18,31","0,72",iFood,Cartão Crédito,"7,58",Concluído
25/05/2025,PED-2303,,Brigadeiro Gourmet,Doces,3,"9,46",,WhatsApp,Cartão Crédito,"4,30",Cancelado
25/05/2025,PED-2304,,Bolo de Chocolate,Bolos,4,"16,15",,WhatsApp,Dinheiro,"6,48",Concluído
25/05/2025,PED-2304,,Torta Holandesa,Tortas,4,"16,50",,WhatsApp,Cartão Crédito,,Cancelado
25/05/2025,PED-2304,,Empada de Frango,Salgados,2,"29,34",,iFood,Cartão Crédito,,Concluído
25/05/2025,PED-2304,,Brigadeiro,Doces,2,"14,02","1,83",iFood,PIX,,Cancelado
25/05/2025,PED-2305,,Torta Holandesa,Tortas,5,"30,18",,WhatsApp,Cartão Crédito,"13,68",Concluído
25/05/2025,PED-2305,,Torta de Limão,Tortas,2,"33,53",,Encomenda,PIX,,Concluído
25/05/2025,PED-2305,,Empada de Frango,Salgados,3,"29,05",,iFood,Cartão Crédito,,Concluído
25/05/2025,PED-2306,,Brigadeiro Gourmet,Doces,4,"23,50",,WhatsApp,Cartão Crédito,,Concluído
25/05/2025,PED-2306,,Bolo de Cenoura,Bolos,2,"16,66","1,26",Balcão,Cartão Crédito,,Concluído
25/05/2025,PED-2306,,Bolo de Chocolate,Bolos,2,"15,61",,iFood,Dinheiro,,Concluído
25/05/2025,PED-2307,,Trufa de Maracujá,Doces,2,"25,78","2,86",Balcão,Cartão Crédito,"11,16",Concluído
25/05/2025,PED-2307,,Empada de Frango,Salgados,3,"26,55",,Balcão,Cartão Crédito,,Concluído
25/05/2025,PED-2307,,Torta Holandesa,Tortas,4,"7,32",,Encomenda,Cartão Crédito,,Concluído
25/05/2025,PED-2307,,Coxinha,Salgados,2,"8,84",,Balcão,Cartão Crédito,,Cancelado
25/05/2025,PED-2308,,Trufa de Morango,Doces,2,"11,41",,iFood,Cartão Débito,,Concluído
25/05/2025,PED-2308,,Pão de Queijo,Salgados,2,"14,67",,Balcão,PIX,"6,02",Concluído
26/05/2025,PED-2309,,Torta de Limão,Tortas,2,"17,90","0,90",iFood,Dinheiro,"7,85",Concluído
26/05/2025,PED-2309,,Trufa de Morango,Doces,4,"30,52",,WhatsApp,PIX,"9,48",Concluído
26/05/2025,PED-2310,,Coxinha,Salgados,4,"16,96",,WhatsApp,Cartão Débito,,Concluído
26/05/2025,PED-2310,,Torta Holandesa,Tortas,3,"20,07","2,27",Balcão,PIX,,Concluído
26/05/2025,PED-2310,,Bolo de Cenoura,Bolos,4,"6,67","0,79",iFood,Cartão Débito,"2,26",Concluído
26/05/2025,PED-2311,,Coxinha,Salgados,1,"11,55",,Balcão,PIX,,Concluído
26/05/2025,PED-2311,,Trufa de Morango,Doces,1,"32,72","2,65",Encomenda,Dinheiro,"12,67",Concluído
26/05/2025,PED-2311,,Bolo de Cenoura,Bolos,2,"11,91",,Balcão,Cartão Débito,,Concluído
26/05/2025,PED-2312,,Brigadeiro Gourmet,Doces,3,"33,46",,iFood,Cartão Débito,,Concluído
26/05/2025,PED-2312,,Trufa de Morango,Doces,5,"18,93",,iFood,Cartão Crédito,"7,22",Concluído
26/05/2025,PED-2312,,Empada de Frango,Salgados,4,"25,46",,WhatsApp,PIX,,Concluído
27/05/2025,PED-2313,,Pão de Queijo,Salgados,3,"7,52","2,23",WhatsApp,Cartão Crédito,"3,03",Cancelado
27/05/2025,PED-2313,,Torta Holandesa,Tortas,2,"20,44","2,92",Balcão,PIX,,Concluído
27/05/2025,PED-2314,,Bolo de Chocolate,Bolos,3,"23,19",,Encomenda,Dinheiro,,Concluído
27/05/2025,PED-2314,,Pão de Queijo,Salgados,1,"29,80","1,60",iFood,Dinheiro,"13,23",Concluído
27/05/2025,PED-2315,,Bolo de Chocolate,Bolos,5,"13,48",,Encomenda,Cartão Crédito,"5,69",Cancelado
27/05/2025,PED-2316,,Bolo Red Velvet,Bolos,1,"34,82",,WhatsApp,Dinheiro,,Cancelado
27/05/2025,PED-2316,,Bolo de Cenoura,Bolos,5,"11,45","2,85",WhatsApp,Dinheiro,,Concluído
27/05/2025,PED-2316,,Trufa de Morango,Doces,2,"18,81","0,56",Encomenda,Dinheiro,"6,29",Concluído
27/05/2025,PED-2316,,Torta Holandesa,Tortas,2,"27,90",,Encomenda,Cartão Débito,"12,01",Concluído
27/05/2025,PED-2317,,Bolo de Chocolate,Bolos,4,"18,27","2,38",WhatsApp,Dinheiro,,Concluído
27/05/2025,PED-2317,,Trufa de Maracujá,Doces,2,"12,92",,WhatsApp,Cartão Crédito,,Cancelado
27/05/2025,PED-2317,,Brigadeiro Gourmet,Doces,1,"27,66",,iFood,Cartão Débito,"12,19",Concluído
27/05/2025,PED-2317,,Empada de Frango,Salgados,4,"16,08",,Encomenda,Dinheiro,,Concluído
27/05/2025,PED-2318,,Coxinha,Salgados,2,"19,03","1,42",iFood,Cartão Crédito,"7,80",Concluído
27/05/2025,PED-2318,,Bolo Red Velvet,Bolos,5,"27,42",,iFood,Cartão Crédito,"12,67",Concluído
27/05/2025,PED-2318,,Brigadeiro Gourmet,Doces,4,"24,60",,Balcão,PIX,,Cancelado
27/05/2025,PED-2319,,Bolo Red Velvet,Bolos,5,"21,33",,Encomenda,Dinheiro,"10,61",Concluído
27/05/2025,PED-2319,,Empada de Frango,Salgados,1,"15,53",,Encomenda,Dinheiro,"5,26",Cancelado
27/05/2025,PED-2319,,Brigadeiro Gourmet,Doces,1,"22,37","1,35",Encomenda,Dinheiro,,Concluído
27/05/2025,PED-2319,,Torta Holandesa,Tortas,4,"8,04",,iFood,Dinheiro,,Concluído
27/05/2025,PED-2320,,Pão de Queijo,Salgados,3,"12,13",,iFood,Dinheiro,"4,54",Concluído
27/05/2025,PED-2320,,Empada de Frango,Salgados,1,"5,73",,iFood,Dinheiro,,Cancelado
27/05/2025,PED-2320,,Brigadeiro,Doces,1,"23,02",,Encomenda,Cartão Crédito,"10,09",Concluído
27/05/2025,PED-2320,,Bolo de Cenoura,Bolos,2,"20,03","0,60",Balcão,Cartão Crédito,"6,42",Concluído
27/05/2025,PED-2321,,Brigadeiro Gourmet,Doces,2,"14,26",,Encomenda,Cartão Crédito,,Concluído
27/05/2025,PED-2322,,Trufa de Morango,Doces,1,"18,41",,Balcão,Dinheiro,,Concluído
27/05/2025,PED-2322,,Bolo de Cenoura,Bolos,1,"7,08",,iFood,Dinheiro,"2,37",Concluído
27/05/2025,PED-2322,,Bolo de Chocolate,Bolos,3,"19,25","1,94",WhatsApp,PIX,"8,71",Concluído
29/05/2025,PED-2323,,Trufa de Maracujá,Doces,4,"16,01",,Encomenda,Cartão Débito,,Cancelado
29/05/2025,PED-2323,,Pão de Queijo,Salgados,3,"23,48",,iFood,PIX,"8,84",Concluído
29/05/2025,PED-2323,,Torta de Limão,Tortas,1,"16,52",,WhatsApp,Cartão Crédito,"7,52",Concluído
29/05/2025,PED-2323,,Coxinha,Salgados,3,"6,61",,WhatsApp,Cartão Crédito,"3,22",Concluído
29/05/2025,PED-2324,,Torta Holandesa,Tortas,5,"20,53","0,79",Balcão,Cartão Débito,,Concluído
29/05/2025,PED-2324,,Pão de Queijo,Salgados,1,"25,33","2,56",iFood,Cartão Débito,"10,92",Cancelado
29/05/2025,PED-2324,,Torta de Limão,Tortas,4,"34,63",,Balcão,Dinheiro,"14,46",Concluído
29/05/2025,PED-2324,,Coxinha,Salgados,5,"18,82",,iFood,Cartão Crédito,"5,81",Concluído
29/05/2025,PED-2325,,Trufa de Maracujá,Doces,5,"30,28","1,92",WhatsApp,Cartão Débito,"10,64",Concluído
29/05/2025,PED-2325,,Bolo de Chocolate,Bolos,5,"23,07",,Balcão,Dinheiro,,Cancelado
29/05/2025,PED-2325,,Pão de Queijo,Salgados,1,"20,23",,iFood,PIX,"7,78",Concluído
29/05/2025,PED-2326,,Brigadeiro,Doces,5,"19,62",,Encomenda,PIX,"6,70",Concluído
29/05/2025,PED-2327,,Bolo de Chocolate,Bolos,2,"11,39","2,18",Encomenda,PIX,"4,20",Concluído
29/05/2025,PED-2328,,Trufa de Maracujá,Doces,5,"11,71","1,82",Balcão,PIX,,Concluído
29/05/2025,PED-2328,,Brigadeiro Gourmet,Doces,4,"16,54",,iFood,Cartão Crédito,,Concluído
29/05/2025,PED-2328,,Empada de Frango,Salgados,1,"20,83",,Balcão,Cartão Crédito,"10,14",Cancelado
29/05/2025,PED-2329,,Torta de Limão,Tortas,3,"8,30",,Balcão,Cartão Débito,"3,31",Concluído
29/05/2025,PED-2329,,Coxinha,Salgados,5,"10,90",,Encomenda,Cartão Crédito,"5,15",Cancelado
29/05/2025,PED-2329,,Bolo Red Velvet,Bolos,5,"27,19","1,68",iFood,Cartão Crédito,"9,67",Concluído
29/05/2025,PED-2330,,Brigadeiro,Doces,1,"16,37",,WhatsApp,Cartão Crédito,,Concluído
29/05/2025,PED-2331,,Pão de Queijo,Salgados,4,"33,48",,WhatsApp,Cartão Débito,,Concluído
29/05/2025,PED-2331,,Trufa de Morango,Doces,5,"15,20",,iFood,Cartão Débito,"7,11",Concluído
29/05/2025,PED-2331,,Bolo Red Velvet,Bolos,2,"29,74",,Balcão,Cartão Débito,"14,40",Concluído
29/05/2025,PED-2332,,Bolo Red Velvet,Bolos,1,"24,06","2,18",Balcão,Cartão Débito,"8,43",Concluído
29/05/2025,PED-2332,,Torta Holandesa,Tortas,4,"9,18",,Encomenda,Cartão Débito,,Concluído
29/05/2025,PED-2332,,Brigadeiro,Doces,1,"15,16","1,04",WhatsApp,Cartão Crédito,,Concluído
29/05/2025,PED-2332,,Bolo de Chocolate,Bolos,4,"26,99",,iFood,Cartão Crédito,"10,56",Concluído
29/05/2025,PED-2333,,Bolo de Cenoura,Bolos,1,"10,32",,Encomenda,Dinheiro,"4,84",Concluído
29/05/2025,PED-2334,,Bolo de Cenoura,Bolos,5,"30,50","1,34",iFood,Cartão Débito,"11,30",Concluído
29/05/2025,PED-2334,,Trufa de Maracujá,Doces,1,"26,41",,WhatsApp,Cartão Crédito,"8,32",Concluído
29/05/2025,PED-2334,,Brigadeiro Gourmet,Doces,1,"28,92",,iFood,Cartão Crédito,,Cancelado
29/05/2025,PED-2334,,Torta de Limão,Tortas,5,"34,27",,WhatsApp,Cartão Débito,"13,71",Concluído
29/05/2025,PED-2335,,Trufa de Maracujá,Doces,1,"11,31",,WhatsApp,Cartão Crédito,,Concluído
30/05/2025,PED-2336,,Brigadeiro,Doces,2,"5,68","2,72",Encomenda,Cartão Débito,,Concluído
30/05/2025,PED-2336,,Bolo Red Velvet,Bolos,4,"23,12","1,89",iFood,PIX,"11,30",Concluído
30/05/2025,PED-2337,,Empada de Frango,Salgados,1,"20,51",,Encomenda,Cartão Crédito,"8,22",Cancelado
30/05/2025,PED-2337,,Coxinha,Salgados,3,"14,27",,Balcão,Cartão Crédito,,Concluído
30/05/2025,PED-2338,,Brigadeiro,Doces,3,"31,12",,Encomenda,PIX,"11,46",Concluído
30/05/2025,PED-2338,,Brigadeiro Gourmet,Doces,2,"31,63","2,69",Balcão,Dinheiro,"14,00",Concluído
30/05/2025,PED-2339,,Brigadeiro,Doces,5,"19,60",,Encomenda,PIX,"6,37",Concluído
30/05/2025,PED-2339,,Trufa de Maracujá,Doces,5,"11,97","1,38",Balcão,Cartão Débito,,Concluído
30/05/2025,PED-2339,,Empada de Frango,Salgados,1,"15,42",,Encomenda,PIX,"5,66",Cancelado
30/05/2025,PED-2340,,Coxinha,Salgados,1,"9,27","1,56",Balcão,Cartão Débito,,Cancelado
30/05/2025,PED-2340,,Torta de Limão,Tortas,3,"22,25","1,52",iFood,Cartão Crédito,"8,41",Cancelado
30/05/2025,PED-2340,,Bolo de Chocolate,Bolos,3,"5,41",,iFood,Cartão Crédito,"2,62",Concluído
30/05/2025,PED-2340,,Brigadeiro Gourmet,Doces,2,"14,34",,Balcão,PIX,,Concluído
30/05/2025,PED-2341,,Trufa de Maracujá,Doces,4,"33,24",,Encomenda,PIX,,Concluído
30/05/2025,PED-2341,,Empada de Frango,Salgados,5,"32,74",,iFood,PIX,"13,70",Concluído
30/05/2025,PED-2341,,Coxinha,Salgados,1,"16,24","1,74",iFood,PIX,"6,67",Concluído
30/05/2025,PED-2342,,Bolo Red Velvet,Bolos,1,"34,42",,Balcão,PIX,"10,52",Cancelado
30/05/2025,PED-2343,,Bolo de Cenoura,Bolos,2,"14,16","1,41",Balcão,Dinheiro,"4,39",Cancelado
30/05/2025,PED-2343,,Trufa de Morango,Doces,1,"32,59",,Encomenda,Cartão Débito,"11,20",Concluído
30/05/2025,PED-2343,,Bolo Red Velvet,Bolos,4,"18,35",,Encomenda,PIX,"7,91",Cancelado
30/05/2025,PED-2343,,Empada de Frango,Salgados,1,"23,87","1,31",iFood,Cartão Crédito,"9,22",Cancelado
30/05/2025,PED-2344,,Trufa de Maracujá,Doces,3,"28,27",,Balcão,Cartão Débito,,Concluído
30/05/2025,PED-2344,,Coxinha,Salgados,2,"31,56","2,26",Balcão,Cartão Crédito,"13,94",Concluído
30/05/2025,PED-2344,,Torta Holandesa,Tortas,5,"17,30",,WhatsApp,Cartão Débito,,Concluído
30/05/2025,PED-2345,,Bolo Red Velvet,Bolos,1,"10,87","2,91",WhatsApp,Dinheiro,,Concluído
30/05/2025,PED-2345,,Torta de Limão,Tortas,3,"31,62",,WhatsApp,Dinheiro,,Concluído
30/05/2025,PED-2345,,Trufa de Maracujá,Doces,4,"20,32",,WhatsApp,Dinheiro,"6,34",Concluído
30/05/2025,PED-2346,,Torta de Limão,Tortas,2,"23,97",,iFood,PIX,"7,46",Concluído
30/05/2025,PED-2346,,Trufa de Morango,Doces,1,"34,63",,iFood,Cartão Débito,,Concluído
30/05/2025,PED-2346,,Pão de Queijo,Salgados,2,"33,76",,Encomenda,PIX,,Concluído
30/05/2025,PED-2346,,Brigadeiro Gourmet,Doces,1,"31,37",,Balcão,Dinheiro,"14,41",Concluído
30/05/2025,PED-2347,,Trufa de Maracujá,Doces,3,"28,41",,iFood,Cartão Crédito,,Cancelado
30/05/2025,PED-2347,,Coxinha,Salgados,1,"15,35",,iFood,Cartão Débito,,Concluído
30/05/2025,PED-2348,,Bolo de Cenoura,Bolos,5,"27,67",,WhatsApp,Cartão Débito,"9,97",Cancelado
30/05/2025,PED-2349,,Coxinha,Salgados,5,"13,77","2,46",Encomenda,Cartão Crédito,,Cancelado
30/05/2025,PED-2349,,Bolo de Cenoura,Bolos,1,"22,03","0,97",Balcão,Dinheiro,"10,21",Concluído
30/05/2025,PED-2349,,Brigadeiro,Doces,2,"6,06",,WhatsApp,Dinheiro,,Concluído
30/05/2025,PED-2350,,Bolo de Cenoura,Bolos,5,"16,87",,Balcão,Dinheiro,"5,61",Cancelado
31/05/2025,PED-2351,,Trufa de Maracujá,Doces,5,"9,79",,WhatsApp,PIX,"3,07",Concluído
31/05/2025,PED-2351,,Bolo Red Velvet,Bolos,5,"21,07",,WhatsApp,Cartão Crédito,"10,36",Concluído
31/05/2025,PED-2351,,Brigadeiro,Doces,1,"25,03",,Balcão,Dinheiro,,Concluído
31/05/2025,PED-2352,,Pão de Queijo,Salgados,5,"9,71","2,53",Balcão,Dinheiro,"3,53",Concluído
31/05/2025,PED-2353,,Bolo Red Velvet,Bolos,3,"15,19",,Encomenda,Dinheiro,"5,86",Concluído
31/05/2025,PED-2353,,Bolo de Chocolate,Bolos,4,"26,26","2,47",Encomenda,Cartão Crédito,"12,21",Concluído
31/05/2025,PED-2354,,Trufa de Maracujá,Doces,2,"23,81",,WhatsApp,Dinheiro,,Concluído
31/05/2025,PED-2354,,Torta de Limão,Tortas,2,"6,06","2,19",Balcão,Dinheiro,,Concluído
31/05/2025,PED-2355,,Torta Holandesa,Tortas,5,"12,69","2,06",WhatsApp,Dinheiro,,Concluído
31/05/2025,PED-2355,,Coxinha,Salgados,4,"21,34",,Encomenda,Cartão Crédito,"8,99",Concluído
31/05/2025,PED-2355,,Bolo de Chocolate,Bolos,5,"33,11",,WhatsApp,PIX,,Concluído
31/05/2025,PED-2356,,Bolo de Chocolate,Bolos,1,"25,19",,Balcão,Cartão Crédito,"7,60",Concluído
31/05/2025,PED-2357,,Torta de Limão,Tortas,2,"22,23",,Balcão,Cartão Crédito,"7,62",Concluído
31/05/2025,PED-2357,,Bolo de Chocolate,Bolos,4,"26,89",,WhatsApp,PIX,,Concluído
31/05/2025,PED-2357,,Empada de Frango,Salgados,3,"24,17",,Encomenda,PIX,,Concluído
31/05/2025,PED-2358,,Empada de Frango,Salgados,3,"27,54",,Balcão,PIX,"13,76",Cancelado
31/05/2025,PED-2358,,Bolo Red Velvet,Bolos,5,"9,68","2,94",WhatsApp,Cartão Débito,,Cancelado
31/05/2025,PED-2358,,Trufa de Maracujá,Doces,2,"11,76","1,59",Encomenda,PIX,"5,66",Concluído
31/05/2025,PED-2359,,Bolo Red Velvet,Bolos,1,"26,78",,Encomenda,Cartão Débito,,Concluído
31/05/2025,PED-2359,,Brigadeiro,Doces,5,"19,91","1,29",Encomenda,Cartão Crédito,"9,15",Concluído
31/05/2025,PED-2360,,Trufa de Morango,Doces,4,"14,45",,Balcão,Cartão Crédito,"5,49",Concluído
31/05/2025,PED-2361,,Bolo Red Velvet,Bolos,4,"24,69",,Balcão,Dinheiro,"9,94",Concluído
31/05/2025,PED-2361,,Pão de Queijo,Salgados,3,"16,03",,Balcão,Cartão Débito,"5,38",Concluído
31/05/2025,PED-2361,,Coxinha,Salgados,4,"33,79",,Balcão,Dinheiro,"13,77",Concluído
31/05/2025,PED-2362,,Bolo de Chocolate,Bolos,5,"8,65",,iFood,Cartão Débito,"3,88",Concluído
31/05/2025,PED-2362,,Brigadeiro,Doces,3,"34,05",,WhatsApp,Cartão Crédito,,Cancelado
31/05/2025,PED-2362,,Trufa de Morango,Doces,4,"15,10",,WhatsApp,Cartão Crédito,,Concluído
31/05/2025,PED-2362,,Bolo de Cenoura,Bolos,3,"8,66",,iFood,Cartão Débito,"4,11",Concluído
31/05/2025,PED-2363,,Pão de Queijo,Salgados,1,"22,36",,Balcão,Dinheiro,,Cancelado
31/05/2025,PED-2363,,Trufa de Maracujá,Doces,2,"21,94","0,88",WhatsApp,Cartão Crédito,,Cancelado
31/05/2025,PED-2363,,Trufa de Morango,Doces,3,"24,31",,Encomenda,PIX,,Concluído
31/05/2025,PED-2364,,Empada de Frango,Salgados,1,"31,95",,Encomenda,Dinheiro,,Cancelado
31/05/2025,PED-2364,,Trufa de Maracujá,Doces,3,"12,93",,iFood,Dinheiro,"6,25",Cancelado
31/05/2025,PED-2365,,Bolo de Cenoura,Bolos,4,"12,74",,Balcão,PIX,,Concluído
31/05/2025,PED-2366,,Empada de Frango,Salgados,4,"24,40",,WhatsApp,Cartão Crédito,,Cancelado
31/05/2025,PED-2366,,Brigadeiro Gourmet,Doces,5,"18,54",,iFood,Cartão Débito,"6,23",Concluído
31/05/2025,PED-2366,,Brigadeiro,Doces,4,"30,11",,Encomenda,Cartão Débito,"14,06",Concluído
31/05/2025,PED-2367,,Coxinha,Salgados,5,"11,90",,Balcão,Cartão Crédito,"5,87",Concluído
31/05/2025,PED-2367,,Trufa de Maracujá,Doces,3,"16,09",,iFood,PIX,,Concluído
01/06/2025,PED-2368,,Torta Holandesa,Tortas,4,"11,64","1,21",Balcão,Dinheiro,,Concluído
01/06/2025,PED-2368,,Brigadeiro,Doces,1,"23,22",,iFood,Cartão Débito,"10,27",Concluído
01/06/2025,PED-2368,,Empada de Frango,Salgados,1,"21,59",,iFood,Cartão Débito,"7,64",Concluído
01/06/2025,PED-2368,,Torta de Limão,Tortas,3,"33,62",,WhatsApp,PIX,"12,44",Concluído
01/06/2025,PED-2369,,Bolo Red Velvet,Bolos,3,"34,20","2,70",Balcão,PIX,,Concluído
01/06/2025,PED-2369,,Torta de Limão,Tortas,4,"10,67",,Encomenda,Dinheiro,"4,56",Concluído
01/06/2025,PED-2369,,Empada de Frango,Salgados,5,"18,99",,Balcão,Cartão Crédito,,Concluído
01/06/2025,PED-2369,,Coxinha,Salgados,5,"32,65",,Balcão,Cartão Crédito,"14,50",Cancelado
01/06/2025,PED-2370,,Bolo de Cenoura,Bolos,1,"22,06",,iFood,Cartão Débito,,Concluído
01/06/2025,PED-2371,,Bolo de Cenoura,Bolos,5,"28,86",,Encomenda,Cartão Débito,,Concluído
01/06/2025,PED-2372,,Torta Holandesa,Tortas,2,"25,04",,WhatsApp,PIX,,Concluído
01/06/2025,PED-2372,,Brigadeiro Gourmet,Doces,4,"34,55",,Encomenda,Cartão Crédito,"16,16",Concluído
01/06/2025,PED-2373,,Coxinha,Salgados,5,"27,95",,iFood,PIX,,Concluído
01/06/2025,PED-2374,,Bolo de Cenoura,Bolos,5,"31,61",,WhatsApp,Cartão Crédito,"10,51",Concluído
01/06/2025,PED-2374,,Bolo Red Velvet,Bolos,5,"28,41","0,65",Encomenda,Dinheiro,,Concluído
01/06/2025,PED-2374,,Torta Holandesa,Tortas,4,"27,16",,iFood,Cartão Crédito,"9,31",Concluído
01/06/2025,PED-2375,,Brigadeiro Gourmet,Doces,1,"9,44",,Encomenda,Dinheiro,"4,70",Cancelado
01/06/2025,PED-2375,,Trufa de Morango,Doces,4,"5,86",,Encomenda,Cartão Crédito,"2,66",Cancelado
01/06/2025,PED-2375,,Empada de Frango,Salgados,2,"14,20","0,59",Balcão,PIX,,Concluído
01/06/2025,PED-2375,,Bolo Red Velvet,Bolos,3,"25,66",,Encomenda,Cartão Crédito,,Concluído
01/06/2025,PED-2376,,Trufa de Morango,Doces,1,"19,23","2,68",iFood,Cartão Débito,,Concluído
01/06/2025,PED-2376,,Torta de Limão,Tortas,4,"17,97","0,84",iFood,Dinheiro,"6,68",Cancelado
01/06/2025,PED-2376,,Bolo Red Velvet,Bolos,2,"25,88",,Encomenda,Cartão Crédito,"10,79",Cancelado
01/06/2025,PED-2376,,Torta Holandesa,Tortas,1,"19,33",,WhatsApp,PIX,"7,08",Concluído
01/06/2025,PED-2377,,Trufa de Morango,Doces,5,"21,26",,Encomenda,Cartão Débito,"6,90",Concluído
01/06/2025,PED-2377,,Bolo Red Velvet,Bolos,3,"12,03","2,93",Balcão,Cartão Crédito,"3,63",Concluído
01/06/2025,PED-2378,,Torta Holandesa,Tortas,2,"20,60",,WhatsApp,Cartão Débito,"7,59",Concluído
01/06/2025,PED-2379,,Torta Holandesa,Tortas,3,"10,12",,Balcão,Dinheiro,"4,31",Concluído
01/06/2025,PED-2379,,Coxinha,Salgados,4,"13,59","2,35",WhatsApp,PIX,,Concluído
01/06/2025,PED-2379,,Trufa de Maracujá,Doces,4,"25,17",,WhatsApp,PIX,,Cancelado
01/06/2025,PED-2379,,Bolo de Cenoura,Bolos,4,"19,53",,WhatsApp,Cartão Crédito,"9,35",Concluído
01/06/2025,PED-2380,,Trufa de Maracujá,Doces,1,"13,51",,Encomenda,Dinheiro,,Concluído
01/06/2025,PED-2380,,Pão de Queijo,Salgados,5,"27,25",,iFood,Dinheiro,,Concluído
01/06/2025,PED-2381,,Bolo de Chocolate,Bolos,2,"14,55",,WhatsApp,Cartão Débito,,Concluído
01/06/2025,PED-2381,,Brigadeiro Gourmet,Doces,1,"21,32",,Balcão,Cartão Débito,,Concluído
01/06/2025,PED-2381,,Brigadeiro,Doces,4,"13,97",,Balcão,Cartão Crédito,,Concluído
01/06/2025,PED-2381,,Pão de Queijo,Salgados,4,"28,40",,Encomenda,Cartão Débito,,Concluído
01/06/2025,PED-2382,,Brigadeiro Gourmet,Doces,3,"8,92",,Encomenda,Cartão Débito,"3,86",Concluído
01/06/2025,PED-2382,,Torta Holandesa,Tortas,2,"18,23",,Encomenda,PIX,,Cancelado
01/06/2025,PED-2382,,Bolo Red Velvet,Bolos,5,"22,55",,iFood,PIX,,Cancelado
02/06/2025,PED-2383,,Brigadeiro,Doces,4,"29,70","2,07",WhatsApp,PIX,,Concluído
02/06/2025,PED-2384,,Bolo de Chocolate,Bolos,5,"8,87",,Encomenda,Cartão Débito,,Concluído
02/06/2025,PED-2384,,Brigadeiro,Doces,1,"8,30",,Encomenda,Dinheiro,"3,21",Concluído
02/06/2025,PED-2384,,Bolo Red Velvet,Bolos,4,"31,46",,iFood,Cartão Crédito,"12,40",Concluído
02/06/2025,PED-2385,,Empada de Frango,Salgados,5,"19,67",,iFood,PIX,"7,21",Concluído
02/06/2025,PED-2385,,Pão de Queijo,Salgados,2,"20,61",,Encomenda,PIX,"8,51",Concluído
02/06/2025,PED-2386,,Brigadeiro,Doces,5,"14,33",,iFood,Dinheiro,,Concluído
02/06/2025,PED-2386,,Pão de Queijo,Salgados,5,"27,78",,iFood,Cartão Crédito,,Concluído
02/06/2025,PED-2386,,Trufa de Morango,Doces,3,"22,83",,WhatsApp,Dinheiro,"9,19",Concluído
02/06/2025,PED-2387,,Torta Holandesa,Tortas,2,"5,64","2,38",Encomenda,Cartão Crédito,,Concluído
02/06/2025,PED-2387,,Bolo de Cenoura,Bolos,2,"32,97","1,39",Encomenda,PIX,,Concluído
02/06/2025,PED-2388,,Torta Holandesa,Tortas,5,"16,67",,Balcão,Cartão Crédito,"6,99",Concluído
02/06/2025,PED-2388,,Brigadeiro,Doces,1,"5,20",,Encomenda,Cartão Crédito,"1,57",Concluído
02/06/2025,PED-2389,,Brigadeiro,Doces,4,"17,46",,iFood,Cartão Débito,,Concluído
02/06/2025,PED-2389,,Bolo Red Velvet,Bolos,4,"8,74",,Balcão,PIX,,Concluído
02/06/2025,PED-2389,,Trufa de Morango,Doces,4,"8,96",,Balcão,Dinheiro,,Concluído
02/06/2025,PED-2389,,Brigadeiro Gourmet,Doces,4,"19,33",,Encomenda,Cartão Crédito,,Cancelado
02/06/2025,PED-2390,,Brigadeiro Gourmet,Doces,2,"33,20","1,88",Balcão,Cartão Débito,,Concluído
02/06/2025,PED-2390,,Coxinha,Salgados,5,"25,52",,Balcão,PIX,"9,41",Concluído
02/06/2025,PED-2390,,Brigadeiro,Doces,3,"27,21","2,39",WhatsApp,Cartão Crédito,"11,39",Concluído
02/06/2025,PED-2391,,Brigadeiro Gourmet,Doces,5,"6,77","2,59",Balcão,Cartão Crédito,"2,86",Concluído
02/06/2025,PED-2391,,Trufa de Maracujá,Doces,1,"18,24",,Encomenda,Cartão Débito,"8,61",Concluído
02/06/2025,PED-2392,,Brigadeiro Gourmet,Doces,2,"17,21",,WhatsApp,Dinheiro,"7,21",Concluído
02/06/2025,PED-2392,,Brigadeiro,Doces,3,"9,18",,Encomenda,Dinheiro,,Concluído
02/06/2025,PED-2393,,Brigadeiro,Doces,3,"18,52",,iFood,Dinheiro,"5,55",Concluído
03/06/2025,PED-2394,,Brigadeiro Gourmet,Doces,1,"31,91",,iFood,Dinheiro,"10,31",Concluído
03/06/2025,PED-2394,,Coxinha,Salgados,5,"34,77","2,58",iFood,Cartão Crédito,,Cancelado
03/06/2025,PED-2394,,Trufa de Morango,Doces,1,"34,12",,Balcão,Cartão Débito,"15,89",Cancelado
03/06/2025,PED-2394,,Bolo de Cenoura,Bolos,2,"29,66",,Encomenda,Cartão Crédito,"13,91",Concluído
03/06/2025,PED-2395,,Brigadeiro,Doces,3,"26,11",,Balcão,PIX,,Cancelado
03/06/2025,PED-2396,,Coxinha,Salgados,1,"5,47",,iFood,Cartão Crédito,"2,57",Concluído
03/06/2025,PED-2396,,Brigadeiro,Doces,1,"27,19",,Balcão,Cartão Débito,"10,24",Cancelado
03/06/2025,PED-2396,,Empada de Frango,Salgados,5,"28,27",,iFood,Dinheiro,,Concluído
03/06/2025,PED-2397,,Bolo de Cenoura,Bolos,5,"32,51","1,06",Encomenda,Cartão Crédito,"10,28",Concluído
03/06/2025,PED-2397,,Pão de Queijo,Salgados,1,"24,78",,WhatsApp,PIX,,Concluído
03/06/2025,PED-2397,,Torta Holandesa,Tortas,3,"27,87","0,54",Balcão,Cartão Crédito,,Concluído
03/06/2025,PED-2398,,Pão de Queijo,Salgados,2,"13,50",,WhatsApp,Dinheiro,"5,00",Cancelado
03/06/2025,PED-2398,,Brigadeiro,Doces,1,"15,86",,WhatsApp,Cartão Crédito,,Concluído
03/06/2025,PED-2399,,Coxinha,Salgados,4,"19,28","0,89",Encomenda,Dinheiro,"5,81",Concluído
03/06/2025,PED-2399,,Trufa de Maracujá,Doces,2,"33,28","2,81",WhatsApp,Dinheiro,,Concluído
03/06/2025,PED-2399,,Empada de Frango,Salgados,4,"7,43",,Encomenda,Cartão Débito,,Concluído
03/06/2025,PED-2399,,Pão de Queijo,Salgados,1,"32,59",,Balcão,Dinheiro,"12,59",Concluído
03/06/2025,PED-2400,,Torta de Limão,Tortas,5,"14,42",,iFood,Cartão Crédito,"4,85",Cancelado
03/06/2025,PED-2400,,Torta Holandesa,Tortas,2,"34,51","0,65",WhatsApp,Dinheiro,,Concluído
03/06/2025,PED-2401,,Pão de Queijo,Salgados,5,"31,95",,Encomenda,Dinheiro,,Cancelado
03/06/2025,PED-2401,,Trufa de Morango,Doces,5,"21,57",,Balcão,Dinheiro,"7,95",Concluído
03/06/2025,PED-2401,,Empada de Frango,Salgados,2,"7,00","2,52",iFood,Dinheiro,"2,27",Cancelado
03/06/2025,PED-2402,,Brigadeiro Gourmet,Doces,4,"15,44",,Balcão,Cartão Crédito,,Concluído
03/06/2025,PED-2403,,Bolo de Chocolate,Bolos,4,"16,18",,iFood,Dinheiro,"6,68",Concluído
03/06/2025,PED-2403,,Empada de Frango,Salgados,5,"5,47",,Balcão,Cartão Crédito,,Concluído
03/06/2025,PED-2403,,Brigadeiro,Doces,4,"33,35",,WhatsApp,Cartão Débito,"13,96",Cancelado
05/06/2025,PED-2404,,Bolo de Cenoura,Bolos,5,"32,24",,Encomenda,Cartão Crédito,"11,98",Concluído
05/06/2025,PED-2404,,Brigadeiro Gourmet,Doces,2,"17,95",,Balcão,Cartão Débito,"8,08",Concluído
05/06/2025,PED-2404,,Bolo Red Velvet,Bolos,1,"6,83",,Encomenda,Dinheiro,"2,76",Concluído
05/06/2025,PED-2405,,Torta de Limão,Tortas,5,"18,11",,Encomenda,PIX,"8,26",Cancelado
05/06/2025,PED-2405,,Trufa de Morango,Doces,4,"23,26",,Encomenda,PIX,,Cancelado
05/06/2025,PED-2405,,Empada de Frango,Salgados,4,"21,34",,iFood,Cartão Crédito,"8,63",Cancelado
05/06/2025,PED-2406,,Coxinha,Salgados,3,"21,21",,Encomenda,Cartão Débito,,Concluído
05/06/2025,PED-2406,,Torta de Limão,Tortas,1,"11,47",,Encomenda,PIX,,Concluído
05/06/2025,PED-2406,,Bolo de Chocolate,Bolos,2,"8,55",,iFood,PIX,"4,20",Concluído
05/06/2025,PED-2406,,Bolo de Cenoura,Bolos,1,"20,98",,iFood,Cartão Crédito,,Concluído
05/06/2025,PED-2407,,Bolo Red Velvet,Bolos,2,"18,90",,WhatsApp,Cartão Débito,,Concluído
05/06/2025,PED-2407,,Bolo de Cenoura,Bolos,2,"8,59",,Encomenda,Dinheiro,"3,21",Concluído
05/06/2025,PED-2407,,Trufa de Maracujá,Doces,5,"30,09",,WhatsApp,PIX,,Concluído
05/06/2025,PED-2407,,Bolo de Chocolate,Bolos,1,"34,72",,iFood,Cartão Débito,,Concluído
05/06/2025,PED-2408,,Brigadeiro Gourmet,Doces,1,"33,60",,Encomenda,PIX,,Concluído
05/06/2025,PED-2409,,Torta de Limão,Tortas,4,"24,07",,iFood,Dinheiro,,Concluído
05/06/2025,PED-2409,,Torta Holandesa,Tortas,1,"8,95",,Balcão,Dinheiro,"3,07",Concluído
05/06/2025,PED-2410,,Torta de Limão,Tortas,4,"28,21",,Encomenda,Cartão Crédito,"10,76",Concluído
06/06/2025,PED-2411,,Coxinha,Salgados,2,"22,08",,WhatsApp,PIX,"10,82",Concluído
06/06/2025,PED-2411,,Brigadeiro Gourmet,Doces,2,"30,66",,iFood,PIX,"10,33",Concluído
06/06/2025,PED-2411,,Trufa de Maracujá,Doces,1,"9,78","2,80",WhatsApp,Dinheiro,,Concluído
06/06/2025,PED-2411,,Bolo Red Velvet,Bolos,2,"6,88",,WhatsApp,Cartão Crédito,"2,82",Concluído
06/06/2025,PED-2412,,Brigadeiro Gourmet,Doces,4,"23,07","1,71",Balcão,PIX,"8,66",Cancelado
06/06/2025,PED-2413,,Brigadeiro Gourmet,Doces,2,"8,23","0,64",WhatsApp,Cartão Crédito,"2,58",Cancelado
06/06/2025,PED-2413,,Trufa de Maracujá,Doces,5,"19,74",,WhatsApp,Cartão Crédito,"8,88",Concluído
06/06/2025,PED-2413,,Empada de Frango,Salgados,1,"8,90",,Balcão,Cartão Débito,,Concluído
06/06/2025,PED-2413,,Coxinha,Salgados,1,"14,00",,iFood,Cartão Débito,"5,28",Concluído
06/06/2025,PED-2414,,Pão de Queijo,Salgados,3,"20,64","1,40",WhatsApp,Dinheiro,"10,03",Cancelado
06/06/2025,PED-2414,,Torta Holandesa,Tortas,4,"30,08",,iFood,PIX,,Concluído
06/06/2025,PED-2415,,Brigadeiro Gourmet,Doces,2,"23,46","2,09",Encomenda,Dinheiro,,Concluído
06/06/2025,PED-2415,,Pão de Queijo,Salgados,1,"6,03",,iFood,PIX,,Concluído
06/06/2025,PED-2416,,Pão de Queijo,Salgados,5,"19,92",,Encomenda,Dinheiro,,Cancelado
06/06/2025,PED-2416,,Torta Holandesa,Tortas,5,"26,44","0,73",WhatsApp,Dinheiro,"8,21",Concluído
06/06/2025,PED-2416,,Coxinha,Salgados,5,"28,45","0,89",WhatsApp,Cartão Crédito,,Concluído
06/06/2025,PED-2417,,Empada de Frango,Salgados,3,"25,11",,WhatsApp,PIX,,Concluído
06/06/2025,PED-2417,,Bolo Red Velvet,Bolos,2,"11,56",,iFood,Cartão Débito,,Cancelado
06/06/2025,PED-2418,,Coxinha,Salgados,3,"5,56",,iFood,PIX,,Concluído
06/06/2025,PED-2419,,Brigadeiro Gourmet,Doces,1,"15,47",,iFood,Cartão Crédito,"5,83",Concluído
06/06/2025,PED-2419,,Coxinha,Salgados,4,"5,15",,WhatsApp,Dinheiro,"2,56",Concluído
06/06/2025,PED-2419,,Torta de Limão,Tortas,5,"33,15",,Encomenda,PIX,"16,09",Concluído
06/06/2025,PED-2419,,Pão de Queijo,Salgados,3,"27,75","2,45",WhatsApp,PIX,"9,77",Concluído
06/06/2025,PED-2420,,Brigadeiro Gourmet,Doces,3,"34,56","2,14",Balcão,Cartão Crédito,"14,94",Concluído
06/06/2025,PED-2421,,Bolo de Chocolate,Bolos,1,"14,48",,WhatsApp,Cartão Débito,"6,99",Cancelado
06/06/2025,PED-2421,,Brigadeiro Gourmet,Doces,3,"34,77",,iFood,Cartão Crédito,"14,05",Concluído
06/06/2025,PED-2421,,Empada de Frango,Salgados,2,"9,01",,Encomenda,PIX,"2,75",Concluído
06/06/2025,PED-2421,,Trufa de Maracujá,Doces,1,"27,82",,WhatsApp,Cartão Crédito,"12,29",Concluído
06/06/2025,PED-2422,,Bolo de Cenoura,Bolos,4,"33,23",,iFood,Cartão Débito,"16,12",Concluído
06/06/2025,PED-2423,,Pão de Queijo,Salgados,4,"15,10",,WhatsApp,Cartão Crédito,,Concluído
07/06/2025,PED-2424,,Bolo Red Velvet,Bolos,5,"22,51","1,76",iFood,Cartão Crédito,"9,30",Concluído
07/06/2025,PED-2424,,Coxinha,Salgados,3,"13,54","0,72",iFood,PIX,"5,67",Cancelado
07/06/2025,PED-2424,,Trufa de Morango,Doces,5,"5,96",,WhatsApp,PIX,"2,72",Concluído
07/06/2025,PED-2424,,Torta de Limão,Tortas,5,"29,89","0,53",Balcão,Cartão Débito,,Concluído
07/06/2025,PED-2425,,Bolo de Cenoura,Bolos,1,"8,07",,Balcão,Cartão Débito,"3,26",Concluído
07/06/2025,PED-2426,,Torta Holandesa,Tortas,3,"21,90",,iFood,Dinheiro,,Concluído
07/06/2025,PED-2426,,Brigadeiro,Doces,5,"5,10","2,93",iFood,Cartão Crédito,"2,48",Cancelado
07/06/2025,PED-2427,,Brigadeiro Gourmet,Doces,5,"30,75",,WhatsApp,Dinheiro,"14,79",Concluído
07/06/2025,PED-2428,,Pão de Queijo,Salgados,2,"32,29","1,49",Encomenda,Dinheiro,"9,92",Concluído
07/06/2025,PED-2428,,Torta Holandesa,Tortas,2,"12,42",,WhatsApp,Dinheiro,"4,28",Concluído
07/06/2025,PED-2428,,Trufa de Morango,Doces,4,"25,84","1,95",iFood,Cartão Débito,,Cancelado
07/06/2025,PED-2428,,Coxinha,Salgados,1,"24,20",,WhatsApp,PIX,"10,56",Concluído
07/06/2025,PED-2429,,Bolo de Chocolate,Bolos,5,"17,62","0,74",WhatsApp,PIX,,Concluído
07/06/2025,PED-2429,,Bolo de Cenoura,Bolos,5,"5,18",,Encomenda,Dinheiro,"2,12",Concluído
07/06/2025,PED-2429,,Torta de Limão,Tortas,3,"26,45","2,22",Encomenda,Cartão Crédito,"9,76",Cancelado
07/06/2025,PED-2429,,Trufa de Maracujá,Doces,2,"17,01",,Encomenda,Cartão Débito,,Concluído
07/06/2025,PED-2430,,Bolo de Chocolate,Bolos,4,"11,15","1,51",iFood,Cartão Crédito,,Concluído
07/06/2025,PED-2430,,Bolo Red Velvet,Bolos,5,"18,71","1,63",iFood,Cartão Crédito,"6,58",Concluído
07/06/2025,PED-2430,,Trufa de Morango,Doces,3,"19,28",,iFood,Cartão Débito,"7,49",Concluído
07/06/2025,PED-2430,,Brigadeiro,Doces,2,"34,36",,WhatsApp,Cartão Crédito,,Concluído
07/06/2025,PED-2431,,Pão de Queijo,Salgados,5,"5,22",,Encomenda,Cartão Débito,,Concluído
07/06/2025,PED-2431,,Torta de Limão,Tortas,5,"31,28",,WhatsApp,Cartão Crédito,,Concluído
07/06/2025,PED-2432,,Empada de Frango,Salgados,1,"26,50",,iFood,Cartão Crédito,"9,00",Cancelado
07/06/2025,PED-2432,,Bolo de Chocolate,Bolos,2,"12,72",,iFood,Dinheiro,"5,34",Concluído
07/06/2025,PED-2432,,Coxinha,Salgados,4,"6,19","1,06",iFood,Dinheiro,"3,05",Concluído
07/06/2025,PED-2433,,Torta Holandesa,Tortas,2,"20,82",,iFood,Dinheiro,,Concluído
07/06/2025,PED-2434,,Trufa de Morango,Doces,2,"26,15","2,72",Encomenda,PIX,,Concluído
07/06/2025,PED-2434,,Trufa de Maracujá,Doces,4,"16,93",,iFood,Cartão Crédito,,Concluído
07/06/2025,PED-2435,,Brigadeiro,Doces,2,"13,94","2,81",Encomenda,Cartão Débito,"6,36",Concluído
07/06/2025,PED-2436,,Pão de Queijo,Salgados,5,"34,02",,WhatsApp,Cartão Crédito,"10,81",Concluído
07/06/2025,PED-2436,,Bolo Red Velvet,Bolos,4,"6,83",,iFood,Dinheiro,,Concluído
07/06/2025,PED-2436,,Bolo de Chocolate,Bolos,5,"17,24","1,17",WhatsApp,PIX,"7,35",Concluído
07/06/2025,PED-2437,,Trufa de Morango,Doces,3,"8,57",,Encomenda,Cartão Débito,,Concluído
07/06/2025,PED-2438,,Empada de Frango,Salgados,3,"5,93",,Encomenda,Dinheiro,"1,99",Concluído
07/06/2025,PED-2438,,Pão de Queijo,Salgados,4,"26,62","1,35",Balcão,Cartão Crédito,,Concluído
07/06/2025,PED-2438,,Brigadeiro,Doces,5,"31,07",,WhatsApp,PIX,,Concluído
07/06/2025,PED-2438,,Trufa de Maracujá,Doces,2,"8,88",,iFood,Cartão Débito,"3,53",Cancelado
07/06/2025,PED-2439,,Torta de Limão,Tortas,4,"15,17","1,55",Balcão,Cartão Crédito,"7,33",Cancelado
07/06/2025,PED-2439,,Bolo de Cenoura,Bolos,1,"7,70","2,10",iFood,Dinheiro,,Concluído
07/06/2025,PED-2439,,Brigadeiro,Doces,3,"22,50","0,60",WhatsApp,Cartão Débito,"8,79",Concluído
07/06/2025,PED-2440,,Empada de Frango,Salgados,3,"14,33",,iFood,Cartão Débito,"5,53",Concluído
07/06/2025,PED-2440,,Brigadeiro,Doces,3,"16,92",,Balcão,PIX,"6,81",Concluído
07/06/2025,PED-2440,,Bolo de Chocolate,Bolos,5,"23,50",,Encomenda,Cartão Débito,,Concluído
08/06/2025,PED-2441,,Torta Holandesa,Tortas,3,"15,93",,iFood,PIX,"6,87",Concluído
08/06/2025,PED-2441,,Pão de Queijo,Salgados,2,"13,18",,Encomenda,Dinheiro,"6,29",Concluído
08/06/2025,PED-2441,,Empada de Frango,Salgados,4,"11,32",,WhatsApp,Dinheiro,"4,21",Concluído
08/06/2025,PED-2442,,Trufa de Morango,Doces,2,"29,59",,iFood,Cartão Débito,"14,58",Concluído
08/06/2025,PED-2442,,Brigadeiro,Doces,1,"15,02",,iFood,Dinheiro,,Concluído
08/06/2025,PED-2442,,Torta de Limão,Tortas,4,"32,96",,iFood,PIX,"10,85",Concluído
08/06/2025,PED-2442,,Bolo de Chocolate,Bolos,3,"27,87",,WhatsApp,Dinheiro,"9,47",Concluído
08/06/2025,PED-2443,,Bolo de Chocolate,Bolos,1,"26,64",,Balcão,Cartão Débito,"12,84",Concluído
08/06/2025,PED-2443,,Brigadeiro Gourmet,Doces,3,"26,73","2,31",Encomenda,Cartão Crédito,"10,77",Cancelado
08/06/2025,PED-2444,,Brigadeiro,Doces,3,"16,09",,iFood,Dinheiro,"7,49",Cancelado
08/06/2025,PED-2444,,Pão de Queijo,Salgados,4,"11,42",,WhatsApp,Cartão Crédito,,Concluído
08/06/2025,PED-2444,,Empada de Frango,Salgados,5,"10,38",,iFood,Cartão Débito,"3,49",Concluído
08/06/2025,PED-2444,,Bolo Red Velvet,Bolos,4,"33,08",,Balcão,PIX,"12,16",Concluído
08/06/2025,PED-2445,,Pão de Queijo,Salgados,5,"22,33",,Encomenda,Dinheiro,"8,94",Concluído
08/06/2025,PED-2446,,Torta Holandesa,Tortas,5,"17,04",,iFood,Dinheiro,"5,50",Cancelado
08/06/2025,PED-2447,,Torta de Limão,Tortas,4,"16,80",,Balcão,Cartão Crédito,"8,12",Concluído
08/06/2025,PED-2447,,Brigadeiro Gourmet,Doces,3,"29,39",,WhatsApp,Cartão Débito,,Concluído
09/06/2025,PED-2448,,Empada de Frango,Salgados,2,"34,15",,iFood,Cartão Crédito,"15,54",Concluído
09/06/2025,PED-2449,,Coxinha,Salgados,3,"20,15",,WhatsApp,Cartão Débito,"8,11",Cancelado
09/06/2025,PED-2449,,Brigadeiro Gourmet,Doces,4,"15,17","2,02",Balcão,Cartão Crédito,,Concluído
09/06/2025,PED-2449,,Trufa de Maracujá,Doces,3,"34,11",,iFood,Cartão Débito,,Cancelado
09/06/2025,PED-2449,,Bolo Red Velvet,Bolos,4,"33,18",,Balcão,Cartão Crédito,,Concluído
09/06/2025,PED-2450,,Brigadeiro,Doces,3,"28,08","2,51",Encomenda,Dinheiro,,Concluído
09/06/2025,PED-2450,,Torta de Limão,Tortas,3,"18,51",,WhatsApp,Cartão Crédito,"5,66",Concluído
09/06/2025,PED-2451,,Brigadeiro Gourmet,Doces,1,"17,33",,WhatsApp,Cartão Crédito,,Concluído
09/06/2025,PED-2451,,Pão de Queijo,Salgados,4,"32,83",,iFood,Cartão Débito,"10,26",Concluído
09/06/2025,PED-2451,,Bolo de Chocolate,Bolos,2,"33,40",,Balcão,Dinheiro,"16,22",Concluído
09/06/2025,PED-2451,,Trufa de Morango,Doces,3,"16,58",,iFood,Cartão Débito,,Cancelado
09/06/2025,PED-2452,,Trufa de Maracujá,Doces,4,"10,03",,Encomenda,Cartão Crédito,"4,60",Concluído
09/06/2025,PED-2452,,Trufa de Morango,Doces,1,"25,84",,iFood,Dinheiro,,Concluído
09/06/2025,PED-2452,,Bolo Red Velvet,Bolos,4,"25,59",,Balcão,Cartão Débito,"8,08",Concluído
09/06/2025,PED-2453,,Empada de Frango,Salgados,5,"30,63",,Balcão,PIX,"12,59",Concluído
09/06/2025,PED-2453,,Trufa de Maracujá,Doces,4,"32,37",,Balcão,Dinheiro,,Concluído
09/06/2025,PED-2453,,Bolo Red Velvet,Bolos,3,"20,09",,iFood,PIX,"6,40",Concluído
09/06/2025,PED-2453,,Bolo de Cenoura,Bolos,2,"6,79",,WhatsApp,PIX,"2,86",Concluído
09/06/2025,PED-2454,,Brigadeiro,Doces,1,"12,57",,WhatsApp,Dinheiro,"5,37",Cancelado
09/06/2025,PED-2454,,Coxinha,Salgados,5,"26,80",,Balcão,Cartão Crédito,"13,07",Concluído
09/06/2025,PED-2454,,Pão de Queijo,Salgados,4,"22,70",,WhatsApp,Dinheiro,,Cancelado
09/06/2025,PED-2454,,Bolo de Chocolate,Bolos,3,"14,52",,Encomenda,Cartão Crédito,"4,89",Concluído
09/06/2025,PED-2455,,Brigadeiro Gourmet,Doces,1,"16,25","1,15",WhatsApp,PIX,,Concluído
09/06/2025,PED-2455,,Bolo Red Velvet,Bolos,4,"29,54",,iFood,Dinheiro,"13,49",Cancelado
09/06/2025,PED-2455,,Trufa de Morango,Doces,4,"24,43",,iFood,Cartão Crédito,"10,09",Cancelado
09/06/2025,PED-2455,,Torta Holandesa,Tortas,1,"23,26",,iFood,PIX,"9,81",Concluído
09/06/2025,PED-2456,,Trufa de Maracujá,Doces,2,"17,73",,Encomenda,Dinheiro,"5,86",Cancelado
09/06/2025,PED-2456,,Trufa de Morango,Doces,4,"28,15","1,18",Balcão,Dinheiro,"12,20",Cancelado
09/06/2025,PED-2456,,Torta de Limão,Tortas,2,"12,45",,WhatsApp,Cartão Débito,"5,65",Concluído
09/06/2025,PED-2457,,Bolo Red Velvet,Bolos,2,"24,15","1,08",iFood,Dinheiro,,Concluído
09/06/2025,PED-2457,,Torta Holandesa,Tortas,1,"32,66","1,02",iFood,Cartão Crédito,"11,76",Cancelado
09/06/2025,PED-2457,,Bolo de Chocolate,Bolos,1,"15,01",,iFood,Cartão Crédito,,Concluído
09/06/2025,PED-2457,,Brigadeiro,Doces,4,"32,67","2,19",iFood,Cartão Crédito,,Cancelado
09/06/2025,PED-2458,,Empada de Frango,Salgados,3,"19,44",,Encomenda,Cartão Crédito,,Concluído
09/06/2025,PED-2458,,Torta de Limão,Tortas,3,"31,17",,WhatsApp,PIX,"11,93",Concluído
09/06/2025,PED-2458,,Bolo de Chocolate,Bolos,3,"6,49",,WhatsApp,Cartão Débito,"2,51",Concluído
09/06/2025,PED-2458,,Pão de Queijo,Salgados,1,"12,27",,Encomenda,Cartão Crédito,"6,08",Concluído
10/06/2025,PED-2459,,Bolo Red Velvet,Bolos,1,"18,34",,Balcão,Cartão Débito,"7,43",Concluído
10/06/2025,PED-2459,,Bolo de Chocolate,Bolos,1,"20,32",,iFood,Dinheiro,"9,55",Cancelado
10/06/2025,PED-2459,,Brigadeiro,Doces,3,"8,58",,Encomenda,Cartão Crédito,,Concluído
10/06/2025,PED-2460,,Bolo Red Velvet,Bolos,5,"32,50",,WhatsApp,PIX,,Concluído
10/06/2025,PED-2460,,Coxinha,Salgados,1,"27,44","0,50",Balcão,Cartão Crédito,"13,61",Concluído
10/06/2025,PED-2461,,Trufa de Maracujá,Doces,2,"11,18",,iFood,Cartão Crédito,"4,13",Concluído
10/06/2025,PED-2462,,Trufa de Maracujá,Doces,4,"10,43",,Balcão,Dinheiro,"4,42",Concluído
10/06/2025,PED-2463,,Trufa de Maracujá,Doces,1,"12,93",,Encomenda,Cartão Débito,,Concluído
10/06/2025,PED-2463,,Empada de Frango,Salgados,1,"14,04",,WhatsApp,Dinheiro,"6,32",Concluído
10/06/2025,PED-2464,,Brigadeiro Gourmet,Doces,3,"9,51",,WhatsApp,Dinheiro,,Concluído
10/06/2025,PED-2464,,Trufa de Maracujá,Doces,1,"15,06",,Balcão,PIX,"5,26",Concluído
10/06/2025,PED-2464,,Brigadeiro,Doces,4,"22,40","1,39",WhatsApp,PIX,,Concluído
10/06/2025,PED-2464,,Coxinha,Salgados,1,"21,45","2,81",iFood,Dinheiro,,Concluído
10/06/2025,PED-2465,,Brigadeiro Gourmet,Doces,3,"18,34",,Balcão,PIX,"8,95",Concluído
10/06/2025,PED-2465,,Coxinha,Salgados,4,"30,76",,Balcão,Dinheiro,"13,68",Concluído
10/06/2025,PED-2466,,Torta Holandesa,Tortas,4,"27,52","0,60",Balcão,Dinheiro,"10,01",Concluído
10/06/2025,PED-2466,,Torta de Limão,Tortas,5,"8,40","0,73",WhatsApp,PIX,"3,67",Concluído
10/06/2025,PED-2466,,Trufa de Morango,Doces,2,"19,94",,WhatsApp,Dinheiro,,Concluído
10/06/2025,PED-2467,,Empada de Frango,Salgados,3,"33,70",,Encomenda,Cartão Débito,,Concluído
10/06/2025,PED-2467,,Brigadeiro Gourmet,Doces,4,"7,29",,WhatsApp,Dinheiro,"3,44",Concluído
10/06/2025,PED-2467,,Pão de Queijo,Salgados,2,"16,11",,iFood,Cartão Débito,"6,53",Concluído
10/06/2025,PED-2468,,Bolo Red Velvet,Bolos,1,"34,52",,Balcão,Cartão Débito,,Concluído
11/06/2025,PED-2469,,Bolo de Cenoura,Bolos,2,"14,06","1,22",WhatsApp,PIX,,Concluído
11/06/2025,PED-2469,,Bolo de Chocolate,Bolos,2,"13,31",,iFood,PIX,"6,04",Concluído
11/06/2025,PED-2469,,Pão de Queijo,Salgados,1,"33,69",,iFood,PIX,"15,30",Concluído
11/06/2025,PED-2470,,Bolo de Chocolate,Bolos,1,"23,94",,WhatsApp,Cartão Débito,"7,71",Cancelado
11/06/2025,PED-2470,,Torta de Limão,Tortas,5,"11,94",,Encomenda,Dinheiro,,Concluído
11/06/2025,PED-2470,,Bolo Red Velvet,Bolos,5,"31,29","1,45",Encomenda,Cartão Débito,"12,22",Concluído
11/06/2025,PED-2470,,Bolo de Cenoura,Bolos,5,"19,52","0,74",WhatsApp,PIX,,Concluído
11/06/2025,PED-2471,,Bolo de Chocolate,Bolos,3,"33,08",,Balcão,Cartão Crédito,,Cancelado
11/06/2025,PED-2472,,Brigadeiro,Doces,4,"8,01",,Encomenda,Cartão Débito,,Concluído
11/06/2025,PED-2472,,Torta de Limão,Tortas,5,"6,14",,Balcão,Cartão Crédito,,Concluído
11/06/2025,PED-2473,,Trufa de Maracujá,Doces,2,"28,38",,Encomenda,Cartão Débito,"12,28",Concluído
11/06/2025,PED-2473,,Bolo Red Velvet,Bolos,3,"28,61",,Encomenda,Cartão Débito,,Concluído
11/06/2025,PED-2473,,Torta Holandesa,Tortas,2,"11,02",,Encomenda,Dinheiro,"5,11",Concluído
11/06/2025,PED-2474,,Torta Holandesa,Tortas,5,"22,86",,Balcão,PIX,,Concluído
11/06/2025,PED-2474,,Bolo de Cenoura,Bolos,5,"5,13",,Balcão,Dinheiro,"2,40",Concluído
11/06/2025,PED-2474,,Torta de Limão,Tortas,1,"7,00",,Encomenda,Cartão Crédito,,Concluído
11/06/2025,PED-2474,,Empada de Frango,Salgados,1,"26,60","1,38",Encomenda,Dinheiro,"10,59",Concluído
11/06/2025,PED-2475,,Torta de Limão,Tortas,4,"10,49",,Balcão,Dinheiro,,Cancelado
11/06/2025,PED-2475,,Pão de Queijo,Salgados,4,"18,75","2,15",Encomenda,Cartão Crédito,"5,73",Concluído
11/06/2025,PED-2475,,Coxinha,Salgados,3,"31,03",,Balcão,PIX,"14,26",Concluído
11/06/2025,PED-2476,,Trufa de Maracujá,Doces,2,"9,92","1,44",Encomenda,Cartão Débito,"4,81",Cancelado
11/06/2025,PED-2477,,Trufa de Maracujá,Doces,4,"6,99",,Encomenda,Cartão Crédito,"3,14",Concluído
11/06/2025,PED-2477,,Bolo de Chocolate,Bolos,5,"19,87",,Encomenda,Cartão Crédito,,Concluído
11/06/2025,PED-2478,,Brigadeiro Gourmet,Doces,5,"20,31",,iFood,PIX,,Cancelado
11/06/2025,PED-2478,,Coxinha,Salgados,3,"14,63","1,48",WhatsApp,Cartão Débito,,Concluído
11/06/2025,PED-2478,,Torta de Limão,Tortas,1,"6,47",,iFood,Cartão Crédito,"2,43",Cancelado
11/06/2025,PED-2478,,Brigadeiro,Doces,2,"10,04","1,47",Encomenda,PIX,"3,19",Concluído
11/06/2025,PED-2479,,Brigadeiro,Doces,1,"13,71","1,12",Encomenda,PIX,"4,22",Cancelado
11/06/2025,PED-2479,,Torta de Limão,Tortas,4,"34,64",,WhatsApp,Cartão Crédito,"16,23",Concluído
11/06/2025,PED-2479,,Bolo de Chocolate,Bolos,2,"7,18",,Encomenda,Cartão Débito,,Concluído
12/06/2025,PED-2480,,Empada de Frango,Salgados,5,"21,51",,Encomenda,PIX,"8,03",Cancelado
12/06/2025,PED-2480,,Bolo Red Velvet,Bolos,2,"11,76",,Encomenda,Cartão Débito,"5,04",Concluído
12/06/2025,PED-2481,,Pão de Queijo,Salgados,4,"16,34",,Encomenda,Cartão Crédito,"8,05",Cancelado
12/06/2025,PED-2481,,Torta de Limão,Tortas,4,"8,23",,iFood,PIX,"2,67",Concluído
12/06/2025,PED-2482,,Brigadeiro,Doces,1,"25,59",,WhatsApp,Cartão Crédito,"7,83",Concluído
12/06/2025,PED-2482,,Trufa de Maracujá,Doces,5,"7,05",,WhatsApp,Cartão Crédito,,Cancelado
12/06/2025,PED-2482,,Torta Holandesa,Tortas,3,"33,74",,WhatsApp,Cartão Débito,,Concluído
12/06/2025,PED-2483,,Pão de Queijo,Salgados,5,"21,66","1,46",iFood,Cartão Débito,,Concluído
12/06/2025,PED-2483,,Bolo de Cenoura,Bolos,5,"21,37",,iFood,Cartão Débito,"10,35",Concluído
12/06/2025,PED-2484,,Torta Holandesa,Tortas,1,"7,76",,Encomenda,Cartão Débito,,Cancelado
12/06/2025,PED-2485,,Trufa de Maracujá,Doces,2,"28,94",,Balcão,Cartão Crédito,"11,71",Cancelado
12/06/2025,PED-2485,,Brigadeiro Gourmet,Doces,1,"30,49",,WhatsApp,Cartão Débito,,Concluído
12/06/2025,PED-2486,,Brigadeiro,Doces,1,"25,59",,WhatsApp,Cartão Débito,"10,23",Concluído
12/06/2025,PED-2486,,Empada de Frango,Salgados,4,"20,13",,Encomenda,Cartão Débito,,Concluído
12/06/2025,PED-2486,,Brigadeiro Gourmet,Doces,2,"20,74",,iFood,Cartão Crédito,,Concluído
12/06/2025,PED-2487,,Bolo Red Velvet,Bolos,2,"10,05",,WhatsApp,PIX,,Concluído
12/06/2025,PED-2488,,Bolo de Chocolate,Bolos,2,"23,21",,Balcão,Cartão Débito,"8,74",Concluído
12/06/2025,PED-2488,,Coxinha,Salgados,1,"24,34",,WhatsApp,Dinheiro,"11,17",Concluído
12/06/2025,PED-2488,,Bolo de Cenoura,Bolos,5,"23,08",,WhatsApp,Dinheiro,"7,80",Concluído
12/06/2025,PED-2489,,Torta Holandesa,Tortas,1,"12,26",,Encomenda,Cartão Débito,"5,23",Concluído
12/06/2025,PED-2490,,Trufa de Morango,Doces,1,"26,07",,Balcão,Cartão Débito,"11,28",Concluído
13/06/2025,PED-2491,,Trufa de Morango,Doces,1,"19,73",,Balcão,Cartão Débito,,Concluído
13/06/2025,PED-2491,,Torta Holandesa,Tortas,3,"33,53",,iFood,Cartão Crédito,"14,16",Cancelado
13/06/2025,PED-2492,,Pão de Queijo,Salgados,3,"33,83",,Balcão,Dinheiro,"11,30",Concluído
13/06/2025,PED-2492,,Bolo de Chocolate,Bolos,5,"11,55",,iFood,Dinheiro,"4,13",Concluído
13/06/2025,PED-2493,,Empada de Frango,Salgados,4,"33,40",,WhatsApp,Cartão Crédito,"11,92",Concluído
13/06/2025,PED-2493,,Trufa de Maracujá,Doces,1,"11,30",,Balcão,Dinheiro,,Concluído
13/06/2025,PED-2494,,Bolo de Chocolate,Bolos,5,"30,36",,Encomenda,Cartão Crédito,,Concluído
13/06/2025,PED-2494,,Bolo Red Velvet,Bolos,5,"19,90",,WhatsApp,Cartão Crédito,,Concluído
13/06/2025,PED-2494,,Torta Holandesa,Tortas,1,"29,57","1,13",Balcão,Cartão Crédito,"12,82",Concluído
14/06/2025,PED-2495,,Trufa de Maracujá,Doces,2,"12,83",,Balcão,Dinheiro,"3,91",Concluído
14/06/2025,PED-2496,,Empada de Frango,Salgados,2,"17,88",,WhatsApp,PIX,"8,32",Concluído
14/06/2025,PED-2497,,Empada de Frango,Salgados,1,"34,29",,iFood,Cartão Crédito,"15,26",Concluído
14/06/2025,PED-2497,,Brigadeiro Gourmet,Doces,4,"21,09",,WhatsApp,Dinheiro,,Concluído
14/06/2025,PED-2498,,Brigadeiro,Doces,5,"14,90","1,58",Encomenda,Cartão Crédito,,Concluído
14/06/2025,PED-2498,,Brigadeiro Gourmet,Doces,3,"6,21",,WhatsApp,Cartão Crédito,,Concluído
14/06/2025,PED-2498,,Bolo Red Velvet,Bolos,4,"34,01","2,82",Encomenda,Cartão Crédito,"16,81",Concluído
14/06/2025,PED-2499,,Bolo de Chocolate,Bolos,3,"23,38",,Balcão,Dinheiro,,Concluído
14/06/2025,PED-2500,,Torta Holandesa,Tortas,1,"20,17","0,54",WhatsApp,Cartão Débito,,Concluído
14/06/2025,PED-2500,,Bolo de Chocolate,Bolos,3,"10,63",,Balcão,Cartão Crédito,"3,80",Cancelado
14/06/2025,PED-2501,,Pão de Queijo,Salgados,4,"24,88",,WhatsApp,PIX,"9,05",Cancelado
14/06/2025,PED-2501,,Bolo Red Velvet,Bolos,1,"31,93",,WhatsApp,Cartão Crédito,,Concluído
14/06/2025,PED-2502,,Coxinha,Salgados,4,"31,66",,Balcão,Cartão Débito,"15,72",Concluído
14/06/2025,PED-2502,,Empada de Frango,Salgados,2,"31,65","1,40",WhatsApp,Dinheiro,,Cancelado
14/06/2025,PED-2503,,Pão de Queijo,Salgados,4,"8,30",,WhatsApp,Cartão Débito,,Concluído
14/06/2025,PED-2503,,Brigadeiro,Doces,4,"17,79",,Balcão,Cartão Crédito,"8,23",Concluído
14/06/2025,PED-2503,,Bolo de Cenoura,Bolos,1,"20,35",,Encomenda,PIX,"8,78",Concluído
14/06/2025,PED-2504,,Trufa de Morango,Doces,1,"10,13",,iFood,Dinheiro,,Cancelado
14/06/2025,PED-2504,,Empada de Frango,Salgados,5,"15,53",,iFood,Cartão Débito,"5,19",Concluído
14/06/2025,PED-2504,,Torta Holandesa,Tortas,2,"9,12",,iFood,Dinheiro,,Concluído
14/06/2025,PED-2504,,Pão de Queijo,Salgados,1,"17,04","1,98",Balcão,Dinheiro,"7,45",Concluído
14/06/2025,PED-2505,,Coxinha,Salgados,2,"32,54","3,00",Balcão,Cartão Débito,"14,68",Concluído
14/06/2025,PED-2505,,Brigadeiro Gourmet,Doces,1,"15,31",,WhatsApp,PIX,"7,41",Concluído
14/06/2025,PED-2505,,Trufa de Maracujá,Doces,2,"15,68","1,57",Encomenda,Dinheiro,,Concluído
14/06/2025,PED-2505,,Bolo de Cenoura,Bolos,2,"32,78",,Balcão,PIX,"10,35",Concluído
14/06/2025,PED-2506,,Torta de Limão,Tortas,1,"10,69",,Encomenda,PIX,"3,88",Concluído
14/06/2025,PED-2506,,Coxinha,Salgados,1,"13,90",,WhatsApp,PIX,,Concluído
14/06/2025,PED-2506,,Trufa de Maracujá,Doces,5,"5,66","1,78",Encomenda,Cartão Débito,"1,97",Cancelado
14/06/2025,PED-2507,,Torta de Limão,Tortas,5,"14,62",,iFood,Dinheiro,"5,60",Concluído
14/06/2025,PED-2507,,Bolo de Chocolate,Bolos,2,"6,82",,Balcão,Dinheiro,"3,00",Concluído
14/06/2025,PED-2507,,Torta Holandesa,Tortas,2,"6,86",,Balcão,Cartão Crédito,,Cancelado
15/06/2025,PED-2508,,Bolo Red Velvet,Bolos,5,"16,53","2,05",Balcão,PIX,,Concluído
15/06/2025,PED-2508,,Bolo de Cenoura,Bolos,3,"5,84",,iFood,PIX,,Concluído
15/06/2025,PED-2509,,Brigadeiro Gourmet,Doces,4,"6,77",,Balcão,Cartão Débito,,Concluído
15/06/2025,PED-2509,,Bolo Red Velvet,Bolos,1,"5,07",,iFood,Cartão Débito,"1,64",Concluído
15/06/2025,PED-2509,,Bolo de Cenoura,Bolos,5,"23,64",,WhatsApp,PIX,"9,32",Concluído
15/06/2025,PED-2510,,Trufa de Morango,Doces,1,"31,90","1,75",Balcão,Cartão Crédito,,Cancelado
15/06/2025,PED-2510,,Coxinha,Salgados,4,"23,59","1,58",iFood,Dinheiro,,Concluído
15/06/2025,PED-2510,,Bolo Red Velvet,Bolos,4,"25,48",,Balcão,PIX,"8,72",Cancelado
15/06/2025,PED-2511,,Torta de Limão,Tortas,5,"16,37",,iFood,Cartão Débito,"6,09",Concluído
15/06/2025,PED-2511,,Torta Holandesa,Tortas,4,"25,53",,Encomenda,PIX,,Concluído
15/06/2025,PED-2511,,Bolo Red Velvet,Bolos,5,"9,64",,Encomenda,Cartão Débito,"4,77",Concluído
15/06/2025,PED-2511,,Bolo de Chocolate,Bolos,1,"15,15","1,39",iFood,PIX,,Cancelado
15/06/2025,PED-2512,,Empada de Frango,Salgados,3,"31,11","1,11",Balcão,Cartão Débito,,Concluído
15/06/2025,PED-2513,,Pão de Queijo,Salgados,2,"28,90",,iFood,Cartão Débito,,Concluído
15/06/2025,PED-2513,,Brigadeiro,Doces,2,"21,81",,Encomenda,Dinheiro,,Concluído
15/06/2025,PED-2513,,Torta de Limão,Tortas,4,"7,23",,WhatsApp,Cartão Crédito,,Cancelado
15/06/2025,PED-2514,,Bolo Red Velvet,Bolos,3,"19,70",,iFood,Cartão Débito,,Concluído
15/06/2025,PED-2514,,Bolo de Chocolate,Bolos,4,"6,47","2,44",WhatsApp,PIX,"2,84",Concluído
15/06/2025,PED-2514,,Trufa de Maracujá,Doces,1,"6,28",,Balcão,Cartão Débito,,Concluído
15/06/2025,PED-2515,,Coxinha,Salgados,3,"12,11",,iFood,Cartão Crédito,,Cancelado
15/06/2025,PED-2515,,Bolo de Cenoura,Bolos,1,"33,37",,iFood,Cartão Crédito,"15,93",Concluído
15/06/2025,PED-2515,,Torta de Limão,Tortas,1,"24,80","1,83",Encomenda,PIX,"8,79",Concluído
15/06/2025,PED-2516,,Coxinha,Salgados,5,"28,05","1,56",Balcão,Cartão Crédito,"12,93",Concluído
15/06/2025,PED-2516,,Bolo de Chocolate,Bolos,2,"5,56",,iFood,Cartão Débito,"2,53",Concluído
15/06/2025,PED-2516,,Brigadeiro Gourmet,Doces,4,"6,19",,Encomenda,Cartão Crédito,"2,32",Concluído
15/06/2025,PED-2517,,Brigadeiro,Doces,1,"31,17",,Encomenda,Cartão Crédito,"9,98",Cancelado
15/06/2025,PED-2518,,Brigadeiro Gourmet,Doces,2,"28,49","1,22",Balcão,Dinheiro,"13,41",Concluído
15/06/2025,PED-2518,,Trufa de Morango,Doces,1,"7,42","1,80",iFood,PIX,,Concluído
15/06/2025,PED-2519,,Bolo de Cenoura,Bolos,4,"19,63",,WhatsApp,Cartão Crédito,"8,97",Concluído
15/06/2025,PED-2519,,Brigadeiro Gourmet,Doces,1,"29,35","2,79",WhatsApp,Cartão Crédito,"10,24",Concluído
15/06/2025,PED-2520,,Torta Holandesa,Tortas,4,"19,50","2,56",iFood,PIX,"9,64",Concluído
15/06/2025,PED-2520,,Bolo Red Velvet,Bolos,3,"10,65",,iFood,Cartão Débito,"3,35",Concluído
15/06/2025,PED-2521,,Bolo de Cenoura,Bolos,1,"29,24",,Balcão,PIX,"8,83",Concluído
15/06/2025,PED-2522,,Bolo de Chocolate,Bolos,2,"19,76",,iFood,Cartão Débito,,Concluído
15/06/2025,PED-2522,,Torta Holandesa,Tortas,4,"31,49","2,50",WhatsApp,Cartão Débito,,Concluído
15/06/2025,PED-2523,,Torta de Limão,Tortas,1,"22,38","0,81",iFood,Cartão Débito,"9,78",Concluído
15/06/2025,PED-2523,,Bolo Red Velvet,Bolos,1,"21,92",,iFood,Cartão Débito,,Concluído
15/06/2025,PED-2523,,Trufa de Maracujá,Doces,3,"22,96",,iFood,Dinheiro,"7,47",Cancelado
15/06/2025,PED-2524,,Brigadeiro Gourmet,Doces,5,"30,06",,WhatsApp,PIX,,Concluído
15/06/2025,PED-2525,,Trufa de Maracujá,Doces,5,"20,17",,iFood,PIX,"8,84",Cancelado
15/06/2025,PED-2525,,Empada de Frango,Salgados,1,"26,21",,Encomenda,Cartão Débito,,Concluído
15/06/2025,PED-2526,,Torta Holandesa,Tortas,4,"28,99",,iFood,PIX,"13,26",Concluído
15/06/2025,PED-2526,,Torta de Limão,Tortas,3,"12,40","2,30",iFood,Cartão Débito,"4,91",Cancelado
15/06/2025,PED-2526,,Empada de Frango,Salgados,3,"20,99",,Balcão,Dinheiro,"8,09",Concluído
15/06/2025,PED-2526,,Bolo de Cenoura,Bolos,4,"5,35",,WhatsApp,Cartão Crédito,"2,18",Concluído
15/06/2025,PED-2527,,Brigadeiro,Doces,2,"29,31",,iFood,Cartão Crédito,,Concluído
15/06/2025,PED-2527,,Coxinha,Salgados,1,"28,87",,Balcão,Cartão Crédito,"13,54",Concluído
15/06/2025,PED-2527,,Torta de Limão,Tortas,3,"19,76",,Encomenda,Dinheiro,,Concluído
16/06/2025,PED-2528,,Bolo Red Velvet,Bolos,4,"15,35","0,57",WhatsApp,Cartão Débito,"5,82",Concluído
16/06/2025,PED-2528,,Torta de Limão,Tortas,4,"33,94",,Balcão,PIX,"12,85",Concluído
16/06/2025,PED-2529,,Bolo de Chocolate,Bolos,5,"32,86",,iFood,Cartão Débito,,Concluído
16/06/2025,PED-2529,,Torta de Limão,Tortas,5,"23,83",,Encomenda,Dinheiro,"11,55",Concluído
16/06/2025,PED-2529,,Brigadeiro,Doces,3,"29,22","1,95",iFood,Cartão Débito,,Cancelado
16/06/2025,PED-2530,,Torta Holandesa,Tortas,5,"23,69",,Balcão,Cartão Crédito,"10,54",Concluído
16/06/2025,PED-2530,,Pão de Queijo,Salgados,2,"32,89",,WhatsApp,Cartão Débito,"10,74",Concluído
16/06/2025,PED-2530,,Trufa de Maracujá,Doces,2,"11,61",,WhatsApp,Cartão Crédito,"5,02",Concluído
16/06/2025,PED-2531,,Coxinha,Salgados,3,"21,73",,iFood,Dinheiro,,Concluído
16/06/2025,PED-2532,,Trufa de Maracujá,Doces,2,"8,30","1,91",Balcão,Dinheiro,"2,62",Concluído
16/06/2025,PED-2532,,Torta de Limão,Tortas,2,"5,26",,Balcão,Cartão Crédito,"2,21",Concluído
16/06/2025,PED-2532,,Torta Holandesa,Tortas,3,"32,81",,WhatsApp,Cartão Crédito,"16,05",Concluído
16/06/2025,PED-2532,,Bolo de Cenoura,Bolos,4,"25,08",,iFood,Cartão Débito,"10,65",Concluído
16/06/2025,PED-2533,,Torta de Limão,Tortas,2,"12,92","2,33",Encomenda,PIX,"4,43",Concluído
16/06/2025,PED-2533,,Coxinha,Salgados,1,"19,11",,Encomenda,PIX,"5,73",Concluído
16/06/2025,PED-2534,,Brigadeiro,Doces,5,"33,54","1,48",iFood,PIX,,Concluído
16/06/2025,PED-2534,,Torta de Limão,Tortas,3,"7,79",,Balcão,Cartão Débito,"2,51",Concluído
16/06/2025,PED-2534,,Brigadeiro Gourmet,Doces,5,"5,17",,Balcão,Cartão Débito,"2,01",Concluído
16/06/2025,PED-2535,,Pão de Queijo,Salgados,2,"23,40",,WhatsApp,Cartão Débito,,Concluído
16/06/2025,PED-2535,,Brigadeiro,Doces,5,"17,75",,WhatsApp,Cartão Crédito,,Concluído
16/06/2025,PED-2535,,Torta de Limão,Tortas,1,"29,84",,Balcão,Dinheiro,"13,22",Concluído
16/06/2025,PED-2535,,Coxinha,Salgados,2,"11,17","0,57",Balcão,Cartão Débito,"3,70",Concluído
16/06/2025,PED-2536,,Brigadeiro,Doces,3,"31,34","1,95",WhatsApp,PIX,,Concluído
16/06/2025,PED-2536,,Pão de Queijo,Salgados,3,"8,08","2,57",Balcão,Cartão Crédito,,Concluído
16/06/2025,PED-2537,,Pão de Queijo,Salgados,1,"13,05",,Balcão,Cartão Débito,,Concluído
16/06/2025,PED-2537,,Bolo de Chocolate,Bolos,3,"24,04",,iFood,Dinheiro,,Concluído
16/06/2025,PED-2537,,Brigadeiro,Doces,1,"5,98","1,63",Encomenda,Cartão Débito,"2,21",Concluído
16/06/2025,PED-2537,,Bolo Red Velvet,Bolos,5,"32,96",,Balcão,Cartão Débito,"13,67",Concluído
16/06/2025,PED-2538,,Brigadeiro Gourmet,Doces,4,"30,33",,Encomenda,PIX,"12,87",Concluído
16/06/2025,PED-2539,,Empada de Frango,Salgados,1,"18,89",,Balcão,Cartão Débito,"8,27",Concluído
16/06/2025,PED-2539,,Trufa de Morango,Doces,5,"31,67",,iFood,Cartão Crédito,,Concluído
16/06/2025,PED-2540,,Coxinha,Salgados,3,"20,81",,WhatsApp,Cartão Débito,,Concluído
16/06/2025,PED-2541,,Torta Holandesa,Tortas,4,"6,37","1,92",iFood,Cartão Débito,"2,84",Concluído
16/06/2025,PED-2541,,Trufa de Morango,Doces,5,"16,08",,Encomenda,Cartão Crédito,"6,90",Concluído
16/06/2025,PED-2541,,Coxinha,Salgados,3,"22,56",,Encomenda,Cartão Débito,"9,58",Concluído
16/06/2025,PED-2541,,Brigadeiro Gourmet,Doces,4,"23,61",,iFood,PIX,,Concluído
16/06/2025,PED-2542,,Torta Holandesa,Tortas,3,"11,03","1,13",Balcão,Cartão Débito,"3,90",Concluído
16/06/2025,PED-2542,,Brigadeiro Gourmet,Doces,5,"24,76","1,01",Encomenda,Cartão Débito,"11,39",Concluído
16/06/2025,PED-2542,,Trufa de Maracujá,Doces,2,"28,75",,WhatsApp,PIX,,Concluído
16/06/2025,PED-2542,,Empada de Frango,Salgados,3,"13,53","2,48",Encomenda,PIX,"5,04",Concluído
17/06/2025,PED-2543,,Bolo de Chocolate,Bolos,3,"27,63",,Balcão,Cartão Débito,,Concluído
17/06/2025,PED-2544,,Torta Holandesa,Tortas,3,"12,43","2,48",Balcão,Cartão Débito,"3,74",Concluído
17/06/2025,PED-2544,,Brigadeiro Gourmet,Doces,2,"27,02",,WhatsApp,Dinheiro,,Concluído
17/06/2025,PED-2545,,Bolo de Cenoura,Bolos,2,"18,85",,iFood,Cartão Crédito,"9,18",Concluído
17/06/2025,PED-2545,,Brigadeiro,Doces,4,"6,13",,iFood,Cartão Crédito,"1,86",Concluído
17/06/2025,PED-2545,,Trufa de Morango,Doces,2,"16,38","1,13",iFood,Dinheiro,"5,08",Concluído
17/06/2025,PED-2546,,Brigadeiro Gourmet,Doces,4,"27,93","0,71",Encomenda,Cartão Crédito,"13,46",Concluído
17/06/2025,PED-2546,,Brigadeiro,Doces,3,"8,24","2,78",iFood,Dinheiro,,Concluído
17/06/2025,PED-2546,,Trufa de Morango,Doces,3,"15,44","2,63",iFood,Cartão Crédito,"6,24",Concluído
17/06/2025,PED-2547,,Brigadeiro Gourmet,Doces,4,"11,97",,Balcão,Cartão Débito,,Concluído
18/06/2025,PED-2548,,Bolo Red Velvet,Bolos,5,"33,10",,WhatsApp,PIX,,Concluído
18/06/2025,PED-2548,,Trufa de Morango,Doces,5,"28,60",,Balcão,Dinheiro,"11,80",Concluído
18/06/2025,PED-2548,,Brigadeiro,Doces,1,"33,61",,Balcão,Cartão Débito,,Concluído
18/06/2025,PED-2548,,Brigadeiro Gourmet,Doces,3,"25,94",,Encomenda,Dinheiro,"12,57",Concluído
18/06/2025,PED-2549,,Bolo de Cenoura,Bolos,1,"20,99",,WhatsApp,Dinheiro,"8,77",Concluído
18/06/2025,PED-2549,,Coxinha,Salgados,3,"21,46","1,44",Encomenda,Cartão Crédito,,Concluído
18/06/2025,PED-2549,,Trufa de Morango,Doces,4,"20,25","2,34",Encomenda,Cartão Crédito,"9,56",Concluído
18/06/2025,PED-2550,,Bolo Red Velvet,Bolos,3,"32,49",,iFood,PIX,"11,76",Concluído
18/06/2025,PED-2550,,Bolo de Chocolate,Bolos,3,"25,11",,Encomenda,PIX,"10,23",Cancelado
18/06/2025,PED-2550,,Empada de Frango,Salgados,5,"27,86",,iFood,PIX,"10,02",Concluído
18/06/2025,PED-2551,,Trufa de Morango,Doces,5,"8,15",,Encomenda,PIX,"3,43",Cancelado
18/06/2025,PED-2552,,Torta de Limão,Tortas,4,"20,56",,WhatsApp,Dinheiro,"10,11",Concluído
18/06/2025,PED-2552,,Brigadeiro Gourmet,Doces,1,"11,64",,WhatsApp,PIX,"3,69",Concluído
18/06/2025,PED-2552,,Bolo de Chocolate,Bolos,1,"5,81",,iFood,Dinheiro,,Concluído
18/06/2025,PED-2552,,Pão de Queijo,Salgados,3,"19,48",,iFood,PIX,"7,78",Concluído
18/06/2025,PED-2553,,Bolo Red Velvet,Bolos,3,"9,27",,iFood,Cartão Débito,"3,90",Concluído
18/06/2025,PED-2553,,Pão de Queijo,Salgados,5,"33,97",,WhatsApp,Cartão Crédito,"13,26",Concluído
18/06/2025,PED-2553,,Trufa de Morango,Doces,2,"31,89",,Encomenda,Cartão Crédito,,Concluído
18/06/2025,PED-2554,,Empada de Frango,Salgados,5,"19,55",,WhatsApp,Cartão Débito,"8,41",Concluído
18/06/2025,PED-2554,,Pão de Queijo,Salgados,1,"6,88",,Encomenda,PIX,,Concluído
18/06/2025,PED-2555,,Pão de Queijo,Salgados,2,"33,82",,iFood,PIX,"16,13",Concluído
18/06/2025,PED-2555,,Brigadeiro Gourmet,Doces,3,"26,51",,WhatsApp,Cartão Crédito,"11,08",Concluído
18/06/2025,PED-2555,,Coxinha,Salgados,5,"28,12",,WhatsApp,Cartão Crédito,"13,37",Concluído
18/06/2025,PED-2555,,Trufa de Morango,Doces,1,"29,85",,WhatsApp,Dinheiro,,Concluído
18/06/2025,PED-2556,,Bolo Red Velvet,Bolos,1,"19,96",,iFood,Cartão Crédito,,Concluído
18/06/2025,PED-2556,,Bolo de Cenoura,Bolos,3,"17,48",,iFood,Cartão Crédito,"5,57",Concluído
18/06/2025,PED-2556,,Torta Holandesa,Tortas,2,"13,89",,iFood,Dinheiro,,Cancelado
18/06/2025,PED-2556,,Torta de Limão,Tortas,3,"11,37",,Balcão,Cartão Débito,"4,14",Concluído
18/06/2025,PED-2557,,Bolo de Chocolate,Bolos,3,"25,25",,WhatsApp,Dinheiro,"8,95",Concluído
18/06/2025,PED-2557,,Torta de Limão,Tortas,5,"16,59",,iFood,Dinheiro,,Concluído
18/06/2025,PED-2558,,Trufa de Maracujá,Doces,2,"13,69",,Encomenda,Dinheiro,"6,44",Concluído
18/06/2025,PED-2558,,Bolo de Chocolate,Bolos,3,"15,85",,WhatsApp,Dinheiro,,Concluído
18/06/2025,PED-2558,,Pão de Queijo,Salgados,1,"30,38","1,69",WhatsApp,Cartão Débito,"12,49",Concluído
18/06/2025,PED-2559,,Coxinha,Salgados,2,"30,78","1,75",Encomenda,Dinheiro,"10,81",Concluído
18/06/2025,PED-2559,,Torta Holandesa,Tortas,4,"10,21","1,41",iFood,Cartão Débito,,Concluído
18/06/2025,PED-2560,,Brigadeiro Gourmet,Doces,1,"24,17","0,96",WhatsApp,PIX,"7,76",Cancelado
18/06/2025,PED-2561,,Pão de Queijo,Salgados,4,"12,34",,Balcão,Cartão Débito,,Concluído
18/06/2025,PED-2561,,Brigadeiro Gourmet,Doces,1,"31,28",,WhatsApp,PIX,,Cancelado
19/06/2025,PED-2562,,Pão de Queijo,Salgados,2,"25,65",,Encomenda,PIX,,Concluído
19/06/2025,PED-2562,,Empada de Frango,Salgados,5,"33,87",,Balcão,PIX,,Concluído
19/06/2025,PED-2562,,Torta Holandesa,Tortas,5,"9,58",,iFood,PIX,,Cancelado
19/06/2025,PED-2562,,Trufa de Maracujá,Doces,3,"33,54","1,30",Balcão,Cartão Débito,,Concluído
19/06/2025,PED-2563,,Torta Holandesa,Tortas,4,"8,66",,Balcão,Cartão Crédito,,Concluído
19/06/2025,PED-2564,,Bolo de Chocolate,Bolos,3,"5,15",,WhatsApp,Cartão Crédito,"1,80",Concluído
20/06/2025,PED-2565,,Torta Holandesa,Tortas,5,"22,13",,Balcão,Dinheiro,"9,69",Concluído
20/06/2025,PED-2565,,Pão de Queijo,Salgados,2,"30,77","0,92",iFood,PIX,"12,30",Concluído
20/06/2025,PED-2566,,Torta de Limão,Tortas,4,"25,77",,Balcão,Dinheiro,,Cancelado
20/06/2025,PED-2567,,Brigadeiro,Doces,2,"20,24",,Balcão,Cartão Crédito,"6,24",Concluído
20/06/2025,PED-2567,,Empada de Frango,Salgados,2,"30,97","1,37",Encomenda,Cartão Crédito,,Concluído
20/06/2025,PED-2568,,Trufa de Morango,Doces,1,"21,92",,Encomenda,Dinheiro,"7,93",Concluído
20/06/2025,PED-2568,,Trufa de Maracujá,Doces,3,"16,84","2,55",WhatsApp,PIX,,Concluído
20/06/2025,PED-2568,,Empada de Frango,Salgados,3,"20,50","2,16",iFood,Dinheiro,,Concluído
20/06/2025,PED-2569,,Torta Holandesa,Tortas,1,"18,63",,Balcão,Cartão Débito,"6,75",Concluído
20/06/2025,PED-2569,,Trufa de Morango,Doces,4,"34,86","1,51",iFood,Cartão Crédito,"16,15",Concluído
20/06/2025,PED-2569,,Brigadeiro,Doces,1,"21,86",,Encomenda,Cartão Débito,,Concluído
20/06/2025,PED-2570,,Pão de Queijo,Salgados,5,"16,14",,WhatsApp,PIX,"6,66",Concluído
20/06/2025,PED-2570,,Trufa de Morango,Doces,3,"8,79",,iFood,PIX,"3,67",Concluído
20/06/2025,PED-2571,,Brigadeiro,Doces,4,"21,24",,Encomenda,Cartão Débito,"6,98",Concluído
20/06/2025,PED-2571,,Coxinha,Salgados,2,"7,35","2,08",Encomenda,PIX,"2,31",Concluído
21/06/2025,PED-2572,,Trufa de Maracujá,Doces,3,"11,08",,WhatsApp,Cartão Débito,,Concluído
21/06/2025,PED-2572,,Torta de Limão,Tortas,3,"8,56","1,95",iFood,Dinheiro,,Concluído
21/06/2025,PED-2573,,Torta de Limão,Tortas,5,"13,11","0,63",iFood,Cartão Crédito,"4,48",Concluído
21/06/2025,PED-2573,,Torta Holandesa,Tortas,5,"23,75",,Encomenda,PIX,,Concluído
21/06/2025,PED-2573,,Pão de Queijo,Salgados,4,"17,42","1,60",WhatsApp,Cartão Crédito,"6,30",Concluído
21/06/2025,PED-2573,,Trufa de Maracujá,Doces,5,"32,85",,WhatsApp,Cartão Débito,"12,53",Concluído
21/06/2025,PED-2574,,Trufa de Maracujá,Doces,4,"18,68","0,92",Encomenda,Cartão Crédito,,Cancelado
21/06/2025,PED-2574,,Pão de Queijo,Salgados,2,"10,99",,WhatsApp,Cartão Crédito,"4,91",Concluído
21/06/2025,PED-2574,,Bolo Red Velvet,Bolos,3,"30,88","2,33",WhatsApp,Cartão Crédito,,Concluído
21/06/2025,PED-2575,,Coxinha,Salgados,2,"32,52",,Encomenda,Cartão Crédito,,Concluído
21/06/2025,PED-2575,,Bolo Red Velvet,Bolos,1,"9,31",,iFood,Cartão Crédito,,Concluído
21/06/2025,PED-2575,,Brigadeiro,Doces,1,"27,39","3,00",Encomenda,PIX,,Cancelado
21/06/2025,PED-2576,,Torta Holandesa,Tortas,2,"30,23",,iFood,Dinheiro,,Concluído
21/06/2025,PED-2576,,Empada de Frango,Salgados,5,"32,86",,iFood,Cartão Crédito,"12,66",Concluído
21/06/2025,PED-2576,,Torta de Limão,Tortas,3,"14,40",,WhatsApp,PIX,,Concluído
21/06/2025,PED-2576,,Coxinha,Salgados,2,"27,30",,WhatsApp,Cartão Débito,"11,35",Concluído
21/06/2025,PED-2577,,Pão de Queijo,Salgados,4,"25,23",,Balcão,Dinheiro,,Concluído
21/06/2025,PED-2577,,Bolo de Cenoura,Bolos,1,"11,55","0,69",iFood,PIX,"4,62",Concluído
21/06/2025,PED-2577,,Bolo Red Velvet,Bolos,2,"5,24",,WhatsApp,PIX,"1,79",Concluído
21/06/2025,PED-2577,,Brigadeiro,Doces,2,"31,09",,WhatsApp,Dinheiro,"9,35",Concluído
21/06/2025,PED-2578,,Bolo de Chocolate,Bolos,5,"27,49","2,84",Balcão,PIX,"8,43",Cancelado
21/06/2025,PED-2578,,Bolo Red Velvet,Bolos,5,"19,24",,Encomenda,Cartão Débito,"8,74",Concluído
21/06/2025,PED-2578,,Brigadeiro,Doces,1,"28,56",,Balcão,Cartão Crédito,,Concluído
21/06/2025,PED-2578,,Bolo de Cenoura,Bolos,2,"19,03",,iFood,PIX,,Concluído
21/06/2025,PED-2579,,Empada de Frango,Salgados,3,"9,65",,iFood,Cartão Crédito,"4,28",Cancelado
21/06/2025,PED-2579,,Coxinha,Salgados,1,"9,72",,Encomenda,Dinheiro,,Concluído
21/06/2025,PED-2580,,Bolo Red Velvet,Bolos,1,"15,42",,Balcão,PIX,,Concluído
21/06/2025,PED-2580,,Empada de Frango,Salgados,5,"30,68",,Balcão,Cartão Crédito,"10,46",Concluído
21/06/2025,PED-2580,,Torta Holandesa,Tortas,3,"6,02",,WhatsApp,PIX,"2,64",Concluído
21/06/2025,PED-2580,,Bolo de Chocolate,Bolos,4,"12,65",,Balcão,PIX,"5,45",Concluído
22/06/2025,PED-2581,,Coxinha,Salgados,5,"11,78",,Balcão,Dinheiro,"4,44",Concluído
22/06/2025,PED-2581,,Pão de Queijo,Salgados,4,"21,42",,Encomenda,Cartão Crédito,"8,28",Concluído
22/06/2025,PED-2581,,Trufa de Maracujá,Doces,1,"29,48",,Encomenda,Cartão Débito,"9,95",Concluído
22/06/2025,PED-2581,,Brigadeiro Gourmet,Doces,4,"22,70",,iFood,Dinheiro,"6,99",Concluído
22/06/2025,PED-2582,,Brigadeiro,Doces,1,"16,58",,Balcão,Dinheiro,"6,70",Concluído
22/06/2025,PED-2582,,Torta de Limão,Tortas,4,"6,12",,iFood,PIX,"2,15",Cancelado
22/06/2025,PED-2582,,Bolo de Chocolate,Bolos,4,"16,92","2,87",Encomenda,Cartão Débito,"5,86",Concluído
22/06/2025,PED-2583,,Pão de Queijo,Salgados,2,"27,90","0,56",Balcão,Cartão Débito,"12,05",Cancelado
22/06/2025,PED-2583,,Coxinha,Salgados,3,"14,51",,Encomenda,PIX,"6,97",Concluído
22/06/2025,PED-2583,,Bolo de Chocolate,Bolos,5,"31,26",,WhatsApp,PIX,,Cancelado
22/06/2025,PED-2583,,Torta Holandesa,Tortas,1,"6,05",,Balcão,PIX,"2,25",Concluído
22/06/2025,PED-2584,,Brigadeiro Gourmet,Doces,2,"22,49","2,67",Balcão,Cartão Débito,"7,07",Concluído
22/06/2025,PED-2584,,Bolo de Chocolate,Bolos,3,"12,32","0,60",Encomenda,Cartão Débito,"3,85",Concluído
22/06/2025,PED-2585,,Torta Holandesa,Tortas,4,"8,63","0,62",Encomenda,Cartão Crédito,"3,19",Cancelado
22/06/2025,PED-2586,,Brigadeiro,Doces,1,"15,42",,Balcão,PIX,"5,54",Cancelado
22/06/2025,PED-2586,,Torta de Limão,Tortas,5,"31,93",,Balcão,Cartão Débito,,Concluído
22/06/2025,PED-2586,,Bolo de Cenoura,Bolos,4,"33,61","1,77",Balcão,Cartão Débito,"12,87",Concluído
22/06/2025,PED-2586,,Bolo Red Velvet,Bolos,5,"15,97",,WhatsApp,Dinheiro,"4,91",Concluído
22/06/2025,PED-2587,,Brigadeiro Gourmet,Doces,1,"24,11",,Balcão,Cartão Débito,,Concluído
22/06/2025,PED-2587,,Trufa de Maracujá,Doces,3,"14,42",,iFood,PIX,"6,22",Concluído
22/06/2025,PED-2587,,Bolo de Cenoura,Bolos,5,"7,42",,WhatsApp,Cartão Débito,,Cancelado
22/06/2025,PED-2587,,Coxinha,Salgados,5,"28,10",,WhatsApp,Cartão Crédito,"11,25",Concluído
22/06/2025,PED-2588,,Brigadeiro,Doces,3,"34,68","2,29",Balcão,PIX,,Concluído
22/06/2025,PED-2588,,Torta de Limão,Tortas,5,"6,22","1,12",WhatsApp,Cartão Débito,,Concluído
22/06/2025,PED-2589,,Empada de Frango,Salgados,4,"10,54",,iFood,PIX,"4,76",Concluído
22/06/2025,PED-2589,,Brigadeiro Gourmet,Doces,1,"29,69","1,91",Encomenda,PIX,,Concluído
22/06/2025,PED-2589,,Torta de Limão,Tortas,2,"24,38",,iFood,Dinheiro,,Concluído
22/06/2025,PED-2590,,Bolo de Chocolate,Bolos,4,"21,83",,iFood,PIX,"6,80",Concluído
22/06/2025,PED-2590,,Bolo de Cenoura,Bolos,4,"20,33",,iFood,PIX,"8,90",Concluído
22/06/2025,PED-2591,,Trufa de Morango,Doces,5,"26,63",,WhatsApp,Cartão Débito,,Concluído
22/06/2025,PED-2591,,Bolo Red Velvet,Bolos,3,"6,31",,Balcão,Cartão Débito,"2,90",Concluído
22/06/2025,PED-2592,,Brigadeiro Gourmet,Doces,1,"8,17",,iFood,Cartão Débito,"3,39",Concluído
22/06/2025,PED-2592,,Bolo Red Velvet,Bolos,3,"31,27",,iFood,PIX,,Concluído
22/06/2025,PED-2592,,Bolo de Cenoura,Bolos,2,"20,50",,Balcão,PIX,,Cancelado
23/06/2025,PED-2593,,Brigadeiro Gourmet,Doces,4,"15,30",,Encomenda,PIX,"7,27",Concluído
23/06/2025,PED-2593,,Coxinha,Salgados,2,"23,06",,Encomenda,Cartão Débito,,Cancelado
23/06/2025,PED-2593,,Pão de Queijo,Salgados,3,"9,84",,Balcão,Cartão Débito,"3,57",Concluído
23/06/2025,PED-2593,,Bolo Red Velvet,Bolos,1,"31,66",,Encomenda,PIX,,Concluído
23/06/2025,PED-2594,,Trufa de Maracujá,Doces,5,"24,06",,Balcão,Dinheiro,"8,16",Cancelado
23/06/2025,PED-2595,,Bolo Red Velvet,Bolos,4,"15,28",,WhatsApp,Cartão Crédito,,Cancelado
23/06/2025,PED-2596,,Bolo Red Velvet,Bolos,1,"31,03",,Balcão,Cartão Crédito,,Concluído
23/06/2025,PED-2596,,Brigadeiro Gourmet,Doces,4,"29,18",,Encomenda,PIX,"13,80",Concluído
23/06/2025,PED-2596,,Brigadeiro,Doces,5,"17,67",,Balcão,Cartão Crédito,,Cancelado
23/06/2025,PED-2596,,Bolo de Chocolate,Bolos,1,"33,67",,iFood,Cartão Crédito,"10,62",Concluído
24/06/2025,PED-2597,,Bolo de Cenoura,Bolos,3,"11,74",,WhatsApp,Dinheiro,,Concluído
24/06/2025,PED-2598,,Bolo de Chocolate,Bolos,1,"15,41","0,97",Encomenda,PIX,"7,48",Concluído
24/06/2025,PED-2599,,Bolo Red Velvet,Bolos,5,"7,46",,iFood,PIX,"3,28",Concluído
24/06/2025,PED-2600,,Coxinha,Salgados,4,"30,33","2,45",Encomenda,Cartão Débito,,Concluído
24/06/2025,PED-2601,,Bolo de Chocolate,Bolos,1,"31,51",,iFood,Cartão Crédito,"11,15",Concluído
24/06/2025,PED-2602,,Brigadeiro,Doces,5,"33,89","2,84",iFood,PIX,"16,80",Cancelado
24/06/2025,PED-2602,,Coxinha,Salgados,3,"33,86",,Encomenda,Cartão Crédito,"12,34",Concluído
24/06/2025,PED-2602,,Bolo Red Velvet,Bolos,5,"25,06",,iFood,Cartão Crédito,"7,66",Concluído
24/06/2025,PED-2602,,Torta Holandesa,Tortas,4,"28,54",,Encomenda,Cartão Débito,"11,04",Concluído
24/06/2025,PED-2603,,Trufa de Maracujá,Doces,2,"29,02",,Balcão,Cartão Débito,,Concluído
24/06/2025,PED-2604,,Brigadeiro,Doces,3,"14,68","2,99",WhatsApp,Cartão Débito,,Cancelado
24/06/2025,PED-2604,,Pão de Queijo,Salgados,4,"30,91","2,08",Encomenda,PIX,"9,36",Concluído
24/06/2025,PED-2604,,Bolo de Chocolate,Bolos,4,"17,58","2,82",Balcão,PIX,"6,98",Concluído
26/06/2025,PED-2605,,Torta de Limão,Tortas,3,"20,55",,Balcão,PIX,,Concluído
26/06/2025,PED-2605,,Bolo Red Velvet,Bolos,5,"19,14",,WhatsApp,Cartão Débito,"9,50",Concluído
26/06/2025,PED-2606,,Brigadeiro,Doces,2,"16,32","1,70",iFood,Dinheiro,,Concluído
26/06/2025,PED-2606,,Trufa de Maracujá,Doces,4,"34,60",,iFood,Cartão Crédito,,Concluído
26/06/2025,PED-2606,,Bolo Red Velvet,Bolos,3,"24,90",,WhatsApp,Cartão Débito,,Concluído
26/06/2025,PED-2607,,Bolo Red Velvet,Bolos,3,"27,56","1,57",Balcão,Dinheiro,,Concluído
26/06/2025,PED-2607,,Trufa de Maracujá,Doces,2,"18,29",,WhatsApp,Cartão Débito,,Cancelado
26/06/2025,PED-2608,,Trufa de Maracujá,Doces,3,"25,33",,iFood,Cartão Débito,"11,75",Concluído
26/06/2025,PED-2608,,Bolo Red Velvet,Bolos,1,"22,92",,iFood,Dinheiro,,Concluído
26/06/2025,PED-2608,,Brigadeiro,Doces,2,"16,58",,iFood,Dinheiro,"6,03",Concluído
26/06/2025,PED-2608,,Trufa de Morango,Doces,5,"32,67","2,72",WhatsApp,Cartão Débito,"11,41",Concluído
26/06/2025,PED-2609,,Brigadeiro Gourmet,Doces,4,"10,35",,iFood,PIX,"3,22",Concluído
26/06/2025,PED-2610,,Brigadeiro,Doces,1,"8,12","1,84",WhatsApp,PIX,"2,74",Concluído
26/06/2025,PED-2610,,Torta Holandesa,Tortas,5,"19,30",,Balcão,Cartão Débito,,Concluído
26/06/2025,PED-2610,,Brigadeiro Gourmet,Doces,5,"34,15","0,66",Encomenda,Dinheiro,"16,28",Concluído
26/06/2025,PED-2610,,Trufa de Morango,Doces,2,"13,28",,iFood,PIX,"4,21",Concluído
26/06/2025,PED-2611,,Bolo de Chocolate,Bolos,5,"30,82",,Balcão,PIX,"12,15",Concluído
26/06/2025,PED-2611,,Torta de Limão,Tortas,5,"6,28","1,11",Encomenda,Cartão Crédito,"3,11",Concluído
26/06/2025,PED-2611,,Bolo Red Velvet,Bolos,4,"23,99","1,11",Encomenda,Cartão Débito,"11,77",Concluído
26/06/2025,PED-2611,,Torta Holandesa,Tortas,3,"19,27",,Balcão,Cartão Débito,"9,24",Concluído
27/06/2025,PED-2612,,Bolo de Cenoura,Bolos,2,"7,06",,WhatsApp,Dinheiro,"2,64",Cancelado
27/06/2025,PED-2613,,Brigadeiro,Doces,1,"12,72",,Balcão,Cartão Débito,,Cancelado
27/06/2025,PED-2613,,Torta Holandesa,Tortas,3,"17,89",,iFood,Dinheiro,"5,87",Concluído
27/06/2025,PED-2614,,Trufa de Morango,Doces,4,"20,79",,iFood,Cartão Débito,"10,39",Cancelado
27/06/2025,PED-2614,,Bolo de Chocolate,Bolos,4,"24,55",,Encomenda,Cartão Débito,,Cancelado
27/06/2025,PED-2615,,Torta Holandesa,Tortas,2,"32,07","1,66",iFood,Dinheiro,"10,73",Concluído
27/06/2025,PED-2615,,Brigadeiro Gourmet,Doces,3,"28,21","2,61",iFood,PIX,,Concluído
27/06/2025,PED-2616,,Brigadeiro,Doces,5,"25,77","1,02",iFood,PIX,"8,30",Cancelado
27/06/2025,PED-2616,,Trufa de Maracujá,Doces,5,"15,83",,iFood,Cartão Débito,"7,56",Concluído
27/06/2025,PED-2617,,Torta de Limão,Tortas,5,"33,95",,Encomenda,Cartão Débito,,Concluído
27/06/2025,PED-2617,,Trufa de Maracujá,Doces,3,"22,71",,Balcão,Dinheiro,"10,55",Concluído
27/06/2025,PED-2617,,Pão de Queijo,Salgados,3,"7,97",,Encomenda,Cartão Crédito,,Cancelado
27/06/2025,PED-2617,,Bolo de Cenoura,Bolos,3,"19,96","1,15",Balcão,Cartão Crédito,,Concluído
28/06/2025,PED-2618,,Torta de Limão,Tortas,4,"17,33",,WhatsApp,Cartão Crédito,,Concluído
28/06/2025,PED-2619,,Torta de Limão,Tortas,2,"6,82",,Balcão,Cartão Crédito,"2,98",Concluído
28/06/2025,PED-2619,,Trufa de Maracujá,Doces,1,"34,12","2,62",Encomenda,Dinheiro,"15,01",Concluído
28/06/2025,PED-2620,,Trufa de Morango,Doces,2,"9,00",,WhatsApp,Dinheiro,"3,57",Concluído
28/06/2025,PED-2621,,Trufa de Maracujá,Doces,4,"12,26",,WhatsApp,PIX,,Cancelado
28/06/2025,PED-2621,,Coxinha,Salgados,4,"21,36",,iFood,Dinheiro,,Concluído
28/06/2025,PED-2621,,Torta Holandesa,Tortas,5,"21,02",,Balcão,Cartão Débito,"9,42",Concluído
28/06/2025,PED-2622,,Torta de Limão,Tortas,5,"21,98",,WhatsApp,Cartão Crédito,,Concluído
28/06/2025,PED-2622,,Trufa de Morango,Doces,3,"20,89",,iFood,Dinheiro,"9,95",Concluído
28/06/2025,PED-2622,,Bolo de Cenoura,Bolos,1,"9,77",,WhatsApp,PIX,"3,74",Concluído
28/06/2025,PED-2622,,Torta Holandesa,Tortas,3,"15,68",,Encomenda,Dinheiro,"5,87",Cancelado
28/06/2025,PED-2623,,Bolo de Cenoura,Bolos,4,"31,26","2,81",iFood,Cartão Crédito,,Cancelado
28/06/2025,PED-2623,,Bolo Red Velvet,Bolos,5,"24,91","1,27",Encomenda,PIX,"11,59",Concluído
28/06/2025,PED-2624,,Brigadeiro,Doces,1,"25,26",,WhatsApp,PIX,"11,99",Concluído
28/06/2025,PED-2624,,Bolo de Chocolate,Bolos,1,"28,07",,Balcão,PIX,"8,44",Concluído
28/06/2025,PED-2624,,Trufa de Maracujá,Doces,4,"16,53",,Balcão,Dinheiro,"6,24",Cancelado
28/06/2025,PED-2624,,Bolo Red Velvet,Bolos,4,"25,57","1,12",Balcão,Cartão Débito,,Concluído
28/06/2025,PED-2625,,Trufa de Morango,Doces,2,"22,20",,Encomenda,Cartão Crédito,"7,49",Concluído
28/06/2025,PED-2625,,Bolo de Chocolate,Bolos,3,"31,26","1,75",iFood,PIX,"13,25",Cancelado
28/06/2025,PED-2626,,Bolo de Cenoura,Bolos,1,"5,34",,WhatsApp,Cartão Débito,"1,62",Cancelado
28/06/2025,PED-2626,,Bolo de Chocolate,Bolos,4,"12,13","1,27",WhatsApp,PIX,"5,56",Concluído
28/06/2025,PED-2626,,Brigadeiro Gourmet,Doces,1,"21,92",,Balcão,Cartão Crédito,"7,64",Cancelado
28/06/2025,PED-2627,,Empada de Frango,Salgados,1,"10,68",,Balcão,Dinheiro,"4,59",Concluído
28/06/2025,PED-2627,,Torta de Limão,Tortas,2,"31,86",,Balcão,PIX,"14,62",Concluído
28/06/2025,PED-2627,,Trufa de Morango,Doces,4,"22,36",,iFood,Cartão Crédito,"9,92",Concluído
28/06/2025,PED-2628,,Torta de Limão,Tortas,2,"15,08",,Balcão,PIX,"5,36",Concluído
28/06/2025,PED-2629,,Pão de Queijo,Salgados,2,"6,26",,WhatsApp,Dinheiro,"2,67",Concluído
28/06/2025,PED-2629,,Bolo de Chocolate,Bolos,3,"11,36",,iFood,Cartão Crédito,"4,97",Concluído
28/06/2025,PED-2629,,Bolo Red Velvet,Bolos,5,"9,01",,WhatsApp,Dinheiro,"4,15",Concluído
28/06/2025,PED-2629,,Brigadeiro Gourmet,Doces,5,"21,49",,Encomenda,Cartão Débito,"6,73",Concluído
28/06/2025,PED-2630,,Pão de Queijo,Salgados,1,"29,72",,WhatsApp,PIX,"13,21",Concluído
28/06/2025,PED-2630,,Brigadeiro Gourmet,Doces,1,"34,20",,Encomenda,Cartão Crédito,"13,45",Concluído
28/06/2025,PED-2630,,Empada de Frango,Salgados,1,"28,52","1,12",Encomenda,Cartão Débito,,Concluído
28/06/2025,PED-2631,,Trufa de Maracujá,Doces,4,"10,48",,Balcão,PIX,,Cancelado
28/06/2025,PED-2631,,Bolo Red Velvet,Bolos,5,"17,48",,iFood,Cartão Débito,"6,28",Concluído
28/06/2025,PED-2631,,Empada de Frango,Salgados,4,"24,67","2,71",Encomenda,Cartão Débito,"11,74",Concluído
28/06/2025,PED-2631,,Torta de Limão,Tortas,1,"5,67",,iFood,Cartão Crédito,,Concluído
28/06/2025,PED-2632,,Bolo Red Velvet,Bolos,3,"28,11",,Balcão,Cartão Débito,"8,51",Concluído
28/06/2025,PED-2632,,Brigadeiro,Doces,4,"11,31","0,57",iFood,PIX,"4,66",Concluído
28/06/2025,PED-2633,,Torta Holandesa,Tortas,4,"26,75",,Encomenda,PIX,,Concluído
30/06/2025,PED-2634,,Empada de Frango,Salgados,1,"9,10",,Encomenda,Cartão Crédito,,Concluído
30/06/2025,PED-2634,,Torta Holandesa,Tortas,2,"22,55",,WhatsApp,Cartão Crédito,,Concluído
30/06/2025,PED-2635,,Brigadeiro Gourmet,Doces,3,"20,37","1,57",Balcão,Cartão Débito,"8,72",Concluído
30/06/2025,PED-2635,,Empada de Frango,Salgados,3,"32,00",,WhatsApp,Cartão Crédito,,Concluído
30/06/2025,PED-2635,,Brigadeiro,Doces,1,"24,59",,WhatsApp,Dinheiro,"9,59",Concluído
30/06/2025,PED-2636,,Torta Holandesa,Tortas,3,"29,18","1,19",Encomenda,PIX,,Concluído
30/06/2025,PED-2636,,Pão de Queijo,Salgados,5,"19,49","2,97",WhatsApp,Cartão Débito,"6,07",Concluído
30/06/2025,PED-2636,,Bolo de Chocolate,Bolos,2,"8,87",,WhatsApp,Cartão Débito,"4,22",Concluído
30/06/2025,PED-2637,,Empada de Frango,Salgados,1,"26,12",,iFood,Cartão Crédito,,Concluído
30/06/2025,PED-2637,,Bolo de Chocolate,Bolos,5,"17,92","2,51",Balcão,Dinheiro,,Concluído
30/06/2025,PED-2637,,Torta de Limão,Tortas,5,"7,88",,Balcão,Cartão Crédito,,Concluído
30/06/2025,PED-2637,,Trufa de Maracujá,Doces,5,"26,26",,WhatsApp,Cartão Débito,"10,19",Concluído
30/06/2025,PED-2638,,Brigadeiro,Doces,5,"14,50",,WhatsApp,Dinheiro,"5,15",Cancelado
30/06/2025,PED-2638,,Trufa de Morango,Doces,3,"26,75","2,92",WhatsApp,Dinheiro,"10,82",Concluído
30/06/2025,PED-2638,,Pão de Queijo,Salgados,3,"5,54",,iFood,PIX,,Concluído
30/06/2025,PED-2639,,Bolo de Cenoura,Bolos,5,"8,54",,iFood,Dinheiro,"3,16",Cancelado
01/07/2025,PED-2640,,Bolo de Cenoura,Bolos,4,"28,13",,WhatsApp,PIX,,Concluído
01/07/2025,PED-2640,,Bolo Red Velvet,Bolos,5,"27,84","2,31",Encomenda,Cartão Crédito,,Concluído
01/07/2025,PED-2640,,Trufa de Maracujá,Doces,4,"6,48",,iFood,Dinheiro,,Concluído
01/07/2025,PED-2641,,Bolo de Chocolate,Bolos,5,"28,10","2,59",iFood,Cartão Débito,"11,42",Concluído
01/07/2025,PED-2641,,Torta de Limão,Tortas,5,"5,87",,WhatsApp,Cartão Crédito,"1,95",Concluído
01/07/2025,PED-2641,,Brigadeiro,Doces,4,"12,38","2,42",Balcão,Cartão Crédito,"4,12",Concluído
01/07/2025,PED-2642,,Brigadeiro Gourmet,Doces,3,"27,56",,Balcão,Cartão Crédito,"13,04",Cancelado
01/07/2025,PED-2642,,Empada de Frango,Salgados,1,"21,99","1,37",Encomenda,Cartão Crédito,,Concluído
01/07/2025,PED-2642,,Bolo de Cenoura,Bolos,5,"7,92",,WhatsApp,Dinheiro,,Concluído
01/07/2025,PED-2643,,Trufa de Maracujá,Doces,5,"19,64",,WhatsApp,Cartão Crédito,"9,17",Concluído
01/07/2025,PED-2643,,Coxinha,Salgados,4,"20,48","1,75",WhatsApp,Cartão Débito,"9,71",Cancelado
01/07/2025,PED-2643,,Brigadeiro Gourmet,Doces,2,"24,33",,Balcão,PIX,"11,58",Concluído
01/07/2025,PED-2643,,Bolo de Chocolate,Bolos,5,"16,54","2,65",iFood,Dinheiro,"5,81",Concluído
01/07/2025,PED-2644,,Brigadeiro,Doces,3,"12,27",,iFood,PIX,,Concluído
01/07/2025,PED-2644,,Coxinha,Salgados,4,"10,71",,iFood,Dinheiro,,Concluído
01/07/2025,PED-2644,,Trufa de Maracujá,Doces,3,"9,59","2,38",WhatsApp,Cartão Débito,"3,35",Concluído
01/07/2025,PED-2645,,Coxinha,Salgados,4,"22,22",,Balcão,PIX,"8,50",Cancelado
01/07/2025,PED-2645,,Trufa de Morango,Doces,1,"13,58",,Balcão,PIX,"4,95",Concluído
01/07/2025,PED-2645,,Brigadeiro Gourmet,Doces,5,"18,10","2,93",iFood,Cartão Débito,"8,76",Concluído
01/07/2025,PED-2646,,Torta Holandesa,Tortas,5,"13,46",,iFood,PIX,"5,71",Concluído
01/07/2025,PED-2646,,Brigadeiro,Doces,4,"18,14",,iFood,Cartão Crédito,"8,57",Cancelado
02/07/2025,PED-2647,,Empada de Frango,Salgados,2,"5,30",,WhatsApp,Cartão Crédito,,Concluído
02/07/2025,PED-2647,,Torta Holandesa,Tortas,1,"20,46","2,20",Encomenda,Cartão Crédito,,Concluído
02/07/2025,PED-2648,,Trufa de Morango,Doces,2,"6,00",,iFood,Cartão Crédito,,Cancelado
02/07/2025,PED-2648,,Bolo Red Velvet,Bolos,2,"23,18",,Balcão,PIX,"10,97",Concluído
02/07/2025,PED-2648,,Brigadeiro,Doces,5,"34,65",,WhatsApp,PIX,"15,89",Concluído
02/07/2025,PED-2648,,Coxinha,Salgados,1,"25,90","2,71",iFood,Dinheiro,"9,01",Cancelado
02/07/2025,PED-2649,,Brigadeiro Gourmet,Doces,1,"16,39",,WhatsApp,Dinheiro,"7,85",Concluído
02/07/2025,PED-2649,,Trufa de Maracujá,Doces,1,"5,14",,WhatsApp,PIX,"1,77",Cancelado
02/07/2025,PED-2649,,Torta de Limão,Tortas,4,"11,17",,Balcão,Cartão Débito,"4,02",Concluído
02/07/2025,PED-2650,,Trufa de Maracujá,Doces,5,"25,63","2,32",Balcão,PIX,,Concluído
02/07/2025,PED-2650,,Coxinha,Salgados,1,"20,01","1,84",iFood,Cartão Crédito,"8,16",Concluído
02/07/2025,PED-2650,,Bolo de Cenoura,Bolos,2,"30,60","1,26",WhatsApp,PIX,"13,37",Concluído
02/07/2025,PED-2650,,Trufa de Morango,Doces,2,"28,61",,iFood,Cartão Crédito,"9,59",Concluído
02/07/2025,PED-2651,,Trufa de Morango,Doces,4,"8,19",,Encomenda,Dinheiro,"3,36",Concluído
02/07/2025,PED-2651,,Brigadeiro,Doces,2,"24,21","2,40",WhatsApp,Dinheiro,,Concluído
02/07/2025,PED-2652,,Torta Holandesa,Tortas,5,"17,76",,Encomenda,Cartão Débito,,Cancelado
02/07/2025,PED-2652,,Trufa de Morango,Doces,1,"8,30",,WhatsApp,Dinheiro,"3,57",Concluído
02/07/2025,PED-2653,,Bolo de Chocolate,Bolos,1,"34,21","1,49",WhatsApp,PIX,"12,83",Cancelado
02/07/2025,PED-2654,,Trufa de Maracujá,Doces,3,"7,96",,Encomenda,PIX,"2,91",Concluído
02/07/2025,PED-2654,,Torta Holandesa,Tortas,3,"28,54",,iFood,Cartão Crédito,,Concluído
02/07/2025,PED-2654,,Brigadeiro Gourmet,Doces,4,"6,49","2,37",Balcão,PIX,,Concluído
02/07/2025,PED-2655,,Brigadeiro Gourmet,Doces,5,"22,15",,iFood,PIX,"9,35",Cancelado
02/07/2025,PED-2656,,Torta Holandesa,Tortas,2,"20,55",,Encomenda,Cartão Crédito,"10,12",Concluído
02/07/2025,PED-2657,,Trufa de Maracujá,Doces,1,"11,04",,iFood,PIX,"3,70",Concluído
02/07/2025,PED-2657,,Coxinha,Salgados,5,"26,49",,Balcão,Cartão Crédito,"9,29",Concluído
02/07/2025,PED-2657,,Brigadeiro,Doces,1,"7,77","2,25",iFood,Dinheiro,,Concluído
02/07/2025,PED-2658,,Torta de Limão,Tortas,3,"6,04",,Encomenda,Cartão Crédito,,Concluído
02/07/2025,PED-2658,,Torta Holandesa,Tortas,5,"15,34",,WhatsApp,Dinheiro,,Concluído
02/07/2025,PED-2659,,Brigadeiro Gourmet,Doces,5,"23,64",,Balcão,PIX,"10,56",Cancelado
03/07/2025,PED-2660,,Brigadeiro Gourmet,Doces,2,"12,28",,Balcão,Cartão Débito,"5,33",Concluído
03/07/2025,PED-2660,,Pão de Queijo,Salgados,5,"6,94",,Encomenda,Dinheiro,"3,25",Concluído
03/07/2025,PED-2661,,Trufa de Morango,Doces,2,"22,61",,Balcão,Cartão Crédito,,Concluído
03/07/2025,PED-2661,,Pão de Queijo,Salgados,2,"34,18",,WhatsApp,Dinheiro,"14,36",Concluído
03/07/2025,PED-2662,,Trufa de Maracujá,Doces,4,"11,89","1,14",WhatsApp,PIX,,Cancelado
03/07/2025,PED-2662,,Bolo de Chocolate,Bolos,3,"16,53",,iFood,PIX,"6,25",Cancelado
03/07/2025,PED-2663,,Bolo Red Velvet,Bolos,1,"26,48",,Encomenda,Cartão Débito,,Concluído
03/07/2025,PED-2663,,Empada de Frango,Salgados,5,"16,77",,Balcão,Cartão Débito,,Concluído
03/07/2025,PED-2663,,Trufa de Maracujá,Doces,1,"18,62",,Encomenda,Dinheiro,,Concluído
03/07/2025,PED-2664,,Trufa de Maracujá,Doces,5,"9,82",,Balcão,Dinheiro,"3,28",Concluído
03/07/2025,PED-2665,,Brigadeiro Gourmet,Doces,2,"28,44",,Encomenda,Dinheiro,,Concluído
03/07/2025,PED-2665,,Torta Holandesa,Tortas,1,"15,29",,iFood,Cartão Crédito,,Cancelado
03/07/2025,PED-2665,,Coxinha,Salgados,5,"32,83",,Encomenda,Cartão Débito,,Concluído
03/07/2025,PED-2666,,Coxinha,Salgados,5,"16,39","1,46",WhatsApp,PIX,"4,93",Concluído
03/07/2025,PED-2666,,Brigadeiro Gourmet,Doces,1,"20,50",,Encomenda,Cartão Débito,,Concluído
03/07/2025,PED-2667,,Bolo de Chocolate,Bolos,5,"9,32",,WhatsApp,Cartão Débito,"3,90",Concluído
03/07/2025,PED-2667,,Empada de Frango,Salgados,5,"26,85",,WhatsApp,Cartão Débito,"9,21",Concluído
03/07/2025,PED-2668,,Bolo de Chocolate,Bolos,4,"24,78",,Encomenda,Cartão Crédito,,Cancelado
03/07/2025,PED-2668,,Bolo Red Velvet,Bolos,5,"16,86",,Encomenda,PIX,"7,55",Concluído
03/07/2025,PED-2668,,Trufa de Morango,Doces,5,"24,24","0,67",Balcão,PIX,"8,54",Concluído
03/07/2025,PED-2668,,Trufa de Maracujá,Doces,4,"14,99",,WhatsApp,PIX,"6,98",Concluído
03/07/2025,PED-2669,,Pão de Queijo,Salgados,5,"14,84",,Encomenda,Dinheiro,,Cancelado
03/07/2025,PED-2669,,Trufa de Maracujá,Doces,5,"31,76",,Encomenda,PIX,"14,64",Concluído
03/07/2025,PED-2670,,Bolo de Cenoura,Bolos,3,"8,44","2,08",iFood,Cartão Crédito,,Concluído
03/07/2025,PED-2671,,Torta Holandesa,Tortas,4,"32,52","2,69",Balcão,Cartão Crédito,"14,70",Concluído
03/07/2025,PED-2671,,Coxinha,Salgados,1,"26,87",,iFood,Cartão Crédito,"12,31",Concluído
03/07/2025,PED-2671,,Brigadeiro,Doces,5,"14,54",,Balcão,PIX,,Concluído
03/07/2025,PED-2672,,Trufa de Maracujá,Doces,2,"24,25","2,82",Balcão,Dinheiro,"11,39",Cancelado
03/07/2025,PED-2673,,Brigadeiro Gourmet,Doces,4,"9,48",,WhatsApp,Dinheiro,"4,05",Concluído
03/07/2025,PED-2674,,Bolo de Cenoura,Bolos,5,"25,59","1,66",Encomenda,Dinheiro,,Concluído
03/07/2025,PED-2674,,Torta de Limão,Tortas,5,"18,11",,Balcão,Dinheiro,"6,32",Concluído
04/07/2025,PED-2675,,Coxinha,Salgados,1,"23,40",,WhatsApp,Dinheiro,"10,80",Cancelado
04/07/2025,PED-2675,,Empada de Frango,Salgados,5,"10,88",,iFood,PIX,"4,33",Concluído
04/07/2025,PED-2675,,Trufa de Morango,Doces,5,"28,65","0,66",Balcão,Cartão Débito,"11,63",Cancelado
04/07/2025,PED-2676,,Trufa de Maracujá,Doces,2,"34,21",,WhatsApp,Dinheiro,"16,41",Cancelado
04/07/2025,PED-2676,,Brigadeiro,Doces,3,"18,14","1,94",Balcão,Cartão Crédito,,Concluído
04/07/2025,PED-2676,,Coxinha,Salgados,5,"22,82",,Balcão,Cartão Débito,"10,08",Concluído
04/07/2025,PED-2677,,Bolo de Chocolate,Bolos,3,"7,42","0,59",WhatsApp,Dinheiro,"2,29",Concluído
04/07/2025,PED-2678,,Brigadeiro Gourmet,Doces,5,"11,50",,iFood,Cartão Débito,"4,74",Concluído
04/07/2025,PED-2678,,Bolo de Chocolate,Bolos,2,"23,57",,Encomenda,PIX,"9,84",Concluído
04/07/2025,PED-2678,,Coxinha,Salgados,5,"9,70",,Encomenda,Cartão Débito,,Concluído
04/07/2025,PED-2678,,Pão de Queijo,Salgados,3,"23,24","1,80",WhatsApp,Cartão Crédito,,Concluído
04/07/2025,PED-2679,,Torta Holandesa,Tortas,2,"18,21",,Balcão,Cartão Crédito,"8,06",Concluído
04/07/2025,PED-2680,,Bolo de Cenoura,Bolos,4,"34,27",,Balcão,Cartão Débito,"16,64",Concluído
04/07/2025,PED-2680,,Empada de Frango,Salgados,3,"11,46",,Balcão,Cartão Crédito,"3,71",Concluído
04/07/2025,PED-2680,,Trufa de Maracujá,Doces,4,"25,24",,Encomenda,Dinheiro,"12,61",Concluído
04/07/2025,PED-2680,,Brigadeiro,Doces,5,"23,34","2,30",iFood,Dinheiro,"9,00",Concluído
04/07/2025,PED-2681,,Bolo Red Velvet,Bolos,5,"28,32",,WhatsApp,Dinheiro,,Concluído
04/07/2025,PED-2681,,Coxinha,Salgados,4,"34,46","1,68",Encomenda,Dinheiro,"16,29",Concluído
04/07/2025,PED-2681,,Torta Holandesa,Tortas,3,"19,24",,WhatsApp,Dinheiro,"9,55",Concluído
05/07/2025,PED-2682,,Coxinha,Salgados,1,"22,14",,WhatsApp,Dinheiro,"8,71",Concluído
05/07/2025,PED-2682,,Bolo Red Velvet,Bolos,5,"22,85","0,55",Balcão,Cartão Débito,,Concluído
05/07/2025,PED-2682,,Trufa de Maracujá,Doces,2,"6,34",,Encomenda,PIX,"1,93",Concluído
05/07/2025,PED-2683,,Bolo Red Velvet,Bolos,4,"7,27","1,48",iFood,Dinheiro,"3,59",Concluído
05/07/2025,PED-2683,,Torta de Limão,Tortas,2,"14,59",,Balcão,Cartão Crédito,,Cancelado
05/07/2025,PED-2684,,Brigadeiro,Doces,2,"33,72","2,91",Encomenda,Dinheiro,,Concluído
05/07/2025,PED-2684,,Trufa de Maracujá,Doces,1,"27,69",,Encomenda,PIX,,Concluído
05/07/2025,PED-2684,,Torta Holandesa,Tortas,2,"9,74","1,46",Encomenda,Cartão Débito,,Concluído
05/07/2025,PED-2685,,Trufa de Maracujá,Doces,3,"9,51",,iFood,Cartão Débito,"4,74",Concluído
05/07/2025,PED-2685,,Bolo Red Velvet,Bolos,3,"5,34",,iFood,Dinheiro,,Cancelado
05/07/2025,PED-2685,,Trufa de Morango,Doces,5,"21,32",,WhatsApp,Cartão Débito,"6,93",Cancelado
05/07/2025,PED-2686,,Torta de Limão,Tortas,5,"21,26","0,88",Balcão,Cartão Crédito,"8,21",Concluído
05/07/2025,PED-2686,,Bolo Red Velvet,Bolos,3,"18,71",,Encomenda,Cartão Débito,"8,60",Concluído
05/07/2025,PED-2686,,Trufa de Maracujá,Doces,2,"28,96",,WhatsApp,Cartão Crédito,"9,94",Concluído
05/07/2025,PED-2686,,Empada de Frango,Salgados,3,"15,94",,Balcão,Cartão Crédito,"4,84",Concluído
05/07/2025,PED-2687,,Bolo de Cenoura,Bolos,4,"16,01",,Balcão,Cartão Débito,"6,99",Concluído
05/07/2025,PED-2687,,Brigadeiro,Doces,4,"33,66",,WhatsApp,Cartão Débito,"15,56",Concluído
05/07/2025,PED-2688,,Torta Holandesa,Tortas,5,"32,70",,Balcão,PIX,"13,26",Cancelado
05/07/2025,PED-2689,,Bolo de Cenoura,Bolos,1,"16,16",,iFood,Dinheiro,"7,33",Concluído
05/07/2025,PED-2689,,Pão de Queijo,Salgados,5,"21,45","0,78",WhatsApp,Dinheiro,,Concluído
05/07/2025,PED-2689,,Empada de Frango,Salgados,1,"26,34",,Balcão,Dinheiro,"11,34",Concluído
05/07/2025,PED-2689,,Torta de Limão,Tortas,2,"5,65",,Balcão,Cartão Débito,,Concluído
05/07/2025,PED-2690,,Torta Holandesa,Tortas,1,"34,56","1,36",WhatsApp,Cartão Débito,,Cancelado
05/07/2025,PED-2691,,Pão de Queijo,Salgados,2,"9,32",,iFood,Cartão Crédito,"3,56",Concluído
05/07/2025,PED-2691,,Torta Holandesa,Tortas,1,"10,61",,Encomenda,Cartão Crédito,,Concluído
05/07/2025,PED-2691,,Bolo de Chocolate,Bolos,5,"10,90",,iFood,PIX,,Concluído
05/07/2025,PED-2691,,Bolo Red Velvet,Bolos,1,"11,50",,iFood,Cartão Débito,,Cancelado
05/07/2025,PED-2692,,Bolo Red Velvet,Bolos,1,"20,92",,iFood,Cartão Crédito,"7,21",Concluído
05/07/2025,PED-2693,,Torta de Limão,Tortas,4,"22,18","1,40",Balcão,PIX,,Concluído
05/07/2025,PED-2693,,Trufa de Maracujá,Doces,5,"16,69",,iFood,PIX,,Cancelado
05/07/2025,PED-2693,,Coxinha,Salgados,4,"28,33",,Encomenda,PIX,"10,49",Cancelado
05/07/2025,PED-2693,,Bolo de Cenoura,Bolos,2,"18,22",,WhatsApp,Dinheiro,,Concluído
05/07/2025,PED-2694,,Brigadeiro Gourmet,Doces,4,"25,03",,Encomenda,Dinheiro,,Concluído
05/07/2025,PED-2694,,Empada de Frango,Salgados,5,"32,42",,Encomenda,Dinheiro,"11,80",Cancelado
05/07/2025,PED-2695,,Torta Holandesa,Tortas,5,"18,22",,WhatsApp,Cartão Débito,"8,98",Concluído
06/07/2025,PED-2696,,Empada de Frango,Salgados,1,"25,88",,iFood,Cartão Crédito,"10,93",Cancelado
06/07/2025,PED-2696,,Torta Holandesa,Tortas,2,"13,03","1,44",Encomenda,Cartão Crédito,,Concluído
06/07/2025,PED-2696,,Trufa de Maracujá,Doces,2,"10,68",,iFood,PIX,"3,57",Concluído
06/07/2025,PED-2696,,Torta de Limão,Tortas,5,"10,02",,Encomenda,Dinheiro,,Concluído
06/07/2025,PED-2697,,Empada de Frango,Salgados,4,"8,60",,Balcão,Cartão Crédito,,Concluído
06/07/2025,PED-2697,,Bolo de Chocolate,Bolos,3,"28,10",,iFood,Cartão Débito,"10,60",Concluído
06/07/2025,PED-2698,,Trufa de Maracujá,Doces,3,"13,74",,Balcão,Dinheiro,,Concluído
06/07/2025,PED-2698,,Torta de Limão,Tortas,2,"12,62",,Encomenda,Cartão Crédito,,Concluído
06/07/2025,PED-2699,,Trufa de Morango,Doces,4,"22,28",,WhatsApp,Dinheiro,"9,56",Concluído
06/07/2025,PED-2700,,Torta de Limão,Tortas,3,"7,51",,Encomenda,PIX,"2,62",Concluído
06/07/2025,PED-2701,,Bolo de Cenoura,Bolos,5,"31,31","1,64",iFood,PIX,,Concluído
06/07/2025,PED-2702,,Bolo Red Velvet,Bolos,5,"13,67",,Encomenda,Cartão Crédito,"4,45",Concluído
06/07/2025,PED-2702,,Torta Holandesa,Tortas,4,"12,43",,Balcão,PIX,"5,40",Concluído
06/07/2025,PED-2702,,Trufa de Maracujá,Doces,5,"31,96",,iFood,Cartão Débito,"10,22",Concluído
06/07/2025,PED-2703,,Brigadeiro,Doces,4,"34,12",,Encomenda,Cartão Débito,"12,93",Concluído
06/07/2025,PED-2704,,Torta Holandesa,Tortas,3,"32,32",,WhatsApp,Cartão Débito,,Cancelado
06/07/2025,PED-2705,,Coxinha,Salgados,5,"20,70",,WhatsApp,Cartão Débito,,Concluído
06/07/2025,PED-2705,,Torta Holandesa,Tortas,1,"10,35",,Encomenda,Cartão Crédito,"3,27",Cancelado
06/07/2025,PED-2705,,Bolo de Chocolate,Bolos,4,"16,87","2,41",Balcão,Cartão Crédito,,Concluído
06/07/2025,PED-2706,,Torta Holandesa,Tortas,3,"30,32",,WhatsApp,Dinheiro,,Concluído
06/07/2025,PED-2706,,Bolo de Cenoura,Bolos,5,"34,17","1,35",iFood,Dinheiro,"16,76",Concluído
06/07/2025,PED-2706,,Brigadeiro,Doces,3,"30,34",,WhatsApp,Cartão Crédito,"12,56",Concluído
06/07/2025,PED-2706,,Trufa de Maracujá,Doces,5,"25,69",,Encomenda,Cartão Crédito,"12,63",Cancelado
06/07/2025,PED-2707,,Torta Holandesa,Tortas,5,"24,60",,WhatsApp,Dinheiro,,Concluído
06/07/2025,PED-2708,,Bolo de Chocolate,Bolos,1,"6,23",,Encomenda,Dinheiro,"2,88",Concluído
07/07/2025,PED-2709,,Coxinha,Salgados,1,"18,93",,Balcão,Dinheiro,"7,18",Cancelado
07/07/2025,PED-2709,,Trufa de Maracujá,Doces,1,"5,32",,iFood,Cartão Crédito,,Concluído
07/07/2025,PED-2709,,Pão de Queijo,Salgados,2,"16,17",,iFood,Cartão Crédito,"7,02",Concluído
07/07/2025,PED-2710,,Torta Holandesa,Tortas,3,"30,36",,iFood,Dinheiro,,Concluído
07/07/2025,PED-2710,,Torta de Limão,Tortas,5,"10,09",,Balcão,PIX,,Concluído
07/07/2025,PED-2710,,Bolo Red Velvet,Bolos,2,"15,48",,Encomenda,Cartão Débito,"7,56",Concluído
07/07/2025,PED-2711,,Coxinha,Salgados,2,"34,58",,Balcão,PIX,"13,70",Concluído
07/07/2025,PED-2711,,Torta Holandesa,Tortas,3,"5,37","2,31",Encomenda,Cartão Crédito,"1,88",Concluído
07/07/2025,PED-2711,,Brigadeiro,Doces,2,"30,78",,Encomenda,Dinheiro,,Cancelado
07/07/2025,PED-2711,,Brigadeiro Gourmet,Doces,1,"29,42",,Encomenda,Cartão Crédito,,Cancelado
07/07/2025,PED-2712,,Torta de Limão,Tortas,4,"8,69",,Encomenda,Cartão Crédito,"3,00",Cancelado
07/07/2025,PED-2712,,Brigadeiro Gourmet,Doces,2,"31,88",,WhatsApp,Cartão Crédito,"11,78",Cancelado
07/07/2025,PED-2712,,Coxinha,Salgados,2,"20,22",,Encomenda,Cartão Crédito,"7,86",Concluído
07/07/2025,PED-2712,,Bolo Red Velvet,Bolos,1,"18,11",,Encomenda,PIX,,Cancelado
07/07/2025,PED-2713,,Torta de Limão,Tortas,4,"17,18","2,65",Balcão,PIX,"7,64",Concluído
07/07/2025,PED-2713,,Pão de Queijo,Salgados,3,"8,61",,WhatsApp,Dinheiro,,Cancelado
08/07/2025,PED-2714,,Trufa de Maracujá,Doces,5,"14,13",,iFood,Cartão Crédito,"4,41",Concluído
08/07/2025,PED-2714,,Trufa de Morango,Doces,1,"13,91","0,65",Balcão,Dinheiro,"4,57",Concluído
08/07/2025,PED-2714,,Brigadeiro Gourmet,Doces,1,"32,80",,Balcão,Cartão Débito,"13,18",Cancelado
08/07/2025,PED-2714,,Pão de Queijo,Salgados,1,"9,42",,WhatsApp,Cartão Crédito,,Concluído
08/07/2025,PED-2715,,Trufa de Maracujá,Doces,3,"29,39","1,98",Balcão,Cartão Débito,"11,57",Concluído
08/07/2025,PED-2715,,Bolo Red Velvet,Bolos,5,"17,21",,Encomenda,Dinheiro,"8,55",Concluído
08/07/2025,PED-2715,,Coxinha,Salgados,5,"16,97","0,96",WhatsApp,PIX,"7,32",Concluído
08/07/2025,PED-2715,,Torta de Limão,Tortas,2,"13,68",,Balcão,PIX,"4,82",Concluído
08/07/2025,PED-2716,,Trufa de Morango,Doces,3,"26,94",,WhatsApp,Dinheiro,"8,53",Cancelado
08/07/2025,PED-2716,,Empada de Frango,Salgados,2,"15,89",,Encomenda,Dinheiro,"6,64",Concluído
08/07/2025,PED-2717,,Torta de Limão,Tortas,2,"29,57",,iFood,PIX,,Cancelado
08/07/2025,PED-2717,,Trufa de Maracujá,Doces,5,"18,23",,Encomenda,PIX,,Concluído
08/07/2025,PED-2717,,Torta Holandesa,Tortas,2,"32,31",,WhatsApp,PIX,"15,31",Concluído
08/07/2025,PED-2717,,Empada de Frango,Salgados,2,"19,61","1,89",iFood,PIX,"7,83",Concluído
08/07/2025,PED-2718,,Brigadeiro Gourmet,Doces,3,"26,55","2,67",iFood,Cartão Débito,"9,43",Concluído
08/07/2025,PED-2718,,Coxinha,Salgados,2,"23,63",,Balcão,Cartão Débito,"7,13",Concluído
08/07/2025,PED-2718,,Bolo Red Velvet,Bolos,5,"26,55","0,62",iFood,Dinheiro,"11,89",Concluído
08/07/2025,PED-2718,,Trufa de Morango,Doces,1,"27,23",,Balcão,Cartão Crédito,"8,22",Concluído
08/07/2025,PED-2719,,Brigadeiro Gourmet,Doces,5,"8,25","1,04",Encomenda,Cartão Crédito,"3,74",Concluído
08/07/2025,PED-2719,,Torta Holandesa,Tortas,3,"20,73",,iFood,Cartão Crédito,"7,12",Concluído
08/07/2025,PED-2719,,Coxinha,Salgados,5,"16,32",,WhatsApp,PIX,"6,46",Concluído
08/07/2025,PED-2719,,Trufa de Morango,Doces,5,"11,97",,Encomenda,Cartão Débito,"4,02",Concluído
08/07/2025,PED-2720,,Brigadeiro,Doces,2,"18,23",,Balcão,Cartão Débito,"8,78",Concluído
08/07/2025,PED-2720,,Brigadeiro Gourmet,Doces,4,"10,34","0,56",Encomenda,PIX,,Cancelado
08/07/2025,PED-2720,,Trufa de Maracujá,Doces,3,"8,11","1,40",Encomenda,Cartão Crédito,"4,01",Concluído
08/07/2025,PED-2720,,Bolo de Chocolate,Bolos,5,"28,43",,Balcão,Cartão Crédito,"11,97",Concluído
08/07/2025,PED-2721,,Torta Holandesa,Tortas,2,"19,94","2,07",iFood,Cartão Crédito,,Concluído
08/07/2025,PED-2721,,Brigadeiro,Doces,5,"25,72",,iFood,Cartão Crédito,,Concluído
08/07/2025,PED-2721,,Trufa de Morango,Doces,1,"15,02",,iFood,Cartão Crédito,,Concluído
08/07/2025,PED-2721,,Pão de Queijo,Salgados,2,"22,82",,Encomenda,Cartão Crédito,"9,03",Concluído
08/07/2025,PED-2722,,Brigadeiro,Doces,2,"8,25",,Encomenda,Dinheiro,"3,20",Cancelado
08/07/2025,PED-2722,,Coxinha,Salgados,5,"8,33","2,43",WhatsApp,PIX,"3,31",Concluído
08/07/2025,PED-2722,,Bolo Red Velvet,Bolos,1,"29,35",,iFood,Dinheiro,,Concluído
09/07/2025,PED-2723,,Coxinha,Salgados,4,"14,42",,Balcão,PIX,"5,25",Concluído
09/07/2025,PED-2724,,Bolo Red Velvet,Bolos,4,"10,14",,Balcão,Cartão Crédito,"3,51",Concluído
09/07/2025,PED-2724,,Brigadeiro Gourmet,Doces,2,"14,69",,iFood,Cartão Crédito,,Concluído
09/07/2025,PED-2724,,Trufa de Morango,Doces,5,"28,97","0,55",WhatsApp,PIX,,Concluído
09/07/2025,PED-2725,,Bolo de Chocolate,Bolos,3,"25,02","2,12",WhatsApp,Cartão Crédito,"11,80",Concluído
09/07/2025,PED-2725,,Empada de Frango,Salgados,4,"24,04",,WhatsApp,PIX,"9,46",Concluído
09/07/2025,PED-2725,,Coxinha,Salgados,4,"20,76","0,56",Encomenda,Cartão Débito,,Concluído
09/07/2025,PED-2725,,Torta de Limão,Tortas,1,"5,45",,Balcão,Cartão Crédito,"2,03",Concluído
09/07/2025,PED-2726,,Bolo Red Velvet,Bolos,4,"5,70",,WhatsApp,Cartão Crédito,,Concluído
09/07/2025,PED-2726,,Pão de Queijo,Salgados,4,"11,05",,Balcão,Cartão Débito,"4,16",Cancelado
09/07/2025,PED-2726,,Bolo de Chocolate,Bolos,1,"17,46",,Encomenda,Cartão Crédito,"5,66",Concluído
09/07/2025,PED-2726,,Bolo de Cenoura,Bolos,5,"13,32","1,91",iFood,Dinheiro,"6,13",Cancelado
09/07/2025,PED-2727,,Torta de Limão,Tortas,1,"17,45",,WhatsApp,Dinheiro,,Concluído
09/07/2025,PED-2727,,Bolo de Chocolate,Bolos,4,"13,01","1,36",iFood,Dinheiro,"5,26",Concluído
09/07/2025,PED-2727,,Empada de Frango,Salgados,1,"33,59",,Balcão,Cartão Crédito,,Cancelado
09/07/2025,PED-2727,,Pão de Queijo,Salgados,4,"22,01",,Balcão,Cartão Débito,,Concluído
09/07/2025,PED-2728,,Empada de Frango,Salgados,2,"6,15",,WhatsApp,Dinheiro,"2,54",Concluído
09/07/2025,PED-2728,,Coxinha,Salgados,5,"34,69",,Encomenda,PIX,"13,68",Concluído
09/07/2025,PED-2729,,Torta Holandesa,Tortas,3,"26,67",,WhatsApp,Cartão Crédito,"10,98",Cancelado
09/07/2025,PED-2729,,Brigadeiro,Doces,4,"10,06",,iFood,Cartão Crédito,"3,81",Concluído
09/07/2025,PED-2729,,Pão de Queijo,Salgados,4,"21,34",,iFood,Cartão Débito,,Concluído
09/07/2025,PED-2729,,Bolo de Chocolate,Bolos,3,"14,97",,iFood,Cartão Crédito,,Concluído
10/07/2025,PED-2730,,Brigadeiro Gourmet,Doces,2,"6,60",,iFood,Cartão Débito,"2,69",Cancelado
10/07/2025,PED-2731,,Bolo Red Velvet,Bolos,3,"25,63",,WhatsApp,Dinheiro,,Cancelado
10/07/2025,PED-2731,,Brigadeiro,Doces,2,"5,87",,iFood,Dinheiro,"2,09",Concluído
10/07/2025,PED-2731,,Trufa de Maracujá,Doces,5,"17,40",,Balcão,Cartão Crédito,"5,26",Concluído
10/07/2025,PED-2731,,Coxinha,Salgados,3,"8,52",,Encomenda,Dinheiro,,Concluído
10/07/2025,PED-2732,,Bolo de Chocolate,Bolos,3,"32,17",,iFood,Cartão Débito,"14,98",Concluído
10/07/2025,PED-2732,,Brigadeiro Gourmet,Doces,5,"31,24",,Encomenda,Dinheiro,"12,35",Concluído
10/07/2025,PED-2732,,Coxinha,Salgados,5,"17,70",,iFood,Cartão Crédito,,Concluído
10/07/2025,PED-2733,,Torta de Limão,Tortas,4,"14,22",,WhatsApp,Cartão Débito,"5,65",Concluído
10/07/2025,PED-2734,,Empada de Frango,Salgados,5,"6,57",,iFood,PIX,"2,05",Concluído
10/07/2025,PED-2734,,Bolo de Cenoura,Bolos,5,"16,14","2,11",Balcão,Dinheiro,"5,64",Concluído
10/07/2025,PED-2734,,Coxinha,Salgados,3,"15,64",,Encomenda,Cartão Crédito,"7,73",Concluído
10/07/2025,PED-2735,,Bolo de Cenoura,Bolos,5,"33,15",,Balcão,Cartão Crédito,,Concluído
10/07/2025,PED-2735,,Brigadeiro Gourmet,Doces,4,"8,01",,Balcão,Cartão Crédito,,Concluído
10/07/2025,PED-2735,,Bolo de Chocolate,Bolos,5,"26,84",,WhatsApp,Cartão Débito,,Concluído
10/07/2025,PED-2736,,Torta de Limão,Tortas,5,"12,39",,iFood,Cartão Débito,"4,66",Concluído
10/07/2025,PED-2737,,Bolo Red Velvet,Bolos,2,"9,57",,Encomenda,Cartão Crédito,"3,07",Cancelado
10/07/2025,PED-2737,,Trufa de Maracujá,Doces,4,"25,50",,WhatsApp,Cartão Débito,,Concluído
10/07/2025,PED-2737,,Coxinha,Salgados,5,"31,16",,Balcão,Cartão Crédito,"11,61",Concluído
10/07/2025,PED-2737,,Brigadeiro,Doces,2,"24,09",,Encomenda,Dinheiro,"8,84",Concluído
10/07/2025,PED-2738,,Brigadeiro Gourmet,Doces,4,"12,06",,iFood,Cartão Crédito,"5,80",Concluído
10/07/2025,PED-2739,,Trufa de Maracujá,Doces,3,"9,29","0,97",WhatsApp,Cartão Crédito,"4,58",Cancelado
10/07/2025,PED-2739,,Bolo de Chocolate,Bolos,3,"16,70",,Balcão,PIX,,Concluído
10/07/2025,PED-2739,,Brigadeiro Gourmet,Doces,1,"27,84","1,15",WhatsApp,Dinheiro,,Cancelado
10/07/2025,PED-2739,,Pão de Queijo,Salgados,5,"12,75",,iFood,PIX,"5,34",Concluído
10/07/2025,PED-2740,,Coxinha,Salgados,1,"22,07","2,30",iFood,Cartão Crédito,"9,60",Concluído
10/07/2025,PED-2740,,Torta de Limão,Tortas,1,"16,06",,iFood,PIX,"5,21",Concluído
10/07/2025,PED-2741,,Trufa de Maracujá,Doces,4,"18,98",,WhatsApp,Dinheiro,"9,27",Concluído
10/07/2025,PED-2741,,Torta Holandesa,Tortas,3,"26,84",,iFood,Cartão Débito,,Concluído
10/07/2025,PED-2742,,Pão de Queijo,Salgados,3,"32,32",,iFood,PIX,,Concluído
12/07/2025,PED-2743,,Empada de Frango,Salgados,5,"16,21",,Encomenda,PIX,,Concluído
12/07/2025,PED-2744,,Bolo Red Velvet,Bolos,2,"21,02",,WhatsApp,Cartão Crédito,"9,09",Cancelado
12/07/2025,PED-2745,,Torta Holandesa,Tortas,2,"15,16","1,54",WhatsApp,Cartão Crédito,"5,29",Concluído
12/07/2025,PED-2746,,Coxinha,Salgados,5,"22,79",,Encomenda,Cartão Crédito,"10,68",Concluído
12/07/2025,PED-2746,,Trufa de Morango,Doces,5,"17,05",,iFood,Cartão Débito,,Cancelado
12/07/2025,PED-2746,,Torta Holandesa,Tortas,2,"30,00",,Encomenda,PIX,"11,93",Concluído
12/07/2025,PED-2746,,Brigadeiro Gourmet,Doces,5,"21,74",,iFood,PIX,,Concluído
12/07/2025,PED-2747,,Coxinha,Salgados,1,"12,64",,WhatsApp,Dinheiro,"6,07",Concluído
12/07/2025,PED-2747,,Torta de Limão,Tortas,5,"23,43",,WhatsApp,PIX,"7,22",Concluído
12/07/2025,PED-2747,,Empada de Frango,Salgados,1,"13,17",,Balcão,Dinheiro,,Concluído
12/07/2025,PED-2747,,Brigadeiro,Doces,4,"21,30",,Balcão,Dinheiro,"8,19",Cancelado
12/07/2025,PED-2748,,Empada de Frango,Salgados,5,"33,39",,Balcão,Dinheiro,,Concluído
12/07/2025,PED-2748,,Torta Holandesa,Tortas,2,"16,30","1,94",Encomenda,PIX,"5,19",Concluído
12/07/2025,PED-2749,,Trufa de Maracujá,Doces,1,"28,74","0,55",Balcão,Cartão Crédito,,Concluído
12/07/2025,PED-2750,,Torta Holandesa,Tortas,1,"19,46","1,24",WhatsApp,PIX,"6,38",Concluído
12/07/2025,PED-2750,,Trufa de Morango,Doces,5,"25,25",,iFood,Dinheiro,"12,23",Cancelado
12/07/2025,PED-2751,,Trufa de Morango,Doces,2,"9,06",,WhatsApp,Dinheiro,,Concluído
12/07/2025,PED-2751,,Torta de Limão,Tortas,3,"26,68",,Encomenda,Dinheiro,"10,56",Concluído
12/07/2025,PED-2752,,Torta Holandesa,Tortas,1,"26,44","0,59",WhatsApp,Cartão Crédito,,Cancelado
12/07/2025,PED-2752,,Pão de Queijo,Salgados,4,"21,20",,Encomenda,Dinheiro,"8,62",Concluído
12/07/2025,PED-2753,,Bolo de Cenoura,Bolos,4,"6,71",,Encomenda,Dinheiro,"2,27",Concluído
12/07/2025,PED-2753,,Brigadeiro Gourmet,Doces,5,"13,09",,WhatsApp,Dinheiro,,Concluído
12/07/2025,PED-2754,,Torta Holandesa,Tortas,4,"12,25",,iFood,Cartão Crédito,"5,22",Concluído
12/07/2025,PED-2754,,Torta de Limão,Tortas,3,"26,03","2,78",WhatsApp,Dinheiro,,Concluído
12/07/2025,PED-2754,,Trufa de Morango,Doces,4,"11,89",,WhatsApp,PIX,,Cancelado
12/07/2025,PED-2755,,Bolo Red Velvet,Bolos,4,"28,54",,iFood,Cartão Débito,,Concluído
12/07/2025,PED-2755,,Torta Holandesa,Tortas,3,"9,59",,iFood,Cartão Crédito,"4,70",Concluído
12/07/2025,PED-2756,,Brigadeiro,Doces,5,"25,72",,Balcão,Dinheiro,"9,09",Concluído
12/07/2025,PED-2756,,Torta de Limão,Tortas,5,"30,77",,WhatsApp,Cartão Crédito,,Concluído
12/07/2025,PED-2756,,Bolo de Cenoura,Bolos,5,"29,52","1,11",iFood,Cartão Débito,,Concluído
12/07/2025,PED-2757,,Trufa de Maracujá,Doces,4,"27,10",,Encomenda,Dinheiro,"12,14",Cancelado
12/07/2025,PED-2757,,Empada de Frango,Salgados,1,"28,80",,Balcão,Dinheiro,"13,18",Concluído
12/07/2025,PED-2757,,Brigadeiro,Doces,5,"19,85",,Balcão,Cartão Débito,"6,78",Concluído
12/07/2025,PED-2758,,Brigadeiro Gourmet,Doces,3,"8,41",,WhatsApp,PIX,"3,56",Concluído
12/07/2025,PED-2758,,Bolo de Chocolate,Bolos,1,"12,60","2,67",Encomenda,Dinheiro,"4,21",Cancelado
12/07/2025,PED-2758,,Bolo de Cenoura,Bolos,1,"13,48",,WhatsApp,PIX,"5,08",Concluído
12/07/2025,PED-2758,,Torta de Limão,Tortas,1,"20,52",,WhatsApp,PIX,,Concluído
12/07/2025,PED-2759,,Bolo de Cenoura,Bolos,1,"24,47","2,26",iFood,Cartão Débito,"11,22",Concluído
14/07/2025,PED-2760,,Bolo de Chocolate,Bolos,1,"29,49",,WhatsApp,Cartão Débito,"11,44",Concluído
14/07/2025,PED-2760,,Empada de Frango,Salgados,2,"22,08",,WhatsApp,Cartão Débito,"10,15",Concluído
14/07/2025,PED-2760,,Bolo de Cenoura,Bolos,1,"15,80",,Encomenda,Cartão Crédito,"5,32",Concluído
14/07/2025,PED-2761,,Trufa de Morango,Doces,3,"21,96","2,40",WhatsApp,PIX,"7,88",Concluído
14/07/2025,PED-2762,,Coxinha,Salgados,3,"32,20",,iFood,PIX,"10,21",Concluído
14/07/2025,PED-2762,,Torta Holandesa,Tortas,4,"10,26","2,71",iFood,PIX,,Concluído
14/07/2025,PED-2762,,Brigadeiro Gourmet,Doces,3,"9,99","1,84",Balcão,Cartão Crédito,,Cancelado
14/07/2025,PED-2762,,Bolo de Cenoura,Bolos,1,"15,21",,Balcão,Dinheiro,"7,47",Concluído
14/07/2025,PED-2763,,Torta Holandesa,Tortas,2,"9,75",,iFood,Cartão Crédito,,Concluído
14/07/2025,PED-2763,,Brigadeiro Gourmet,Doces,1,"13,88",,Encomenda,Cartão Débito,"6,72",Concluído
14/07/2025,PED-2764,,Torta de Limão,Tortas,4,"21,78",,Balcão,Cartão Débito,"10,64",Concluído
14/07/2025,PED-2765,,Brigadeiro,Doces,1,"15,41",,Balcão,Cartão Crédito,,Concluído
14/07/2025,PED-2766,,Coxinha,Salgados,4,"6,18",,Balcão,Dinheiro,,Concluído
14/07/2025,PED-2767,,Coxinha,Salgados,2,"26,80",,Balcão,Cartão Crédito,,Concluído
14/07/2025,PED-2767,,Brigadeiro,Doces,2,"6,21",,Encomenda,Cartão Débito,"2,33",Concluído
14/07/2025,PED-2768,,Bolo de Cenoura,Bolos,1,"28,33",,Encomenda,Dinheiro,"9,23",Concluído
14/07/2025,PED-2769,,Brigadeiro Gourmet,Doces,4,"10,03",,WhatsApp,Cartão Débito,"4,53",Concluído
14/07/2025,PED-2769,,Bolo de Cenoura,Bolos,3,"10,00","2,74",Encomenda,Cartão Crédito,"3,58",Concluído
14/07/2025,PED-2770,,Empada de Frango,Salgados,1,"14,37","2,14",iFood,PIX,,Concluído
14/07/2025,PED-2770,,Bolo Red Velvet,Bolos,4,"8,24",,iFood,Dinheiro,"2,84",Concluído
14/07/2025,PED-2770,,Torta de Limão,Tortas,2,"30,12",,Encomenda,Cartão Crédito,,Concluído
14/07/2025,PED-2771,,Bolo de Cenoura,Bolos,4,"16,74",,Balcão,Cartão Crédito,"8,12",Concluído
14/07/2025,PED-2771,,Coxinha,Salgados,3,"28,77","0,52",iFood,Dinheiro,"10,49",Concluído
14/07/2025,PED-2772,,Coxinha,Salgados,2,"9,26",,WhatsApp,Dinheiro,,Concluído
14/07/2025,PED-2772,,Torta de Limão,Tortas,5,"25,33",,Encomenda,Cartão Débito,,Concluído
14/07/2025,PED-2773,,Bolo de Chocolate,Bolos,1,"14,31",,iFood,Cartão Débito,,Concluído
14/07/2025,PED-2773,,Bolo de Cenoura,Bolos,3,"25,00","2,64",WhatsApp,Cartão Débito,"8,83",Cancelado
14/07/2025,PED-2773,,Empada de Frango,Salgados,2,"24,20","1,60",iFood,PIX,"10,47",Concluído
14/07/2025,PED-2773,,Pão de Queijo,Salgados,1,"14,88","2,20",iFood,Dinheiro,,Concluído
14/07/2025,PED-2774,,Pão de Queijo,Salgados,4,"13,77",,Balcão,Cartão Débito,,Cancelado
15/07/2025,PED-2775,,Brigadeiro Gourmet,Doces,5,"11,92",,iFood,Dinheiro,,Cancelado
15/07/2025,PED-2775,,Torta de Limão,Tortas,4,"19,34",,Encomenda,PIX,"7,85",Concluído
15/07/2025,PED-2775,,Bolo de Chocolate,Bolos,5,"21,31","0,62",WhatsApp,Cartão Débito,,Concluído
15/07/2025,PED-2775,,Trufa de Maracujá,Doces,1,"22,44",,Balcão,Cartão Crédito,,Concluído
15/07/2025,PED-2776,,Empada de Frango,Salgados,5,"25,91",,Balcão,Dinheiro,"11,91",Concluído
15/07/2025,PED-2776,,Torta de Limão,Tortas,1,"32,35",,WhatsApp,PIX,,Concluído
15/07/2025,PED-2776,,Pão de Queijo,Salgados,1,"14,88",,iFood,Dinheiro,"5,94",Concluído
15/07/2025,PED-2776,,Bolo de Chocolate,Bolos,3,"26,26","2,91",Encomenda,Dinheiro,"8,79",Concluído
15/07/2025,PED-2777,,Brigadeiro,Doces,2,"16,43","1,77",Encomenda,PIX,"5,59",Concluído
15/07/2025,PED-2778,,Bolo Red Velvet,Bolos,2,"34,59",,WhatsApp,Cartão Crédito,"13,41",Concluído
15/07/2025,PED-2778,,Bolo de Cenoura,Bolos,3,"9,58","2,16",iFood,PIX,"4,23",Concluído
15/07/2025,PED-2778,,Brigadeiro Gourmet,Doces,3,"7,06",,iFood,PIX,,Concluído
15/07/2025,PED-2779,,Trufa de Maracujá,Doces,4,"25,13",,WhatsApp,Cartão Crédito,"10,91",Concluído
15/07/2025,PED-2779,,Torta de Limão,Tortas,5,"23,85","1,39",Balcão,Cartão Crédito,"9,63",Concluído
15/07/2025,PED-2779,,Empada de Frango,Salgados,5,"10,22",,Balcão,PIX,"3,27",Concluído
15/07/2025,PED-2780,,Bolo de Cenoura,Bolos,4,"6,20",,Balcão,PIX,"2,80",Concluído
15/07/2025,PED-2781,,Pão de Queijo,Salgados,1,"34,14",,WhatsApp,PIX,"15,22",Concluído
15/07/2025,PED-2781,,Brigadeiro Gourmet,Doces,5,"6,36",,Encomenda,Dinheiro,"2,31",Cancelado
15/07/2025,PED-2781,,Empada de Frango,Salgados,2,"17,46",,iFood,Cartão Crédito,"5,27",Cancelado
15/07/2025,PED-2781,,Torta de Limão,Tortas,4,"13,40",,Balcão,Cartão Crédito,"6,56",Cancelado
15/07/2025,PED-2782,,Bolo Red Velvet,Bolos,1,"31,60",,WhatsApp,Cartão Crédito,,Concluído
15/07/2025,PED-2782,,Trufa de Morango,Doces,1,"20,25",,iFood,Cartão Débito,"7,89",Cancelado
15/07/2025,PED-2783,,Empada de Frango,Salgados,4,"13,08",,Encomenda,PIX,,Cancelado
15/07/2025,PED-2783,,Bolo de Chocolate,Bolos,1,"10,05",,iFood,Cartão Crédito,"4,36",Concluído
16/07/2025,PED-2784,,Brigadeiro Gourmet,Doces,1,"24,99",,iFood,Cartão Débito,,Cancelado
16/07/2025,PED-2784,,Bolo de Chocolate,Bolos,2,"26,24",,Balcão,Dinheiro,,Cancelado
16/07/2025,PED-2784,,Coxinha,Salgados,5,"6,12",,iFood,Dinheiro,"2,74",Concluído
16/07/2025,PED-2785,,Coxinha,Salgados,2,"27,66",,WhatsApp,Cartão Crédito,"12,37",Concluído
16/07/2025,PED-2785,,Torta Holandesa,Tortas,4,"20,20",,WhatsApp,PIX,"9,63",Concluído
16/07/2025,PED-2785,,Pão de Queijo,Salgados,1,"23,27","1,47",Balcão,Cartão Crédito,"11,13",Concluído
16/07/2025,PED-2786,,Bolo de Cenoura,Bolos,1,"28,47","2,33",Balcão,Cartão Débito,,Concluído
16/07/2025,PED-2786,,Torta Holandesa,Tortas,1,"14,02",,WhatsApp,Cartão Débito,"6,24",Concluído
16/07/2025,PED-2787,,Coxinha,Salgados,1,"30,50","2,98",Encomenda,PIX,"14,93",Concluído
16/07/2025,PED-2787,,Torta Holandesa,Tortas,1,"21,96",,Balcão,Cartão Débito,,Concluído
16/07/2025,PED-2788,,Bolo de Chocolate,Bolos,1,"10,89",,Encomenda,Cartão Débito,,Concluído
16/07/2025,PED-2788,,Coxinha,Salgados,4,"17,22",,WhatsApp,PIX,,Concluído
16/07/2025,PED-2789,,Bolo de Chocolate,Bolos,5,"10,50",,Encomenda,Cartão Crédito,"5,02",Cancelado
16/07/2025,PED-2789,,Trufa de Morango,Doces,1,"31,03",,WhatsApp,Dinheiro,,Cancelado
16/07/2025,PED-2789,,Trufa de Maracujá,Doces,4,"19,15",,iFood,Cartão Débito,,Concluído
16/07/2025,PED-2790,,Pão de Queijo,Salgados,4,"29,75",,Encomenda,Dinheiro,"11,51",Concluído
17/07/2025,PED-2791,,Bolo de Chocolate,Bolos,1,"15,66",,iFood,Cartão Débito,,Concluído
17/07/2025,PED-2791,,Trufa de Maracujá,Doces,3,"24,83",,Encomenda,Cartão Débito,"11,07",Cancelado
17/07/2025,PED-2792,,Bolo de Chocolate,Bolos,2,"7,93",,Balcão,Cartão Débito,,Concluído
17/07/2025,PED-2792,,Torta Holandesa,Tortas,5,"19,29","0,63",Balcão,Dinheiro,,Concluído
17/07/2025,PED-2793,,Trufa de Morango,Doces,3,"26,26",,Balcão,Dinheiro,"12,54",Concluído
17/07/2025,PED-2793,,Trufa de Maracujá,Doces,4,"34,21",,WhatsApp,Cartão Débito,"13,42",Cancelado
17/07/2025,PED-2793,,Brigadeiro Gourmet,Doces,3,"23,05",,WhatsApp,Cartão Débito,"8,21",Concluído
17/07/2025,PED-2794,,Bolo Red Velvet,Bolos,1,"7,47",,iFood,Dinheiro,"3,28",Concluído
17/07/2025,PED-2794,,Trufa de Maracujá,Doces,1,"25,77",,Encomenda,Cartão Débito,,Concluído
17/07/2025,PED-2794,,Coxinha,Salgados,3,"32,90",,Balcão,Cartão Débito,"12,04",Concluído
17/07/2025,PED-2794,,Trufa de Morango,Doces,3,"9,45",,Balcão,Cartão Crédito,"4,41",Concluído
17/07/2025,PED-2795,,Torta de Limão,Tortas,3,"22,72","1,73",Encomenda,PIX,,Concluído
17/07/2025,PED-2796,,Torta Holandesa,Tortas,2,"14,36",,Encomenda,Dinheiro,"5,62",Concluído
17/07/2025,PED-2797,,Brigadeiro Gourmet,Doces,5,"21,92",,iFood,Cartão Débito,"9,17",Cancelado
17/07/2025,PED-2797,,Trufa de Morango,Doces,2,"29,86",,WhatsApp,PIX,"12,92",Cancelado
17/07/2025,PED-2797,,Bolo de Cenoura,Bolos,1,"7,75",,WhatsApp,Cartão Débito,,Concluído
18/07/2025,PED-2798,,Pão de Queijo,Salgados,3,"34,36",,iFood,Cartão Débito,,Cancelado
18/07/2025,PED-2798,,Coxinha,Salgados,3,"28,56",,iFood,Cartão Débito,"10,33",Concluído
18/07/2025,PED-2799,,Pão de Queijo,Salgados,3,"31,39","1,93",Encomenda,PIX,"13,46",Concluído
18/07/2025,PED-2799,,Bolo Red Velvet,Bolos,4,"21,27",,Encomenda,PIX,,Concluído
18/07/2025,PED-2800,,Trufa de Maracujá,Doces,3,"15,16",,Encomenda,Dinheiro,"6,25",Concluído
18/07/2025,PED-2801,,Empada de Frango,Salgados,3,"23,28","1,63",Encomenda,Cartão Crédito,,Concluído
18/07/2025,PED-2801,,Pão de Queijo,Salgados,5,"7,34",,iFood,PIX,,Concluído
18/07/2025,PED-2802,,Bolo Red Velvet,Bolos,5,"31,94",,Encomenda,Dinheiro,"15,10",Cancelado
18/07/2025,PED-2802,,Trufa de Maracujá,Doces,4,"19,54","2,42",iFood,Cartão Crédito,"6,31",Concluído
18/07/2025,PED-2802,,Pão de Queijo,Salgados,4,"29,21",,iFood,Cartão Crédito,,Concluído
18/07/2025,PED-2803,,Bolo de Cenoura,Bolos,4,"23,44",,Balcão,Dinheiro,"8,74",Concluído
18/07/2025,PED-2803,,Brigadeiro Gourmet,Doces,3,"20,09",,iFood,Cartão Crédito,"9,36",Concluído
18/07/2025,PED-2803,,Bolo de Chocolate,Bolos,3,"10,41",,iFood,Cartão Débito,"5,10",Concluído
18/07/2025,PED-2803,,Trufa de Maracujá,Doces,3,"18,78","2,31",Encomenda,PIX,"8,76",Concluído
18/07/2025,PED-2804,,Torta Holandesa,Tortas,3,"5,13",,Balcão,Cartão Crédito,,Concluído
18/07/2025,PED-2804,,Brigadeiro Gourmet,Doces,4,"24,26",,Encomenda,Dinheiro,"10,05",Cancelado
18/07/2025,PED-2804,,Bolo Red Velvet,Bolos,3,"28,80",,Encomenda,Cartão Crédito,,Concluído
18/07/2025,PED-2805,,Trufa de Morango,Doces,5,"29,99",,Encomenda,Cartão Débito,,Concluído
18/07/2025,PED-2805,,Torta Holandesa,Tortas,2,"27,15",,Balcão,Cartão Crédito,"10,10",Cancelado
18/07/2025,PED-2806,,Bolo de Cenoura,Bolos,4,"24,58","2,72",iFood,PIX,,Concluído
18/07/2025,PED-2806,,Trufa de Morango,Doces,1,"25,11",,Balcão,Cartão Crédito,"7,85",Concluído
18/07/2025,PED-2806,,Trufa de Maracujá,Doces,4,"32,86",,Encomenda,PIX,"15,35",Concluído
18/07/2025,PED-2806,,Brigadeiro,Doces,2,"29,87",,iFood,Cartão Crédito,"12,58",Cancelado
18/07/2025,PED-2807,,Empada de Frango,Salgados,2,"10,81","0,63",Balcão,Dinheiro,,Concluído
18/07/2025,PED-2807,,Bolo de Chocolate,Bolos,3,"13,83",,Encomenda,Cartão Débito,"6,76",Concluído
18/07/2025,PED-2807,,Coxinha,Salgados,4,"12,28",,iFood,Cartão Débito,,Concluído
18/07/2025,PED-2807,,Torta Holandesa,Tortas,1,"27,61","0,73",iFood,Dinheiro,,Concluído
18/07/2025,PED-2808,,Pão de Queijo,Salgados,3,"22,22",,WhatsApp,Cartão Crédito,"7,14",Cancelado
18/07/2025,PED-2808,,Brigadeiro Gourmet,Doces,3,"8,86",,Balcão,PIX,"2,82",Concluído
18/07/2025,PED-2809,,Brigadeiro,Doces,3,"7,43","2,04",Encomenda,Cartão Débito,,Concluído
18/07/2025,PED-2809,,Pão de Queijo,Salgados,5,"13,88",,WhatsApp,Cartão Crédito,,Concluído
18/07/2025,PED-2810,,Bolo Red Velvet,Bolos,4,"17,28","1,12",WhatsApp,Cartão Débito,,Cancelado
18/07/2025,PED-2810,,Empada de Frango,Salgados,3,"30,80",,WhatsApp,Cartão Crédito,"15,28",Concluído
18/07/2025,PED-2810,,Torta de Limão,Tortas,1,"10,59",,Encomenda,PIX,,Concluído
18/07/2025,PED-2811,,Trufa de Maracujá,Doces,2,"19,43","0,90",iFood,Cartão Débito,"8,18",Cancelado
18/07/2025,PED-2812,,Torta Holandesa,Tortas,4,"10,88","2,94",Encomenda,PIX,,Cancelado
18/07/2025,PED-2812,,Coxinha,Salgados,5,"32,27",,Balcão,PIX,,Cancelado
19/07/2025,PED-2813,,Coxinha,Salgados,5,"20,71",,WhatsApp,Cartão Crédito,"8,04",Cancelado
19/07/2025,PED-2813,,Brigadeiro Gourmet,Doces,3,"20,60",,WhatsApp,Dinheiro,"7,48",Cancelado
19/07/2025,PED-2813,,Torta Holandesa,Tortas,2,"7,05",,Balcão,Cartão Crédito,"2,22",Concluído
19/07/2025,PED-2813,,Empada de Frango,Salgados,1,"28,21",,Encomenda,Dinheiro,"12,34",Concluído
19/07/2025,PED-2814,,Trufa de Maracujá,Doces,5,"16,92",,iFood,Dinheiro,,Concluído
19/07/2025,PED-2814,,Coxinha,Salgados,2,"28,85",,Balcão,Dinheiro,,Concluído
19/07/2025,PED-2814,,Empada de Frango,Salgados,3,"34,46",,WhatsApp,Dinheiro,"13,39",Concluído
19/07/2025,PED-2814,,Bolo de Cenoura,Bolos,1,"24,54",,Balcão,Cartão Crédito,,Concluído
19/07/2025,PED-2815,,Bolo de Cenoura,Bolos,4,"19,72",,WhatsApp,Dinheiro,,Concluído
19/07/2025,PED-2815,,Coxinha,Salgados,4,"9,24","1,04",Encomenda,Dinheiro,"4,31",Concluído
19/07/2025,PED-2816,,Bolo de Cenoura,Bolos,3,"32,05",,WhatsApp,PIX,"10,10",Concluído
19/07/2025,PED-2817,,Bolo de Chocolate,Bolos,1,"22,03","1,03",Encomenda,Cartão Crédito,"10,33",Concluído
19/07/2025,PED-2818,,Torta de Limão,Tortas,3,"8,48",,iFood,Cartão Crédito,"2,61",Concluído
19/07/2025,PED-2818,,Trufa de Maracujá,Doces,5,"7,62",,Balcão,Cartão Débito,,Concluído
19/07/2025,PED-2819,,Bolo de Cenoura,Bolos,2,"17,93",,iFood,Cartão Crédito,,Concluído
19/07/2025,PED-2820,,Coxinha,Salgados,2,"29,59",,Encomenda,Cartão Crédito,,Cancelado
19/07/2025,PED-2820,,Trufa de Morango,Doces,4,"22,90",,iFood,Cartão Crédito,"9,17",Concluído
19/07/2025,PED-2821,,Coxinha,Salgados,2,"16,19",,Balcão,Cartão Crédito,"5,70",Cancelado
19/07/2025,PED-2821,,Trufa de Maracujá,Doces,5,"15,79",,Encomenda,Cartão Débito,,Concluído
19/07/2025,PED-2821,,Bolo de Chocolate,Bolos,5,"9,33","0,90",Balcão,Dinheiro,,Concluído
19/07/2025,PED-2822,,Trufa de Morango,Doces,3,"7,27",,Encomenda,Cartão Débito,,Concluído
19/07/2025,PED-2823,,Bolo de Chocolate,Bolos,5,"25,14",,iFood,Cartão Débito,,Concluído
19/07/2025,PED-2823,,Empada de Frango,Salgados,3,"8,74",,iFood,PIX,,Concluído
19/07/2025,PED-2823,,Bolo Red Velvet,Bolos,1,"25,22",,Balcão,Dinheiro,,Concluído
19/07/2025,PED-2823,,Trufa de Morango,Doces,2,"10,07","1,62",WhatsApp,Cartão Crédito,,Cancelado
19/07/2025,PED-2824,,Pão de Queijo,Salgados,2,"17,01",,Balcão,Cartão Débito,"7,01",Concluído
19/07/2025,PED-2824,,Coxinha,Salgados,4,"5,22","2,99",Balcão,Cartão Crédito,,Concluído
19/07/2025,PED-2824,,Bolo de Chocolate,Bolos,4,"6,80",,WhatsApp,Cartão Crédito,,Concluído
19/07/2025,PED-2825,,Bolo Red Velvet,Bolos,4,"21,03",,iFood,Cartão Débito,,Concluído
19/07/2025,PED-2825,,Torta de Limão,Tortas,1,"23,80",,Balcão,Dinheiro,"9,49",Concluído
19/07/2025,PED-2825,,Brigadeiro,Doces,1,"19,24",,Encomenda,Cartão Débito,"7,49",Concluído
19/07/2025,PED-2825,,Coxinha,Salgados,3,"25,76",,Encomenda,Cartão Crédito,"9,97",Concluído
19/07/2025,PED-2826,,Trufa de Morango,Doces,4,"22,52",,WhatsApp,PIX,,Cancelado
19/07/2025,PED-2827,,Brigadeiro Gourmet,Doces,3,"9,80",,WhatsApp,Dinheiro,,Concluído
19/07/2025,PED-2827,,Pão de Queijo,Salgados,4,"11,48",,Encomenda,PIX,,Concluído
19/07/2025,PED-2828,,Coxinha,Salgados,5,"32,76",,Balcão,Cartão Débito,,Cancelado
19/07/2025,PED-2828,,Brigadeiro Gourmet,Doces,3,"28,92",,Encomenda,Dinheiro,,Concluído
19/07/2025,PED-2828,,Bolo de Chocolate,Bolos,2,"12,22","1,37",Balcão,PIX,,Concluído
19/07/2025,PED-2828,,Empada de Frango,Salgados,1,"8,93",,Balcão,Dinheiro,"3,55",Concluído
19/07/2025,PED-2829,,Torta Holandesa,Tortas,4,"31,77",,iFood,Cartão Débito,"10,97",Cancelado
19/07/2025,PED-2829,,Bolo de Chocolate,Bolos,5,"19,40",,Encomenda,Dinheiro,"7,51",Concluído
19/07/2025,PED-2830,,Bolo Red Velvet,Bolos,4,"27,18",,WhatsApp,Cartão Débito,"13,51",Concluído
19/07/2025,PED-2830,,Pão de Queijo,Salgados,5,"20,38",,Balcão,PIX,,Concluído
19/07/2025,PED-2830,,Trufa de Morango,Doces,3,"18,36",,Balcão,Cartão Crédito,,Cancelado
19/07/2025,PED-2830,,Trufa de Maracujá,Doces,1,"15,98","2,06",WhatsApp,Cartão Crédito,"7,77",Concluído
20/07/2025,PED-2831,,Bolo de Cenoura,Bolos,1,"31,20","1,61",iFood,PIX,"11,18",Cancelado
20/07/2025,PED-2831,,Bolo de Chocolate,Bolos,1,"14,47",,iFood,Cartão Crédito,"4,52",Concluído
20/07/2025,PED-2831,,Torta de Limão,Tortas,5,"34,03","2,05",Encomenda,Cartão Débito,,Cancelado
20/07/2025,PED-2832,,Coxinha,Salgados,1,"30,55",,Balcão,Cartão Débito,"12,89",Cancelado
20/07/2025,PED-2832,,Trufa de Maracujá,Doces,1,"14,93","1,17",Balcão,PIX,"5,93",Concluído
20/07/2025,PED-2833,,Brigadeiro Gourmet,Doces,1,"5,17",,Balcão,Cartão Débito,,Concluído
20/07/2025,PED-2833,,Trufa de Maracujá,Doces,3,"18,45",,Balcão,Cartão Débito,,Concluído
20/07/2025,PED-2833,,Bolo de Cenoura,Bolos,3,"24,85","0,56",iFood,Dinheiro,"8,27",Concluído
20/07/2025,PED-2833,,Brigadeiro,Doces,3,"11,70",,WhatsApp,Cartão Débito,"4,37",Concluído
20/07/2025,PED-2834,,Trufa de Maracujá,Doces,3,"12,72",,Encomenda,Cartão Crédito,"4,04",Concluído
20/07/2025,PED-2834,,Bolo de Chocolate,Bolos,3,"5,55",,Balcão,Cartão Débito,,Concluído
20/07/2025,PED-2834,,Bolo de Cenoura,Bolos,1,"26,00",,Balcão,PIX,,Concluído
20/07/2025,PED-2835,,Coxinha,Salgados,1,"15,57",,iFood,Dinheiro,,Concluído
20/07/2025,PED-2836,,Pão de Queijo,Salgados,4,"11,30",,Encomenda,Cartão Débito,,Concluído
20/07/2025,PED-2836,,Torta Holandesa,Tortas,5,"14,26",,iFood,PIX,"6,94",Concluído
20/07/2025,PED-2836,,Brigadeiro,Doces,1,"29,68",,Balcão,Cartão Crédito,"10,08",Concluído
20/07/2025,PED-2836,,Torta de Limão,Tortas,3,"11,09",,iFood,Dinheiro,"3,78",Concluído
20/07/2025,PED-2837,,Empada de Frango,Salgados,4,"14,08",,Encomenda,Cartão Débito,,Concluído
20/07/2025,PED-2837,,Bolo de Cenoura,Bolos,3,"22,51",,iFood,Cartão Débito,"8,13",Concluído
20/07/2025,PED-2837,,Pão de Queijo,Salgados,5,"22,23",,iFood,Dinheiro,"10,02",Concluído
20/07/2025,PED-2838,,Torta Holandesa,Tortas,5,"23,33","1,90",WhatsApp,PIX,,Concluído
20/07/2025,PED-2838,,Brigadeiro,Doces,2,"10,27",,WhatsApp,PIX,"4,77",Cancelado
20/07/2025,PED-2838,,Bolo de Cenoura,Bolos,2,"26,51","0,76",Balcão,PIX,"8,72",Concluído
20/07/2025,PED-2838,,Empada de Frango,Salgados,3,"5,66",,WhatsApp,Cartão Crédito,,Concluído
20/07/2025,PED-2839,,Empada de Frango,Salgados,2,"25,46",,Encomenda,Cartão Débito,,Concluído
20/07/2025,PED-2839,,Brigadeiro Gourmet,Doces,5,"25,73","1,57",iFood,PIX,"10,30",Concluído
20/07/2025,PED-2839,,Coxinha,Salgados,5,"12,92",,Balcão,Cartão Crédito,"6,15",Concluído
20/07/2025,PED-2839,,Bolo de Chocolate,Bolos,5,"8,82",,Encomenda,Cartão Débito,"3,52",Concluído
20/07/2025,PED-2840,,Bolo Red Velvet,Bolos,4,"32,04",,WhatsApp,Dinheiro,"12,99",Concluído
20/07/2025,PED-2840,,Bolo de Cenoura,Bolos,5,"27,30",,Encomenda,Dinheiro,"12,42",Concluído
20/07/2025,PED-2840,,Bolo de Chocolate,Bolos,5,"24,92",,WhatsApp,Cartão Débito,,Concluído
20/07/2025,PED-2840,,Empada de Frango,Salgados,3,"27,29",,Balcão,Cartão Crédito,"8,31",Cancelado
20/07/2025,PED-2841,,Bolo Red Velvet,Bolos,1,"16,69","2,20",Encomenda,Dinheiro,,Concluído
20/07/2025,PED-2841,,Torta de Limão,Tortas,1,"10,05",,Balcão,Cartão Débito,"3,54",Concluído
21/07/2025,PED-2842,,Empada de Frango,Salgados,2,"26,87",,Encomenda,Cartão Crédito,"12,33",Concluído
21/07/2025,PED-2842,,Pão de Queijo,Salgados,1,"20,84",,Balcão,Cartão Crédito,"9,04",Concluído
21/07/2025,PED-2842,,Bolo de Chocolate,Bolos,4,"34,78",,Encomenda,Cartão Débito,"14,88",Concluído
21/07/2025,PED-2842,,Brigadeiro Gourmet,Doces,1,"31,22","1,85",Balcão,PIX,,Concluído
21/07/2025,PED-2843,,Torta de Limão,Tortas,2,"33,91",,Encomenda,Dinheiro,"15,15",Concluído
21/07/2025,PED-2843,,Trufa de Maracujá,Doces,3,"8,28",,Balcão,PIX,"4,05",Concluído
21/07/2025,PED-2844,,Torta Holandesa,Tortas,2,"16,62",,iFood,Cartão Crédito,,Concluído
21/07/2025,PED-2844,,Bolo de Cenoura,Bolos,4,"16,06",,iFood,PIX,,Concluído
21/07/2025,PED-2845,,Coxinha,Salgados,2,"27,30",,Balcão,Cartão Débito,,Cancelado
21/07/2025,PED-2846,,Trufa de Morango,Doces,3,"26,62",,Encomenda,Cartão Débito,,Concluído
21/07/2025,PED-2846,,Torta Holandesa,Tortas,1,"15,36",,Encomenda,Cartão Crédito,"5,98",Concluído
21/07/2025,PED-2846,,Bolo Red Velvet,Bolos,5,"9,78","2,07",Encomenda,Cartão Débito,"3,55",Concluído
21/07/2025,PED-2846,,Bolo de Chocolate,Bolos,3,"17,94",,Encomenda,Cartão Crédito,"6,58",Concluído
21/07/2025,PED-2847,,Pão de Queijo,Salgados,5,"28,45","0,64",Encomenda,Cartão Crédito,"14,12",Cancelado
21/07/2025,PED-2847,,Bolo Red Velvet,Bolos,1,"16,11",,iFood,Dinheiro,"8,01",Concluído
21/07/2025,PED-2848,,Coxinha,Salgados,4,"27,81",,WhatsApp,PIX,,Cancelado
21/07/2025,PED-2848,,Brigadeiro,Doces,5,"32,29","1,84",iFood,Cartão Crédito,"11,99",Cancelado
22/07/2025,PED-2849,,Trufa de Morango,Doces,4,"19,76","1,45",iFood,PIX,"8,11",Concluído
22/07/2025,PED-2849,,Bolo de Cenoura,Bolos,1,"31,69",,WhatsApp,Cartão Crédito,,Concluído
22/07/2025,PED-2849,,Bolo de Chocolate,Bolos,2,"24,70",,Balcão,Dinheiro,"9,38",Concluído
22/07/2025,PED-2849,,Brigadeiro,Doces,4,"22,52",,Balcão,Cartão Crédito,,Concluído
22/07/2025,PED-2850,,Pão de Queijo,Salgados,1,"8,42",,iFood,Cartão Débito,"3,12",Concluído
22/07/2025,PED-2850,,Bolo de Chocolate,Bolos,2,"17,73",,iFood,Cartão Crédito,"8,45",Concluído
22/07/2025,PED-2850,,Torta Holandesa,Tortas,4,"31,80",,WhatsApp,Dinheiro,,Concluído
22/07/2025,PED-2851,,Torta Holandesa,Tortas,5,"18,92","1,96",WhatsApp,Dinheiro,,Concluído
22/07/2025,PED-2851,,Bolo Red Velvet,Bolos,2,"13,12","0,77",iFood,Cartão Crédito,,Cancelado
22/07/2025,PED-2852,,Bolo de Chocolate,Bolos,1,"23,32","2,10",Balcão,Dinheiro,,Concluído
22/07/2025,PED-2853,,Brigadeiro,Doces,3,"32,40",,Encomenda,Cartão Débito,"15,87",Concluído
22/07/2025,PED-2854,,Coxinha,Salgados,2,"15,53",,Encomenda,Cartão Débito,,Concluído
22/07/2025,PED-2854,,Trufa de Morango,Doces,3,"22,65",,iFood,Cartão Crédito,,Concluído
22/07/2025,PED-2855,,Bolo de Cenoura,Bolos,2,"5,60",,iFood,PIX,,Cancelado
22/07/2025,PED-2855,,Torta Holandesa,Tortas,4,"27,01",,Encomenda,Cartão Débito,"12,96",Cancelado
22/07/2025,PED-2855,,Trufa de Morango,Doces,1,"12,67",,iFood,PIX,,Cancelado
22/07/2025,PED-2856,,Brigadeiro,Doces,4,"9,05",,Balcão,PIX,,Concluído
22/07/2025,PED-2856,,Bolo de Chocolate,Bolos,4,"29,70",,WhatsApp,PIX,"13,51",Concluído
22/07/2025,PED-2857,,Trufa de Maracujá,Doces,4,"26,51","2,92",iFood,Dinheiro,,Concluído
22/07/2025,PED-2857,,Torta de Limão,Tortas,4,"24,35",,Encomenda,Cartão Débito,,Cancelado
22/07/2025,PED-2857,,Coxinha,Salgados,2,"24,69",,iFood,Dinheiro,,Cancelado
22/07/2025,PED-2858,,Trufa de Morango,Doces,1,"23,45",,iFood,Cartão Débito,"9,10",Concluído
22/07/2025,PED-2859,,Pão de Queijo,Salgados,1,"15,14",,WhatsApp,Cartão Crédito,"4,93",Concluído
22/07/2025,PED-2859,,Torta Holandesa,Tortas,3,"25,72","2,95",Balcão,PIX,,Concluído
22/07/2025,PED-2860,,Bolo de Chocolate,Bolos,3,"19,02",,iFood,PIX,"8,93",Concluído
22/07/2025,PED-2861,,Trufa de Morango,Doces,2,"31,65",,iFood,Dinheiro,"15,31",Concluído
22/07/2025,PED-2861,,Trufa de Maracujá,Doces,1,"33,33",,Balcão,PIX,"14,34",Cancelado
22/07/2025,PED-2861,,Bolo de Cenoura,Bolos,5,"18,46",,iFood,Cartão Débito,"8,98",Cancelado
22/07/2025,PED-2862,,Torta Holandesa,Tortas,2,"24,35",,Balcão,Dinheiro,"8,10",Concluído
23/07/2025,PED-2863,,Bolo de Cenoura,Bolos,1,"25,92",,WhatsApp,Cartão Crédito,"10,34",Concluído
23/07/2025,PED-2863,,Torta de Limão,Tortas,4,"7,12",,Encomenda,Dinheiro,,Cancelado
23/07/2025,PED-2864,,Torta de Limão,Tortas,4,"10,33",,iFood,PIX,"3,93",Concluído
23/07/2025,PED-2864,,Bolo de Chocolate,Bolos,3,"22,50",,Balcão,Cartão Débito,"10,21",Concluído
23/07/2025,PED-2864,,Trufa de Morango,Doces,4,"6,64",,Encomenda,Cartão Crédito,"3,21",Concluído
23/07/2025,PED-2865,,Torta Holandesa,Tortas,5,"12,81","2,00",WhatsApp,Cartão Crédito,,Cancelado
23/07/2025,PED-2865,,Torta de Limão,Tortas,5,"9,45",,WhatsApp,Cartão Débito,"3,03",Concluído
23/07/2025,PED-2866,,Empada de Frango,Salgados,2,"21,37",,iFood,Dinheiro,"9,84",Concluído
23/07/2025,PED-2866,,Bolo Red Velvet,Bolos,5,"29,71",,Encomenda,Dinheiro,"10,60",Concluído
23/07/2025,PED-2867,,Torta Holandesa,Tortas,1,"13,38","2,99",Balcão,PIX,"6,08",Concluído
23/07/2025,PED-2867,,Brigadeiro,Doces,3,"25,27","2,79",Encomenda,Dinheiro,,Concluído
23/07/2025,PED-2867,,Torta de Limão,Tortas,3,"20,54",,Balcão,Dinheiro,"9,45",Concluído
23/07/2025,PED-2868,,Empada de Frango,Salgados,4,"26,37",,iFood,PIX,"11,26",Cancelado
23/07/2025,PED-2868,,Trufa de Morango,Doces,1,"31,69","2,73",Balcão,Cartão Débito,"13,39",Concluído
23/07/2025,PED-2868,,Brigadeiro Gourmet,Doces,4,"25,31",,WhatsApp,Cartão Crédito,"10,40",Concluído
23/07/2025,PED-2868,,Trufa de Maracujá,Doces,4,"32,66",,Encomenda,Cartão Débito,"15,74",Concluído
23/07/2025,PED-2869,,Bolo de Cenoura,Bolos,2,"19,25",,WhatsApp,Cartão Crédito,,Concluído
23/07/2025,PED-2870,,Coxinha,Salgados,4,"18,31",,iFood,Cartão Débito,,Concluído
23/07/2025,PED-2871,,Bolo de Cenoura,Bolos,3,"20,38","1,30",WhatsApp,Cartão Débito,"7,18",Concluído
23/07/2025,PED-2871,,Pão de Queijo,Salgados,2,"28,53","2,46",iFood,Cartão Crédito,"12,35",Concluído
23/07/2025,PED-2871,,Torta de Limão,Tortas,4,"32,26",,iFood,Dinheiro,"12,54",Cancelado
24/07/2025,PED-2872,,Bolo de Chocolate,Bolos,1,"12,84","2,17",Encomenda,Cartão Débito,"6,41",Cancelado
24/07/2025,PED-2873,,Brigadeiro Gourmet,Doces,3,"16,37","1,56",Balcão,Cartão Crédito,,Concluído
24/07/2025,PED-2874,,Torta de Limão,Tortas,3,"34,48",,Balcão,Dinheiro,"17,20",Concluído
24/07/2025,PED-2874,,Trufa de Morango,Doces,3,"21,06","1,37",iFood,Cartão Crédito,"7,59",Concluído
24/07/2025,PED-2874,,Bolo de Chocolate,Bolos,4,"19,85",,Encomenda,Cartão Crédito,,Concluído
24/07/2025,PED-2874,,Bolo de Cenoura,Bolos,1,"8,42",,Balcão,PIX,"3,07",Concluído
24/07/2025,PED-2875,,Bolo de Chocolate,Bolos,4,"17,16",,Balcão,Cartão Crédito,"7,56",Concluído
24/07/2025,PED-2875,,Pão de Queijo,Salgados,3,"20,36","1,06",Balcão,Cartão Débito,"9,50",Concluído
24/07/2025,PED-2876,,Bolo Red Velvet,Bolos,4,"5,00",,Encomenda,PIX,,Cancelado
24/07/2025,PED-2876,,Empada de Frango,Salgados,1,"13,29","2,89",Encomenda,Dinheiro,"6,29",Concluído
24/07/2025,PED-2876,,Pão de Queijo,Salgados,4,"22,68","0,81",WhatsApp,Cartão Crédito,,Concluído
25/07/2025,PED-2877,,Brigadeiro Gourmet,Doces,1,"9,85","1,67",WhatsApp,Dinheiro,"3,80",Cancelado
25/07/2025,PED-2878,,Trufa de Morango,Doces,5,"28,25",,Encomenda,Dinheiro,"10,00",Concluído
25/07/2025,PED-2878,,Coxinha,Salgados,5,"11,12",,Encomenda,Cartão Débito,"4,82",Concluído
25/07/2025,PED-2878,,Bolo de Chocolate,Bolos,5,"23,52",,iFood,Cartão Crédito,"8,07",Cancelado
25/07/2025,PED-2879,,Empada de Frango,Salgados,3,"23,30",,WhatsApp,Dinheiro,,Concluído
25/07/2025,PED-2879,,Torta de Limão,Tortas,4,"28,34",,iFood,Dinheiro,"13,11",Concluído
25/07/2025,PED-2879,,Trufa de Morango,Doces,2,"12,96","1,48",Balcão,Dinheiro,,Concluído
25/07/2025,PED-2879,,Bolo Red Velvet,Bolos,4,"20,64",,WhatsApp,Cartão Débito,"8,40",Concluído
26/07/2025,PED-2880,,Torta de Limão,Tortas,4,"14,82","0,70",Balcão,Cartão Débito,,Concluído
26/07/2025,PED-2881,,Torta de Limão,Tortas,5,"20,30",,WhatsApp,Dinheiro,"8,27",Cancelado
26/07/2025,PED-2881,,Bolo de Cenoura,Bolos,3,"7,56",,Encomenda,Dinheiro,,Concluído
26/07/2025,PED-2882,,Coxinha,Salgados,4,"17,44",,iFood,Dinheiro,"6,14",Concluído
26/07/2025,PED-2882,,Pão de Queijo,Salgados,5,"9,02",,WhatsApp,Cartão Crédito,,Cancelado
26/07/2025,PED-2882,,Bolo de Chocolate,Bolos,1,"28,12",,WhatsApp,Cartão Crédito,,Cancelado
26/07/2025,PED-2883,,Bolo de Chocolate,Bolos,5,"30,54","2,66",Balcão,Cartão Crédito,,Cancelado
26/07/2025,PED-2884,,Brigadeiro Gourmet,Doces,1,"17,62","1,59",Encomenda,Dinheiro,,Concluído
26/07/2025,PED-2885,,Coxinha,Salgados,1,"11,68","1,54",iFood,Cartão Débito,"5,76",Cancelado
26/07/2025,PED-2885,,Torta de Limão,Tortas,3,"11,29",,Encomenda,Cartão Débito,"4,84",Concluído
26/07/2025,PED-2885,,Bolo Red Velvet,Bolos,3,"12,23",,iFood,Dinheiro,"4,15",Cancelado
26/07/2025,PED-2885,,Brigadeiro Gourmet,Doces,1,"21,94",,WhatsApp,PIX,"9,25",Concluído
26/07/2025,PED-2886,,Torta de Limão,Tortas,1,"15,81",,WhatsApp,PIX,"7,40",Concluído
26/07/2025,PED-2886,,Coxinha,Salgados,5,"8,08",,Encomenda,PIX,"2,64",Concluído
26/07/2025,PED-2886,,Trufa de Morango,Doces,5,"15,74",,Encomenda,Cartão Crédito,,Concluído
26/07/2025,PED-2887,,Empada de Frango,Salgados,5,"18,40",,iFood,Cartão Débito,"6,15",Concluído
26/07/2025,PED-2888,,Torta Holandesa,Tortas,5,"15,48",,Balcão,Dinheiro,"6,26",Concluído
26/07/2025,PED-2888,,Brigadeiro Gourmet,Doces,3,"17,83","1,72",Balcão,Cartão Débito,,Concluído
26/07/2025,PED-2889,,Pão de Queijo,Salgados,3,"19,84",,Encomenda,Cartão Débito,"9,66",Concluído
26/07/2025,PED-2889,,Empada de Frango,Salgados,2,"25,65","2,06",WhatsApp,Cartão Débito,"10,06",Concluído
26/07/2025,PED-2890,,Bolo Red Velvet,Bolos,3,"14,61",,iFood,Cartão Crédito,"4,98",Cancelado
26/07/2025,PED-2890,,Brigadeiro Gourmet,Doces,3,"22,71","2,91",WhatsApp,PIX,"6,84",Concluído
26/07/2025,PED-2891,,Bolo de Chocolate,Bolos,3,"22,21",,Balcão,Cartão Débito,,Cancelado
26/07/2025,PED-2892,,Pão de Queijo,Salgados,4,"6,70",,iFood,Cartão Crédito,"2,26",Concluído
26/07/2025,PED-2892,,Brigadeiro Gourmet,Doces,2,"28,61","2,72",WhatsApp,Cartão Débito,"11,03",Cancelado
26/07/2025,PED-2893,,Torta Holandesa,Tortas,1,"26,44",,WhatsApp,Cartão Crédito,"12,30",Concluído
26/07/2025,PED-2893,,Brigadeiro,Doces,1,"13,30","2,98",iFood,Dinheiro,,Concluído
26/07/2025,PED-2893,,Trufa de Morango,Doces,3,"8,45",,Encomenda,Dinheiro,,Concluído
26/07/2025,PED-2893,,Bolo de Chocolate,Bolos,1,"17,31",,Encomenda,Cartão Crédito,,Concluído
27/07/2025,PED-2894,,Brigadeiro,Doces,5,"23,00","2,00",iFood,PIX,"7,04",Cancelado
27/07/2025,PED-2894,,Coxinha,Salgados,5,"12,54",,WhatsApp,PIX,,Cancelado
27/07/2025,PED-2894,,Bolo de Cenoura,Bolos,3,"20,98",,Encomenda,Cartão Crédito,,Concluído
27/07/2025,PED-2894,,Torta Holandesa,Tortas,3,"16,80",,Encomenda,PIX,,Concluído
27/07/2025,PED-2895,,Bolo de Chocolate,Bolos,2,"31,90",,iFood,Cartão Débito,,Concluído
27/07/2025,PED-2895,,Empada de Frango,Salgados,5,"29,08","2,25",Encomenda,Dinheiro,"11,73",Cancelado
27/07/2025,PED-2896,,Bolo de Chocolate,Bolos,5,"29,78",,WhatsApp,PIX,"14,59",Cancelado
27/07/2025,PED-2896,,Trufa de Morango,Doces,1,"10,77",,Encomenda,Dinheiro,,Concluído
27/07/2025,PED-2896,,Pão de Queijo,Salgados,2,"33,42",,Balcão,Dinheiro,,Concluído
27/07/2025,PED-2896,,Brigadeiro,Doces,2,"22,26",,Encomenda,PIX,"9,34",Concluído
27/07/2025,PED-2897,,Torta de Limão,Tortas,4,"28,80",,WhatsApp,Dinheiro,"9,87",Cancelado
27/07/2025,PED-2898,,Bolo de Chocolate,Bolos,4,"5,14",,WhatsApp,Cartão Crédito,"1,72",Concluído
27/07/2025,PED-2898,,Empada de Frango,Salgados,4,"15,01",,iFood,Cartão Débito,"5,50",Concluído
27/07/2025,PED-2898,,Bolo de Cenoura,Bolos,4,"13,57",,WhatsApp,Cartão Crédito,,Concluído
27/07/2025,PED-2898,,Pão de Queijo,Salgados,4,"25,30",,Balcão,Dinheiro,,Cancelado
27/07/2025,PED-2899,,Brigadeiro Gourmet,Doces,5,"14,54",,Balcão,Cartão Crédito,,Cancelado
27/07/2025,PED-2900,,Trufa de Maracujá,Doces,1,"12,23",,Balcão,Cartão Crédito,"6,01",Concluído
27/07/2025,PED-2900,,Trufa de Morango,Doces,2,"23,95",,WhatsApp,Dinheiro,,Concluído
27/07/2025,PED-2900,,Empada de Frango,Salgados,4,"11,53","1,41",Balcão,PIX,"3,47",Concluído
27/07/2025,PED-2900,,Brigadeiro Gourmet,Doces,2,"9,37","0,68",Balcão,Cartão Débito,"3,65",Concluído
27/07/2025,PED-2901,,Bolo Red Velvet,Bolos,5,"17,89",,iFood,PIX,,Concluído
27/07/2025,PED-2901,,Coxinha,Salgados,2,"21,97",,Encomenda,PIX,"8,10",Concluído
27/07/2025,PED-2902,,Empada de Frango,Salgados,1,"28,20",,Balcão,Dinheiro,"13,72",Concluído
27/07/2025,PED-2903,,Trufa de Maracujá,Doces,4,"14,23",,Balcão,Dinheiro,"5,81",Concluído
27/07/2025,PED-2903,,Bolo de Cenoura,Bolos,4,"32,13",,Balcão,Cartão Débito,"15,10",Concluído
27/07/2025,PED-2904,,Brigadeiro Gourmet,Doces,5,"20,89",,WhatsApp,Cartão Crédito,,Concluído
27/07/2025,PED-2905,,Coxinha,Salgados,3,"6,48",,Balcão,Cartão Crédito,,Concluído
27/07/2025,PED-2905,,Bolo Red Velvet,Bolos,3,"33,25",,iFood,Dinheiro,,Concluído
27/07/2025,PED-2905,,Torta Holandesa,Tortas,2,"21,47",,iFood,Cartão Débito,"6,73",Concluído
27/07/2025,PED-2905,,Torta de Limão,Tortas,4,"9,89",,iFood,Dinheiro,,Concluído
27/07/2025,PED-2906,,Brigadeiro,Doces,2,"14,06","0,57",WhatsApp,Cartão Débito,"4,37",Concluído
27/07/2025,PED-2907,,Brigadeiro Gourmet,Doces,4,"28,22",,WhatsApp,Cartão Crédito,"11,64",Concluído
27/07/2025,PED-2907,,Bolo de Cenoura,Bolos,5,"32,07",,Balcão,Cartão Débito,"10,90",Cancelado
27/07/2025,PED-2907,,Brigadeiro,Doces,1,"5,79",,Encomenda,Cartão Crédito,"1,90",Concluído
27/07/2025,PED-2907,,Trufa de Maracujá,Doces,1,"6,79",,Balcão,Cartão Débito,"2,36",Concluído
27/07/2025,PED-2908,,Bolo de Chocolate,Bolos,3,"28,65",,iFood,Cartão Débito,,Concluído
27/07/2025,PED-2908,,Torta Holandesa,Tortas,2,"16,77",,Balcão,PIX,"7,58",Concluído
27/07/2025,PED-2908,,Brigadeiro,Doces,1,"11,92","0,74",Balcão,Dinheiro,,Concluído
27/07/2025,PED-2909,,Pão de Queijo,Salgados,4,"9,59",,Balcão,PIX,"4,73",Concluído
27/07/2025,PED-2910,,Coxinha,Salgados,4,"16,49","0,74",WhatsApp,Cartão Débito,,Concluído
27/07/2025,PED-2910,,Torta de Limão,Tortas,4,"29,74","1,38",Encomenda,PIX,"13,34",Concluído
27/07/2025,PED-2910,,Trufa de Maracujá,Doces,1,"10,82","1,15",WhatsApp,Cartão Crédito,"3,31",Concluído
27/07/2025,PED-2910,,Bolo de Chocolate,Bolos,3,"14,31","1,74",Balcão,Cartão Débito,,Concluído
28/07/2025,PED-2911,,Bolo de Cenoura,Bolos,3,"17,10",,iFood,Cartão Débito,,Concluído
28/07/2025,PED-2911,,Torta de Limão,Tortas,5,"5,62",,Balcão,Cartão Crédito,"2,39",Cancelado
28/07/2025,PED-2911,,Pão de Queijo,Salgados,3,"19,33",,Encomenda,Cartão Débito,,Concluído
28/07/2025,PED-2911,,Coxinha,Salgados,2,"23,39",,Balcão,Dinheiro,"9,96",Cancelado
28/07/2025,PED-2912,,Brigadeiro Gourmet,Doces,5,"7,32",,iFood,Cartão Crédito,,Concluído
28/07/2025,PED-2912,,Trufa de Maracujá,Doces,2,"11,17",,Balcão,Cartão Crédito,"3,60",Concluído
28/07/2025,PED-2913,,Bolo Red Velvet,Bolos,3,"11,95",,Balcão,PIX,,Concluído
28/07/2025,PED-2913,,Trufa de Maracujá,Doces,4,"8,82",,Balcão,Cartão Débito,,Concluído
28/07/2025,PED-2914,,Coxinha,Salgados,3,"20,15",,Encomenda,Dinheiro,"7,04",Concluído
28/07/2025,PED-2915,,Empada de Frango,Salgados,4,"9,65",,Encomenda,Dinheiro,"4,53",Concluído
28/07/2025,PED-2915,,Bolo Red Velvet,Bolos,2,"27,24","2,55",iFood,Cartão Crédito,,Concluído
28/07/2025,PED-2915,,Torta Holandesa,Tortas,1,"10,59","2,50",Encomenda,Cartão Crédito,"3,76",Concluído
28/07/2025,PED-2916,,Coxinha,Salgados,2,"20,66",,Balcão,Dinheiro,"10,00",Concluído
28/07/2025,PED-2916,,Empada de Frango,Salgados,5,"15,15",,WhatsApp,Cartão Crédito,"7,21",Concluído
28/07/2025,PED-2916,,Trufa de Maracujá,Doces,2,"5,33",,Balcão,Cartão Débito,,Concluído
28/07/2025,PED-2917,,Trufa de Maracujá,Doces,2,"18,66",,Encomenda,Cartão Débito,"9,05",Cancelado
28/07/2025,PED-2917,,Torta de Limão,Tortas,5,"9,82",,Balcão,Cartão Débito,,Concluído
28/07/2025,PED-2918,,Pão de Queijo,Salgados,2,"18,87","0,53",WhatsApp,Dinheiro,"9,01",Concluído
28/07/2025,PED-2918,,Bolo de Chocolate,Bolos,5,"28,02",,Encomenda,Cartão Crédito,"10,82",Concluído
28/07/2025,PED-2919,,Torta Holandesa,Tortas,1,"28,82",,Balcão,Cartão Crédito,"13,51",Concluído
28/07/2025,PED-2919,,Bolo de Cenoura,Bolos,3,"29,65","3,00",iFood,Cartão Débito,"14,29",Concluído
28/07/2025,PED-2920,,Trufa de Morango,Doces,1,"29,21",,Encomenda,Cartão Crédito,"11,41",Concluído
28/07/2025,PED-2921,,Brigadeiro,Doces,4,"20,26","1,76",Encomenda,PIX,,Cancelado
28/07/2025,PED-2921,,Bolo de Cenoura,Bolos,2,"20,44","2,38",WhatsApp,PIX,"9,05",Concluído
28/07/2025,PED-2921,,Trufa de Maracujá,Doces,4,"14,35",,Balcão,Dinheiro,"6,77",Concluído
28/07/2025,PED-2922,,Trufa de Morango,Doces,2,"7,57",,WhatsApp,PIX,"2,94",Cancelado
28/07/2025,PED-2922,,Trufa de Maracujá,Doces,4,"25,76",,Encomenda,Dinheiro,,Concluído
28/07/2025,PED-2922,,Bolo de Cenoura,Bolos,1,"34,53",,iFood,PIX,"10,41",Concluído
28/07/2025,PED-2922,,Brigadeiro Gourmet,Doces,2,"22,52",,WhatsApp,Cartão Crédito,,Concluído
28/07/2025,PED-2923,,Bolo de Cenoura,Bolos,1,"13,92",,iFood,Cartão Crédito,"4,38",Concluído
28/07/2025,PED-2924,,Torta Holandesa,Tortas,1,"10,09",,WhatsApp,Dinheiro,"4,89",Concluído
28/07/2025,PED-2924,,Empada de Frango,Salgados,3,"13,39","1,68",WhatsApp,Cartão Débito,,Concluído
28/07/2025,PED-2924,,Bolo Red Velvet,Bolos,3,"9,95",,Encomenda,Cartão Débito,,Concluído
28/07/2025,PED-2924,,Trufa de Morango,Doces,1,"12,94",,iFood,PIX,,Concluído
28/07/2025,PED-2925,,Brigadeiro,Doces,5,"27,34",,Balcão,Cartão Débito,"9,26",Cancelado
28/07/2025,PED-2925,,Coxinha,Salgados,3,"32,35",,Balcão,Dinheiro,"15,54",Concluído
28/07/2025,PED-2925,,Bolo de Chocolate,Bolos,5,"7,80",,WhatsApp,Cartão Débito,,Concluído
28/07/2025,PED-2925,,Pão de Queijo,Salgados,2,"21,47",,iFood,Cartão Crédito,"8,44",Concluído
29/07/2025,PED-2926,,Trufa de Morango,Doces,3,"8,20",,Balcão,PIX,,Concluído
29/07/2025,PED-2926,,Brigadeiro,Doces,2,"10,47",,iFood,Cartão Débito,"5,22",Concluído
29/07/2025,PED-2927,,Bolo de Chocolate,Bolos,2,"26,48",,Encomenda,Cartão Débito,,Concluído
29/07/2025,PED-2927,,Torta de Limão,Tortas,3,"21,89",,WhatsApp,Cartão Crédito,,Cancelado
29/07/2025,PED-2928,,Brigadeiro,Doces,4,"14,57",,WhatsApp,Cartão Crédito,,Cancelado
29/07/2025,PED-2929,,Empada de Frango,Salgados,3,"8,07",,WhatsApp,Cartão Débito,,Cancelado
29/07/2025,PED-2930,,Bolo de Chocolate,Bolos,2,"8,61","1,51",WhatsApp,PIX,"2,67",Cancelado
29/07/2025,PED-2930,,Bolo Red Velvet,Bolos,1,"17,73","2,83",Encomenda,Cartão Crédito,,Concluído
29/07/2025,PED-2931,,Empada de Frango,Salgados,5,"17,68","0,53",iFood,Dinheiro,"8,53",Concluído
29/07/2025,PED-2931,,Coxinha,Salgados,1,"18,86",,WhatsApp,PIX,"7,68",Concluído
29/07/2025,PED-2932,,Pão de Queijo,Salgados,3,"27,12",,Balcão,PIX,,Concluído
29/07/2025,PED-2932,,Torta de Limão,Tortas,5,"23,35",,iFood,PIX,"8,63",Concluído
29/07/2025,PED-2933,,Brigadeiro,Doces,4,"6,75",,Encomenda,Dinheiro,,Concluído
29/07/2025,PED-2933,,Bolo Red Velvet,Bolos,4,"18,95",,Encomenda,Cartão Crédito,"5,88",Cancelado
29/07/2025,PED-2934,,Bolo de Cenoura,Bolos,5,"32,81","1,21",iFood,Dinheiro,"16,37",Concluído
29/07/2025,PED-2935,,Brigadeiro Gourmet,Doces,4,"17,07",,Encomenda,PIX,"7,03",Concluído
29/07/2025,PED-2936,,Brigadeiro Gourmet,Doces,2,"12,61","2,58",Encomenda,Dinheiro,"6,24",Concluído
29/07/2025,PED-2936,,Empada de Frango,Salgados,2,"14,06","2,54",Encomenda,PIX,"5,36",Cancelado
29/07/2025,PED-2936,,Trufa de Maracujá,Doces,3,"31,63",,Encomenda,Dinheiro,,Concluído
29/07/2025,PED-2936,,Trufa de Morango,Doces,4,"19,73",,iFood,PIX,,Concluído
29/07/2025,PED-2937,,Torta Holandesa,Tortas,4,"20,21",,iFood,Cartão Débito,,Concluído
29/07/2025,PED-2937,,Brigadeiro,Doces,4,"19,03","1,65",iFood,PIX,,Cancelado
29/07/2025,PED-2937,,Torta de Limão,Tortas,3,"16,32",,WhatsApp,Cartão Crédito,"6,64",Concluído
29/07/2025,PED-2937,,Coxinha,Salgados,5,"17,78",,Encomenda,Dinheiro,"7,53",Concluído
29/07/2025,PED-2938,,Brigadeiro Gourmet,Doces,1,"18,28",,Encomenda,Cartão Crédito,,Concluído
29/07/2025,PED-2938,,Torta Holandesa,Tortas,1,"11,36",,Balcão,Cartão Crédito,,Concluído
29/07/2025,PED-2939,,Brigadeiro,Doces,4,"22,94",,Balcão,Cartão Débito,"6,89",Concluído
29/07/2025,PED-2940,,Brigadeiro Gourmet,Doces,5,"30,02",,iFood,Dinheiro,"11,25",Concluído
29/07/2025,PED-2940,,Bolo de Cenoura,Bolos,4,"26,46",,Encomenda,Dinheiro,,Concluído
29/07/2025,PED-2940,,Bolo Red Velvet,Bolos,5,"34,71",,WhatsApp,PIX,,Cancelado
29/07/2025,PED-2940,,Trufa de Morango,Doces,1,"17,45","0,92",iFood,PIX,,Concluído
31/07/2025,PED-2941,,Trufa de Maracujá,Doces,5,"17,34",,Balcão,Dinheiro,,Concluído
31/07/2025,PED-2941,,Torta Holandesa,Tortas,1,"32,42",,iFood,Cartão Débito,"15,37",Concluído
31/07/2025,PED-2941,,Coxinha,Salgados,5,"13,60",,Balcão,Dinheiro,"5,63",Concluído
31/07/2025,PED-2942,,Bolo de Cenoura,Bolos,1,"12,93","1,62",WhatsApp,Cartão Débito,"5,95",Concluído
31/07/2025,PED-2942,,Trufa de Morango,Doces,3,"33,41","1,46",Balcão,Dinheiro,,Concluído
31/07/2025,PED-2942,,Torta Holandesa,Tortas,2,"13,72","2,44",Encomenda,Cartão Débito,,Concluído
31/07/2025,PED-2942,,Trufa de Maracujá,Doces,3,"18,61","1,17",Encomenda,PIX,,Concluído
31/07/2025,PED-2943,,Trufa de Morango,Doces,2,"20,26",,iFood,Cartão Crédito,,Cancelado
31/07/2025,PED-2943,,Bolo de Chocolate,Bolos,4,"21,39",,Balcão,Cartão Crédito,"9,75",Concluído
31/07/2025,PED-2944,,Brigadeiro Gourmet,Doces,3,"9,42",,iFood,Cartão Crédito,"4,67",Concluído
31/07/2025,PED-2945,,Bolo de Cenoura,Bolos,5,"9,95",,Balcão,PIX,,Concluído
31/07/2025,PED-2945,,Bolo Red Velvet,Bolos,5,"31,82",,iFood,Cartão Débito,,Concluído
31/07/2025,PED-2945,,Trufa de Morango,Doces,2,"7,87",,iFood,Cartão Débito,"3,69",Concluído
31/07/2025,PED-2946,,Bolo de Chocolate,Bolos,2,"24,47","1,37",Encomenda,PIX,"11,51",Concluído
31/07/2025,PED-2947,,Trufa de Morango,Doces,2,"31,24","2,90",WhatsApp,Cartão Crédito,"14,76",Concluído
31/07/2025,PED-2948,,Bolo de Cenoura,Bolos,2,"9,05","1,52",Encomenda,Cartão Débito,"4,44",Cancelado
31/07/2025,PED-2948,,Bolo de Chocolate,Bolos,2,"31,88",,WhatsApp,Cartão Débito,,Cancelado
31/07/2025,PED-2948,,Brigadeiro Gourmet,Doces,4,"20,68","1,05",iFood,Cartão Débito,"7,94",Concluído
31/07/2025,PED-2949,,Bolo Red Velvet,Bolos,5,"6,23",,WhatsApp,Cartão Débito,"1,89",Concluído
